Sector,Source,Subsource,Fuel,State,GHG,1990,1991,1992,1993,1994,1995,1996,1997,1998,1999,2000,2001,2002,2003,2004,2005,2006,2007,2008,2009,2010,2011,2012,2013,2014,2015,2016,2017,2018,2019,2020,2021,2022
Energy,Fossil Fuel Combustion,Commercial,Coal,AK,CO2,0.6023114104904562,0.6292885381424493,0.6437285935341637,0.704382480558253,0.6731746416518077,0.6911937031625078,0.6372800509356462,0.6767022269726793,0.6576275379010587,0.7287817617567209,0.7413687056851177,0.6867595464309504,0.629423735295908,0.5739899919711328,0.6627936458742064,0.7013866131491981,0.7679225607243452,0.6286728934467405,0.8070235440182677,0.7651587386307541,0.8063692620561803,0.8924739083417256,0.8712552189029107,0.8479689369218895,0.7842747154254057,0.8096472405241578,0.6553826384030371,0.6784231600419424,0.6613096624286785,0.628781351418786,0.6845827085210725,0.7194075330872183,0
Energy,Fossil Fuel Combustion,Commercial,Coal,AL,CO2,0.19871161579872604,0.032379930905951454,0.16989026196948148,0.07686981827863577,0.02132314688333804,0.014810606690834314,0.0922137370836655,0.1522866263745624,0.018102282786643636,0.05034695361378006,0.12189400090719231,0.02854092802186778,0.007887271435483997,0.005757834157250304,9.495610972409833e-4,0.004062084632138214,0.055267153991524834,0.00179647841412063,0,0,0,0,0,0,0,0,0,0,0,0,0,0,0
Energy,Fossil Fuel Combustion,Commercial,Coal,AR,CO2,3.86035193392377e-4,8.673195778379853e-4,0.004056504265331564,0.0015451219754499654,6.753937926849153e-4,0,0,9.541768569834734e-5,8.873668032668449e-5,9.608197254538178e-5,0,0,9.737372142572835e-5,0,9.495610972409833e-5,0,9.69599192833769e-5,0.0022692358915207956,0,0,0,0,0,0,0,0,0,0,0,0,0,0,0
Energy,Fossil Fuel Combustion,Commercial,Coal,AZ,CO2,1.930175966961885e-4,4.818442099099919e-4,0.006277923267775039,0.0016416920989155883,1.9296965505283294e-4,0.00923258598909152,2.899803052945455e-4,2.8625305709504206e-4,6.211567622867914e-4,9.608197254538178e-5,1.0208877797922305e-4,0.0011500007627858813,0.0012658583785344687,0.0012270794105615406,0.0015192977555855732,0.0023211912183646933,0.0013574388699672767,0.001229169441240431,0,0,0,0,0,0,0,0,0,0,0,0,0,0,0
Energy,Fossil Fuel Combustion,Commercial,Coal,CA,CO2,0.04487659123186383,0.08104619610686063,3.863337395553871e-4,0.2607393333571817,0.3166632039416989,0.25899327154816104,0.3506828492028704,0.21297227447871128,0.21527518647253657,0.05534321618613991,0.05104438898961153,1.0454552388962557e-4,9.737372142572835e-5,4.719536194467463e-4,0.015952626433648517,0.03965368331373017,0.002908797578501307,0,0,0,0,0,0,0,0,0,0,0,0,0,0,0,0
Energy,Fossil Fuel Combustion,Commercial,Coal,CO,CO2,0.0957367279613095,0.11014958638542413,0.09696976862840215,0.06518483333929542,0.04148847583635908,0.036449480102767565,0.025034966357095765,0.10266942981142176,0.03123531147499294,0.19446991243185274,0.1578292507558788,0.6074094937987246,0.4394476047943121,0.5100874718980434,0.4262579765514774,0.2630683380813319,0.13070197119399207,0.02458338882480862,0.6596639031086347,0.6170025393009169,0.5721980407535653,0.30080306982806887,0.02272592680542317,0.011193683248325646,0.014240678454694112,0.0072511419137209505,0.003205266068139134,7.597123852653329e-4,0,0,0.0030819705504606535,6.835689875947507e-4,0
Energy,Fossil Fuel Combustion,Commercial,Coal,CT,CO2,0.02335512920023881,0.02592321849315756,0.039309457999760634,0.024818521730665073,0.024700115846762617,0.049817495232806326,0.011695872313546669,0.015266829711735576,0.01366544877030941,0.011818082623081958,0.008983812462171628,0.009409097150066301,0.008666261206889824,0.008306383702262735,0.008641005984892949,0.011219090888762683,0.00814463321980366,0.00718591365648252,0,0,0,0,0,0,0,0,0,0,0,0,0,0,0
Energy,Fossil Fuel Combustion,Commercial,Coal,DC,CO2,0.13385770330880675,0.1306761497275898,0.09938435450062331,0.10130205951543837,0.09590591856125796,0.011925423569243213,0.04891001149301335,0.08349047498605393,0.01224566188508246,0.012778902348535778,0.01613002692071724,0.06889550024326324,0.008471513764038367,0.014158608583402387,0.06333572518597358,0.08356288386112895,0,0.04273727595697499,0.03700553602804535,0.03127532013914295,0.006709506340793251,0.004541851950848476,0.007291234850073268,3.7944688977375074e-4,0.004526838184273625,0.004198029528996341,0.003205266068139134,0.0028489214447449986,0.0035302925277537305,4.786703345149101e-4,0,0,0
Energy,Fossil Fuel Combustion,Commercial,Coal,DE,CO2,0.042174344878117186,0.039511225212619336,5.795006093330806e-4,0.0925141782800667,0.05866277513606122,0.0020196281851137697,0.010632611194133336,0.012785969883578545,0.014907762294882995,0.0022098853685437814,0.0023480418935221295,0.0023000015255717626,0,0,0,0,8.726392735503921e-4,0.0011346179457603978,0,0,0,0,0,0,0,0,0,0,0,0,0,0,0
Energy,Fossil Fuel Combustion,Commercial,Coal,FL,CO2,0.00887880944802467,3.8547536792799344e-4,0.030423781989986725,0.03128872000286181,0.04129550618130625,0.002692837580151693,0.002126522238826667,0,0.011535768442468983,0.014220131936716505,0.02174490970957451,0.1301591772425838,0.02064322894225441,0.015763250889521324,0,6.770141053563688e-4,0.001066559112117146,0.0011346179457603978,0,0,0,0,0,0,0,0,0,0,0,0,0,0,0
Energy,Fossil Fuel Combustion,Commercial,Coal,GA,CO2,0.04323594165994622,0.015708121243065733,0.0765906638668555,0.04364969580646153,0.059048714446166876,0.1240628742284173,0.006476226818244849,0.0360678851939753,0.022095433401344438,0.036126821677063554,0.020009400483927714,0.026763654115744145,0.011392725406810217,0,0.014908109226683439,0.108322256857019,0,0.004349368792081525,0.03132693714906141,0.017196701707927545,0.017860516879013022,0.02110068718831688,0.017896667359270747,0.014418981811402528,0.00933660375506435,0.005724585721358647,0,0,0,0,0,0,0
Energy,Fossil Fuel Combustion,Commercial,Coal,HI,CO2,0,0,0,0,0,0,0,0,0,0,0,0,0,0,0,0,0,0,0,0,0,0,0,0,0,0,0,0,0,0,0,0,0
Energy,Fossil Fuel Combustion,Commercial,Coal,IA,CO2,0.4538808786310873,0.42411927356277485,0.12024637643661422,0.13046623680205646,0.07844216477897659,0.1831129554503151,0.46309854755538926,0.7476929851322499,0.5383654395419948,0.8546491457911711,0.6190663496660085,0.6195367745699212,0.6483142372524995,0.5718190053216777,0.35409133316116265,0.5746882591467919,0.6268458781670317,0.6426665147777852,0.5623705756487097,0.5769398935637668,0.5790020471836654,0.5384933219224723,0.46493458589428227,0.45514654428361406,0.4506090175929037,0.37620069165528575,0.2808378710878377,0.26428494602417774,0.2293736009924315,0.21415710766197082,0.16392230865262597,0.1802669072999871,0
Energy,Fossil Fuel Combustion,Commercial,Coal,ID,CO2,0.10509808140107464,0.12161747858128194,0.09030551162107173,0.07619382741437643,0.07400386271276142,0.07049464093754253,0.05200313474948849,0.058109370590293544,0.08962404712995133,0.09771536607865329,0.03910000196604242,0.03930911698249921,0.03505453971326221,0.02406963459178406,0.010635084289099013,0.02369549368747291,0.02297950087016033,0.08764923630999073,0.019969739391093526,0.017196701707927545,0.01880551777208249,0.015044884587185576,0.011362963402711585,0.007968384685248764,0.004243910797756524,0,0,0,0,0,0,0,0
Energy,Fossil Fuel Combustion,Commercial,Coal,IL,CO2,0.4593818801369286,0.45881205667629427,0.5115058711713324,0.4673993975736145,0.47190729143170296,0.4200826625036641,0.3608321598881795,0.5713611019617039,0.4110283032732026,0.3360947399637455,0.4588890570166076,0.4901094159945647,0.34178176220430656,0.5008371809568871,0.48864414064021,0.2974993411537415,0.2708090545584717,0.31504558293947044,0.43914497997475815,0.3715243467888522,0.359761839991548,0.31736190506553724,0.2728058130267673,0.281549592212123,0.2595387225650212,0.20608508596891129,0.222671719204254,0.22098134006405376,0.24378101103812916,0.19213827227428495,0.17576863295595913,0.17997394916244652,0
Energy,Fossil Fuel Combustion,Commercial,Coal,IN,CO2,0.9552440860494369,0.767866932912563,0.7313297689783477,0.6070397961049052,0.6612105230385321,0.5346244324308308,0.6739142295045238,0.7454029606754895,0.6665899426140539,0.725034564827451,0.5879292723823455,0.5202185268747769,0.6307869673958683,0.6562987032026454,0.8198510513578651,0.5129832592585972,0.11324918572298423,0.3334831245580769,0.7445589563494445,0.7048757952809861,0.7418257010595354,0.6542159247534659,0.41825174458147557,0.2852491993874171,0.29594204629688825,0.13185629111529418,0.14310570268927075,0.12240865807587677,0.13567772903961633,0.1337404914634659,0.07502672058777651,0.10536727680210513,0
Energy,Fossil Fuel Combustion,Commercial,Coal,KS,CO2,6.755615884366597e-4,6.745818938739887e-4,3.863337395553871e-4,0.0414285829667522,0.06512725858033112,0.07559179778568681,0.16026244872611883,0.0044846312278223254,8.873668032668449e-5,0.01393188601908036,0.024195040381075863,8.363641911170045e-4,7.789897714058268e-4,1.8878144777869849e-4,0,0,9.69599192833769e-5,0,0,0,0,0,0,0,0,0,0,0,0,0,0,0,0
Energy,Fossil Fuel Combustion,Commercial,Coal,KY,CO2,0.2847009551268781,0.36514154226979184,0.4161780209360407,0.5238929198010039,0.5819964796393441,0.27111104065884367,0.2424235352262401,0.6995070538545843,0.4666662018380337,0.88962298379769,0.45837861312671146,0.5041185161957745,0.5339001145772686,0.4061632848958698,0.5649888528583852,0.6193711901003123,0.2730391327019894,0.27382113091017596,0.1410185388281012,0.12368396997624809,0.11311660690041578,0.1171419315656336,0.08124518832938782,0.03946247653647008,0.04621147313112659,0.03730521695085385,0.034220928903956054,0.03399712924062365,0.01354869024164945,0.015030248503768181,0.006549187419728888,0.008105175138623473,0
Energy,Fossil Fuel Combustion,Commercial,Coal,LA,CO2,0,1.9273768396399672e-4,0,0.001931402469312457,0,0.010482832008447662,0,9.541768569834734e-5,0,0,0,0,0,0,0,0,0,1.8910299096006628e-4,0,0,0,0,0,0,0,0,0,0,0,0,0,0,0
Energy,Fossil Fuel Combustion,Commercial,Coal,MA,CO2,0.12198712111199114,0.05281012540613511,0.11416162003861688,0.08507827877321372,0.04515489928236291,0.056068725329587045,0.06959527327069093,0.06087648347554561,0.056170318646791284,0.08618552937320746,0.0394062682999801,0.03784547964804445,0.1857890604802897,0.10467931279328832,0.0732111605972798,0.0955557051560132,0.03539037053843257,0.04945043213605734,0,0,0,0,0,0,0,0,0,0,0,0,0,0,0
Energy,Fossil Fuel Combustion,Commercial,Coal,MD,CO2,0.09293797280921477,0.08355178599839261,0.02646386115954401,0.029647027903946212,0.07458277167791995,0.617236842479056,0.0874773920971879,0.11745917109466555,0.10595159631006128,0.09858010383156171,0.19029348215327174,0.17521829803901245,0.006524039335523799,0.011515668314500608,0.11860018104539884,0.06944230394941041,0.09220888323849144,0.07649215984334683,0.08517898318475912,0.06651910990319226,0.04479304233149297,0.058381721951531455,0.049144816716727595,0.022577089941538172,0.0186732075101287,0.0011449171442717292,0,0,0,0,0,0,0
Energy,Fossil Fuel Combustion,Commercial,Coal,ME,CO2,0.08280454898266486,0.02592321849315756,0.07118199151308006,0.05079588494291761,0.012350057923381308,0.0061550573260610135,0.00840942885354182,0.008301338655756219,0.006211567622867914,0.006629656105631344,0.00704412568056639,0.007004550100604913,0.0042844437427320475,0.004153191851131367,0.004273024937584425,0.006770141053563688,0.006302394753419499,0.00538943524236189,0,0,0,0,0,0,0,0,0,0,0,0,0,0,0
Energy,Fossil Fuel Combustion,Commercial,Coal,MI,CO2,0.5128477544217729,0.5191389517570253,0.37290864210583735,0.4636331627584553,0.5828648430870819,0.5241416004223831,0.5707779009214304,0.3927391943343976,0.284046113725717,0.04246823186505875,0.031137077283663026,0.019550012967359982,0.5381845583200007,0.06267544066252789,0.3748867211907402,0.3318336279253859,0.018422384663841614,0.35929568282412594,0.4593986493098008,0.6035853324738524,0.43347190965096677,0.3841649775092669,0.20188198312150915,0.16392105638226032,0.1498572057252248,0.11124778251840305,0.032524023338470626,0,0,0,0,0,0
Energy,Fossil Fuel Combustion,Commercial,Coal,MN,CO2,0.24677299737607702,0.13192894467335575,0.03486661999487368,0.15605731952044652,0.3677036777031732,0.446722519993022,0.23256420484622553,0.16469092551534753,0.06335798975325273,0.0237322472187093,0.009290078796109295,0.003659093336136895,0.15755068126682847,0.0016990330300082864,2.84868329172295e-4,0.1252476094909282,0.1426280412658474,0.10447940250543662,0.10164691993381254,0.09146377611688936,0.07153656760535902,0.06131500133645443,0.005965555786423582,0.010909098080995334,0.017824425350577395,0.014502283827441901,0.017251873249101813,0.01348489483845966,0.011449597387309395,0.008328863820559439,0.007030745318238366,0.01142536736408369,0
Energy,Fossil Fuel Combustion,Commercial,Coal,MO,CO2,0.4809998509669017,0.4371290672303446,0.39579891617449403,0.46083262917795226,0.4099640321597436,0.39873230740389004,0.3939865747935225,0.5157325911995674,0.2883942110617246,0.4285255975524028,0.35230837280629873,0.453727573680975,0.3718702421248566,0.3671799159295685,0.38257816607839223,0.44392782051224755,0.44320379104431584,0.3842572776308547,0.42494848277729824,0.3232412996858249,0.3379323193616432,0.26323816931792626,0.19468543963312518,0.21590528028126418,0.20295324526160088,0.14464119922632848,0.11840629945831625,0.054129507450154976,0.02633407399081161,0.019625483715111317,0.013387309578563463,0.026463885091168208,0
Energy,Fossil Fuel Combustion,Commercial,Coal,MS,CO2,1.930175966961885e-4,1.9273768396399672e-4,5.795006093330806e-4,0,0,0,0,9.541768569834734e-5,0,0,0,0,0,0,0,0,0,0,0,0,0,0,0,0,0,0,0,0,0,0,0,0,0
Energy,Fossil Fuel Combustion,Commercial,Coal,MT,CO2,0.08261153138596869,0.06408527991802891,0.030230615120209036,0.016416920989155884,0.005885574479111405,0.017791962583145117,0.006959527327069093,0.1259513451218185,0.008075037909728288,0.0043236887645421804,0.004389817453106592,0.005122730670591653,0.00477131234986069,0.0030205031644591758,0.16721770922413717,0.23395673155100802,0.22320173419033365,0.0028365448644009942,0.026784058045874255,0.02296043140124392,0.017293516343171333,0.022520015922957024,0.011362963402711585,0.002845851673303131,0.0021691099632977786,0.005056717387200137,0.003205266068139134,0.004463310263433831,0.006297278563020167,0.003829362676119281,0.001444673695528431,0.002929581375406075,0
Energy,Fossil Fuel Combustion,Commercial,Coal,NC,CO2,0.3040027147964969,0.19437595427769075,0.40362217440049064,0.45358986991803046,0.5382888527698775,0.4710542309851069,0.43439049733122925,0.40771977098903817,0.4224753350353448,0.3425322321242861,0.2778856536594452,0.2979547430854329,0.2805336914275234,0.2706182053907643,0.7456903296633443,0.3367661592644109,0.2582042650516327,0.09682073137155393,0.6333530616360089,0.5222317051632721,0.47911545278622236,0.4115107111300005,0.3165532221272069,0.3385614874006291,0.3728982954295399,0.3697128278377459,0.2954501134572955,0.26153098862759094,0.19168534292587144,0.14283522781924918,0.12125627884468632,0.11454663177837751,0
Energy,Fossil Fuel Combustion,Commercial,Coal,ND,CO2,0.14476319752214137,0.1489862297041695,0.1394664799794947,0.1602098348294683,0.17010275092907223,0.14281656451875943,0.18665065650792245,0.17766773077032275,0.13301628380970001,0.15440372988042853,0.1732446562307415,0.19957740510529523,0.2015636033512577,0.22738725384944236,0.36434659301136535,0.4189750149148271,0.1632805040732067,0.3545681080501243,0.1680865268179247,0.15760493653199528,0.14902664083705572,0.14391993369251108,0.1198792638986072,0.1437155095018081,0.12062137578512432,0.11811728538403343,0.09408398635302517,0.08869642097972763,0.09589037811871619,0.08941561848738522,0.052104564618725424,0.029393466466574283,0
Energy,Fossil Fuel Combustion,Commercial,Coal,NE,CO2,0.006562598287670408,0.01965924376432767,0.010237844098217758,0.008594740988440434,0.01254302757843414,0.015291470544432828,0.002126522238826667,0.17375560565669051,0,0,0,0.011500007627858813,0.012463836342493229,0.009816635284492324,0.006172147132066391,0.007157006256624471,0.010568631201888083,0.009833355529923447,0,0,0,0,0,0,0,0,0,0,0,0,0,0,0
Energy,Fossil Fuel Combustion,Commercial,Coal,NH,CO2,0.02335512920023881,0.04394419194379127,0.0313896163388752,0.019120884446193327,0.016402420679490798,0.016637889334508677,0.016625537503553944,0.012118046083690113,0.009228614753975186,0.00701398399581287,0.009392167574088518,0.009409097150066301,0.008666261206889824,0.004153191851131367,0.004273024937584425,0.008994615971163184,0.00911423241263743,0.007375016647442586,0,0,0,0,0,0,0,0,0,0,0,0,0,0,0
Energy,Fossil Fuel Combustion,Commercial,Coal,NJ,CO2,0.025285305167200692,0.021972095971895634,0.02936136420620941,0.01525807950756841,0.020551268263126705,0.0144259156079555,0.016722197605318793,0.012499716826483502,0.009938508196588662,0.01066509895253738,0.011536031911652204,0.009409097150066301,0.008666261206889824,0.008306383702262735,0.010730040398823111,0.006770141053563688,0.00475103604488547,0.00538943524236189,0,0,0,0,0,0,0,0,0,0,0,0,0,0,0
Energy,Fossil Fuel Combustion,Commercial,Coal,NM,CO2,0.00723815987610707,0.011756998721803802,0.014101181493771627,0.01535464963103403,0.01447272412896247,0.012887151276440245,0.013145773840019399,0.01288138756927689,0.01756986270468353,0.012778902348535778,0.01378198502719511,0.008781824006728547,0.008082018878335453,0.006229787776697051,0.006551971570962786,0.006673424752798492,0.006884154269119759,0.006145847206202155,0,0,0,0,0,0,0,0,0,0,0,0,0,0,0
Energy,Fossil Fuel Combustion,Commercial,Coal,NV,CO2,0.005597510304189467,0.003662015995315938,0.0018350852628880882,0.003669664691693668,0.0019296965505283294,0.0019234554143940665,0.0019332020352969704,0.002003771399665294,0.00177473360653369,3.8432789018152713e-4,0,0.0017772739061236347,0.0015579795428116536,0.0015102515822295879,0.0015192977555855732,0.001644177113008324,0.0035875170134849455,3.7820598192013255e-4,0,0,0,0,0,0,0,0,0,0,0,0,0,0,0
Energy,Fossil Fuel Combustion,Commercial,Coal,NY,CO2,0.5239462662318036,0.5509406696110847,0.538838983244876,0.44798880275702435,0.3800537356265544,0.45941732572802285,0.5977460693138233,0.5358657228819188,0.2954931454878593,0.38826725105588783,0.23337494646050388,0.26387290229741495,0.09678947909717399,0.17433966702362805,0.3436461610915119,0.3560127031166848,0.30668422469332113,0.28053428708925837,0.16184006805104234,0.052157029355912106,0.0072765068766349325,0.010313788805051747,0,0,0,0,0,0,0,0,0,0,0
Energy,Fossil Fuel Combustion,Commercial,Coal,OH,CO2,1.2190991407331266,0.9350668737513304,1.1351451102486159,1.1241728072633155,0.9945656021423009,0.8359337230956613,1.3276264977401944,0.6670650407171465,0.7797292100305765,0.44293789343421,0.47175224304198965,0.5157230693475229,0.7397481616712582,0.4019157023208491,0.8316256089636531,0.7114451084287784,0.23377036539222176,0.2905567456101419,0.6105440228054234,0.5510503536298541,0.5687960375385152,0.48692437789721377,0.3306622350189071,0.36834806824786853,0.3336656978325018,0.20942442763970381,0.11378694541893929,0.0018992809631633327,0,0,0,0,0
Energy,Fossil Fuel Combustion,Commercial,Coal,OK,CO2,1.930175966961885e-4,0.002023745681621966,0.001931668697776935,7.725609877249827e-4,0.0021226662055811624,0.023850847138486425,0.002223182340591516,0.42890249721407137,0.0015972602458803207,0.0033628690390883624,0,0.001463637334454758,0.0020448481499402956,0.001982205201676334,0,0.0018376097145387156,0.005914555076285992,1.8910299096006628e-4,0,0,0,0,0,0,0,0,0,0,0,0,0,0,0
Energy,Fossil Fuel Combustion,Commercial,Coal,OR,CO2,0.003570825538879487,0.001831007997657969,0.0018350852628880882,0.0037662348151592914,0.0019296965505283294,0.0019234554143940665,0,0.002003771399665294,0,3.8432789018152713e-4,0,0,0,0,0,0,0,0,0,0,0,0,0,0,0,0,0,0,0,0,0,0,0
Energy,Fossil Fuel Combustion,Commercial,Coal,PA,CO2,2.536154711789569,2.8012494987327288,3.203093034653714,2.4341465320744895,2.3763248171481113,2.4686588516040646,2.0905646809701435,2.605189072621977,1.6781880983382569,1.4844664758261488,1.7791011338439202,1.8355057629301563,1.2620608033988652,1.4436117311637073,1.4600451431177361,1.3933917451241722,1.383521088254505,1.5326797417313374,0.49441667573020187,0.4748935317804607,0.4468909223325533,0.41094297963614446,0.31115581451091884,0.291510073068684,0.2906607350819024,0.18728936285045036,0.09719497988974847,0.06125181106201748,0.034539618785050005,0.029773294806827413,0.021573793853224575,0.016698613839814625,0
Energy,Fossil Fuel Combustion,Commercial,Coal,RI,CO2,0.00974738863315752,0.007998613884505866,0.009754926923773522,0.005697637284471748,0.006175028961690654,0.0061550573260610135,0.006862867225304245,0.006011314198995883,0.004703044057314277,0.0034589510116337444,0.004696083787044259,0.004704548575033151,0.006524039335523799,0.008306383702262735,0.006457015461238687,0.006770141053563688,0.004266236448468584,0.0033093023418011604,0,0,0,0,0,0,0,0,0,0,0,0,0,0,0
Energy,Fossil Fuel Combustion,Commercial,Coal,SC,CO2,0.012353126188556064,0.04404056078577326,0.06055781367530693,0.21477195458754522,0.125333790956815,0.03596861624916905,0.03982396192711759,0.001908353713966947,0.04720791393379614,0.527970439136873,0,0,9.737372142572835e-5,0,0,0,0.1889748826833016,0,0.03104300720511221,0.00888181297002851,0.004819504554654307,0,2.840740850677896e-4,0,0,0,0,0,0,0,0,0,0
Energy,Fossil Fuel Combustion,Commercial,Coal,SD,CO2,0.004246387127316147,0.0054930239929739085,0.0015453349582215483,0.0013519817285187199,0.02537550963944753,0.011156041403485585,0.002899803052945455,0.0014312652854752102,0,0.0017294755058168722,0.002245953115542907,0.019863649539028857,0.0021422218713660237,0.0014158608583402386,0.0015192977555855732,0.0015474608122431287,0.0016483186278174072,0.0016073754231605637,0.022525108886636298,0.017291189079949122,0.017766016789706074,0,0.0035035803825027383,0,0,0,0,0,0,0,0,0,0
Energy,Fossil Fuel Combustion,Commercial,Coal,TN,CO2,0.4164354648720267,0.34133843830023824,0.3018232340276461,0.22085587236587947,0.18640868678103664,0.3068873113665733,0.23575398820446553,0.27852422455347586,0.051378537909150326,0.2158001103369275,0.2652266451900215,0.3176093015766825,0.13476523045320804,0.2614623051734974,0.14006026184304504,0.0713766299647143,0.08910616582142339,0.14797309042625187,0.22316893594406892,0.21996660206623803,0.21045169888657142,0.16785927835010825,0.15188494414957815,0.15519377791746405,0.14391573060836568,0.014120644779351328,0,0,0,0,0,0,0
Energy,Fossil Fuel Combustion,Commercial,Coal,TX,CO2,0.020845900443188358,0.02168298944594963,0.01690210110554818,0.009077591605768548,1.9296965505283294e-4,0,0,1.908353713966947e-4,0.027952054302905614,0.011433754732900432,0.01847806881423937,0.04035457222139546,0.10467675053265799,0.22181820113997075,0.023928939650472783,0.027467429417315534,1.939198385667538e-4,0,0.030191217373264627,0.03543276450809246,0.027121525631093844,0.028386574692802972,0.026513581272993695,0.02286167510886848,0.021219553988782617,0.01631506930587214,0,0,0,0,0,0,0
Energy,Fossil Fuel Combustion,Commercial,Coal,UT,CO2,0.477236007831326,0.5578792262337886,0.4078718455355998,0.22230442421786378,0.20010953228978778,0.15012569509345688,0.18616735599909823,0.24131132713112044,0.21012845901358884,0.2252161436463749,0.12383368768879753,0.13057735933814232,0.4000112476168921,0.11855474920502268,0.429676396501545,0.09400824434377007,0.07378649857464982,0.04519561483945584,0,0,0,0,0,0,0,0,0,0,0,0,0,0,0
Energy,Fossil Fuel Combustion,Commercial,Coal,VA,CO2,0.45706566897657436,0.27600036343644335,0.38218065185516664,0.613509994377102,0.6458694354618318,0.5960788329207213,0.8436493682035978,0.385392032535625,0.3587623985607854,0.2773886547385172,0.19754178538979658,0.30140474537379053,0.16582744758801538,0.21568280408716303,0.19788853266502093,0.26722713901423534,0.05817595157002615,0.17548757561094153,0.18796162289436846,0.21996660206623803,0.21149119986894782,0.225578646892141,0.12186778249408176,0.12683012290687617,0.16551252111250442,0.12699039325213932,0.08295982764595405,0.08945613336499297,0.06898382425853909,0.05667456760656536,0.0251373223021947,0.022557776590626775,0
Energy,Fossil Fuel Combustion,Commercial,Coal,VT,CO2,0.013607740567081288,0.010022359566127832,0.011686595621550458,0.011491844692409119,0.010227391717800146,0.0061550573260610135,0.0035764237652993955,0.005247972713409104,0.004170623975354172,0.004611934682178327,0.0023480418935221295,0.004704548575033151,0.0021422218713660237,0.0020765959255656836,0.0021839905236542617,0.0022244749175994974,0.002423997982084423,0.0028365448644009942,0,0,0,0,0,0,0,0,0,0,0,0,0,0,0
Energy,Fossil Fuel Combustion,Commercial,Coal,WA,CO2,0.11069559170526411,0.1416621977135376,0.16042508535037447,0.20308696964820483,0.15833160197084944,0.1476252030547446,0.04601020844006789,0.041983781707272835,0.02883942110617246,0.036511149567245084,0.04716501542640105,0.04809094098922776,0.0463498913986467,0.0502158651091338,0.04624362543563589,0,9.69599192833769e-5,9.455149548003314e-5,0,0,0,0,0,0,0,0,0,0,0,0,0,0,0
Energy,Fossil Fuel Combustion,Commercial,Coal,WI,CO2,0.009650879834809426,0.019851981448291665,0.008499342270218514,0.07242759259921713,0.10565088614142602,0.2715919045124422,0.22376813558562433,0.3429311623998604,0.2774795993815424,0.355599380390458,0.40794675680497533,0.43093664947303656,0.26417490622800105,0.31507623634264775,0.3174382748076608,0.7039979532698584,0.06234522809921135,0.11582558196304063,0.45637006324100937,0.27873774746366076,0.2848232691711388,0.2531136243441599,0.07679469432999245,0.08243483680334734,0.06724240886223114,0.05113963244413725,0.053452525312790856,0.05023598147567014,0.05095070837352681,0.05121772579309538,0.03929512451837333,0,0
Energy,Fossil Fuel Combustion,Commercial,Coal,WV,CO2,0.34492244529608884,0.18975024986255482,0.17191851410214723,0.20057614643809865,0.1768566888559214,0.13502657009046348,0.2288911209791613,0.22060568933457908,0.3297455040939596,0.3652075776449962,0.5063603387769463,0.11008643665577571,0.07108281664078168,0.08665068453042261,0.11774557605788194,0.17650724889648184,0.053909715121557567,0.13842338938276852,0,0,0,0,0,0,0,0,0,0,0,0,0,0,0
Energy,Fossil Fuel Combustion,Commercial,Coal,WY,CO2,0.20035226537064366,0.25316094788670973,0.14902824003349058,0.27464543113623135,0.36596695080769764,0.2222552731332344,0.5904965616814596,0.21516688124977326,0.2551179559392179,0.17765556723641093,0.2515467489408056,0.22958197046161774,0.1442104814315037,0.14677757564793809,0.15563306383779718,0.11006315027079253,0.08086457268233635,0.0892566117331513,0.05214846637200254,0.05045625665952367,0.04819504554654307,0.05175818785654408,0.043368643653682544,0.046007935385067276,0.039609834112394215,0.016601298591940077,0.014046607180962676,0.027064753725077488,0.017842289261890472,0.01407290783473836,0.004430332666287188,0.012597199914246121,0
Energy,Fossil Fuel Combustion,Commercial,Natural Gas,AK,CO2,1.0887831374684527,1.1157008611998644,1.137239822741442,1.0552144298807384,1.1020784519381241,1.3354199195161922,1.4336522524021909,1.427966579944253,1.4360132739043663,1.4689257464476417,1.4478343688082589,0.8512287454237105,0.8369848384308886,0.9207150734308845,0.9793843389788051,0.9008469595836811,0.9905321160277623,1.0013202936296817,0.9101106272102598,0.8867435979642018,0.8505073515359657,1.0438219335228998,1.069496645268421,0.9924193345362029,0.9506985772007617,0.9785212701750243,0.8449808032157098,0.8111460562173138,0.7454379540296782,0.7569550176935844,0.8642302310438931,0.8739700175047237,0
Energy,Fossil Fuel Combustion,Commercial,Natural Gas,AL,CO2,1.3286231469689842,1.2958692048840952,1.3812804162922927,1.4049347517001096,1.398409310365041,1.4341923246399526,1.589768953981465,1.788686978312507,1.4188097870955287,1.5171429605960929,1.4214868811217733,1.4482316345026438,1.3683987213693547,1.386223686517465,1.440186741609707,1.3692682658311361,1.3325641900106218,1.2755993670106216,1.370532660417692,1.32451384915963,1.4615669526457535,1.3577070041827104,1.1630344447378864,1.3649147108628423,1.4902155158396067,1.3682681283676073,1.2789527849298772,1.24447924404868,1.446413970517586,1.3518186759620727,1.2491381594200248,1.4044565175495785,0
Energy,Fossil Fuel Combustion,Commercial,Natural Gas,AR,CO2,1.3480552454079842,1.4077217199368017,1.3579953203574189,1.5591387927817153,1.4895798526992245,1.5792958417959455,1.688681779183289,1.5844946044863337,1.5270218430103777,1.5079562006316851,1.7994003408673211,1.7250470766610382,1.792870742688277,1.737612061237281,1.5981245479280546,1.6894596857538835,1.7145194979942784,1.7244872158217652,1.979044273146084,1.9534800584575125,2.154763937061147,2.1561800453042888,2.2229701565000584,2.575219707644501,2.715388434245359,2.5532255823592327,2.4540951543363207,2.545693809776122,2.972447058678342,2.9524311997566643,2.8258687946613414,3.0669231008986166,0
Energy,Fossil Fuel Combustion,Commercial,Natural Gas,AZ,CO2,1.5609032715973574,1.5066784233445558,1.4884877687430158,1.5051355180640869,1.5960164076646275,1.5558114937245615,1.553737940938526,1.6358213592276676,1.7159947120000483,1.6887176510296236,1.7278096925070732,1.6644538347139242,1.714577819146733,1.7366030875150993,1.7912717576052002,1.732463341886768,1.7759725719022958,1.7796826949851123,1.7730366305903755,1.7407274330433122,1.7266926034839747,1.7562794144890568,1.7092293294309668,1.7900251253948112,1.6658684967458892,1.6876330013061325,1.874248903713844,1.724722083323939,1.748501379689613,1.8915945336692592,1.7182992738232161,1.8245111060877426,0
Energy,Fossil Fuel Combustion,Commercial,Natural Gas,CA,CO2,15.663176398473471,15.730065917514656,15.589877926135681,13.796376424813504,14.20361517378645,14.973450307884747,12.901225262187713,13.7083836264529,15.825933531774442,13.185283963251266,12.544438091894563,13.266730868420737,12.91051903760627,12.614932929037577,12.544850196413151,12.660754183922627,13.290184114382473,13.712839144948507,13.70830221108513,13.510720880496182,13.46781953101979,13.328267776102678,13.718717906629843,13.869896895937478,12.950684982288227,12.936949752698492,12.981381349139731,12.98377799643504,13.552432079839564,13.993570159474105,12.72784091277368,13.156075799184519,0
Energy,Fossil Fuel Combustion,Commercial,Natural Gas,CO,CO2,3.292383100451031,3.672908337307191,3.4955884407677846,3.7135349204548893,3.38676756182018,3.489497836959713,3.621355602507129,3.614157246217304,3.311511919156724,3.10294765896085,3.1857040111592627,3.4264946801426732,3.5328552267724564,3.3093276009958394,3.2649685045232055,3.34350771886501,3.2253294983972727,3.39388509763242,3.4981978714612008,3.303957479822668,3.077041817699097,3.0212766271515616,2.816757243535354,3.187505999017806,3.176113221268022,2.980280184615057,3.0032004001580264,2.916533621866356,3.121376045664271,3.479466021057638,3.20400259752776,3.279891360181433,0
Energy,Fossil Fuel Combustion,Commercial,Natural Gas,CT,CO2,1.6162182038661816,1.4726270859845372,1.6334734576189687,1.7124932248215488,2.1432524283962953,2.071298247092354,2.1709879316829563,2.324990525268487,2.3055858154732993,2.5850374281350295,2.653325078148704,2.4130461325938826,2.2064997521928924,2.111357169485439,1.9293478492083282,1.9431812569379012,1.781182261558858,1.9542914704153156,2.0424353274584286,2.1586400645968853,2.216327102024182,2.4474853673130466,2.3199605152912253,2.510034342771165,2.789411726651415,2.8499412149302863,2.733198080883777,2.8533535057324646,3.168851455786162,3.139581693026345,2.8428570312911687,2.9180201875906513,0
Energy,Fossil Fuel Combustion,Commercial,Natural Gas,DC,CO2,0.7230337778083739,0.8336449478249357,0.8640528962927061,0.8678225356049168,0.7927688231905885,0.9105232418536238,0.8752511474672147,0.9761106718646549,0.9194838921871661,0.9671056212242225,0.9691085016319978,0.9023077853457953,0.9977696949910865,0.9325041348163764,0.9481578998008671,0.9875975449184131,0.9321623278348528,1.0517923135184728,1.0057019991364191,1.0279238402842314,0.9998432154229844,0.911690557298975,0.8397155433349125,0.9415015556278198,0.9670186731643017,0.9454470289842074,0.8643989594323764,0.880401183517926,0.910333058896243,0.8823035542874865,0.8239559379744255,0.8071491727782666,0
Energy,Fossil Fuel Combustion,Commercial,Natural Gas,DE,CO2,0.19267058698832965,0.20494748589457318,0.24894271901082407,0.2609892775193151,0.2819691043836091,0.3159760587794539,0.36789839974476773,0.36310892366645486,0.31513177225448014,0.3469196696385815,0.28396736728767547,0.31184258816115573,0.41192814490629237,0.4649244704053175,0.4655288534588552,0.4615194848927946,0.44845859125262716,0.47499955626149626,0.48661800116718584,0.6399569239124917,0.6642761193550375,0.5729411987128291,0.54810707139433,0.620083076268652,0.6644610499441284,0.6534940871446311,0.6866196545604423,0.7407287528674161,0.8603199876542519,0.8597291868789686,0.5648985600834362,0.5853845136345529,0
Energy,Fossil Fuel Combustion,Commercial,Natural Gas,FL,CO2,2.0948866889759006,2.2981188966951023,2.4448817891893513,2.401419956568364,2.397029941509708,2.295249665917879,2.4765882322930985,2.0610850189872982,2.108329786168263,2.0147679757779615,2.8258345884353684,2.7899467278982555,3.0722929847578726,3.0027589010929385,3.0977902213052637,3.178394915688133,2.7760735056666004,2.8083353653158745,2.7900565631455123,2.756651749158936,2.9438676136987474,2.887126355754132,2.9576747801580074,3.237256912159539,3.41556294094087,3.2668883290781974,3.396801664724192,3.3449539745802874,3.4675553167980535,3.4288190796586684,3.1148805087905944,3.439657297414001,0
Energy,Fossil Fuel Combustion,Commercial,Natural Gas,GA,CO2,2.703883330191568,2.791410336353465,2.940209596536231,3.1353759675290904,2.9602766584155815,3.0807532900973724,3.3309318405277386,3.1215902513883753,3.02223847429701,2.376715697843869,3.1858636929028172,2.784365771403127,2.6507974764860145,2.748178899822454,3.0076690184396835,2.9073657001839663,2.634720803658453,2.6533634430495536,2.8012682248889353,2.913707468144512,3.2623161094919984,3.05841367258,2.796519934280461,3.0766007118329854,3.1776498536801734,2.9084693921415554,2.7901297868487176,2.6695183852091007,3.0686138415421707,2.9077582712784498,2.742356528611907,2.887126807356294,0
Energy,Fossil Fuel Combustion,Commercial,Natural Gas,HI,CO2,0,0,0,0,0,0,0,0,0,0,0.0025016806490198214,0.004411613229482857,0.004677377645387578,0.00462003756999002,0.005257512718734505,0.006689457620670899,0.006113411331679959,0.005837983373046323,0.0051010404140696495,0.005893571604935416,0.005741642328158788,0.005631654957674321,0.006745769751630963,0.0064708010696070085,0.005828605701264283,0.006720685809973937,0.006666723932697521,0.006708925375421612,0.00798305894031783,0.009621861518384716,0.007515045487338199,0.005140064978958236,0
Energy,Fossil Fuel Combustion,Commercial,Natural Gas,IA,CO2,1.817832879999037,1.981905069004411,1.8875314379793298,2.1015079648228716,2.0122413165123434,2.131071757455039,2.345836514858928,2.157422206014724,1.8004723277804828,2.070366459493191,2.1073731969360163,2.0883407685106206,2.0956246411897275,2.175453552784036,2.1211142979694424,2.077660591486785,1.9884534857520766,2.205112465151833,2.7076428789556988,2.6977160331095824,2.4501927001868724,2.4819659717237132,2.0869393192250434,2.810820513801831,2.864759702171395,2.46993141334428,2.5046246889055763,2.5183826726179097,2.9131820979359824,3.017933872401053,2.6282548520576734,2.6410925630542006,0
Energy,Fossil Fuel Combustion,Commercial,Natural Gas,ID,CO2,0.4671157032980393,0.5274493539741252,0.4902125459973419,0.5883542614270624,0.5570232901537737,0.5669716702935181,0.6288711864092373,0.6255813147687233,0.6436440342491672,0.6953262137222694,0.7316085217186692,0.7367925612902575,0.744075109747508,0.6579570746227167,0.7184205258488925,0.739556703618616,0.7550860396102792,0.7756026273972634,0.8888031563139898,0.8552050255918447,0.8165891311159164,0.9112655267361317,0.8543225250805702,1.0053609366754168,0.9148791458002647,0.9160241840208572,0.9728125890998146,1.0926567910647293,1.051649062521869,1.1457945312524833,1.0874588357311643,1.1023584717244144,0
Energy,Fossil Fuel Combustion,Commercial,Natural Gas,IL,CO2,10.800732982777118,10.4516290304109,10.596157317622108,10.90924559917715,10.64509167194464,10.981483059814002,11.748869622658306,10.952556215728979,9.453581487363842,10.084672821275582,10.839090297980816,10.123536170364135,10.886755925695681,11.275546864781388,10.86180885214917,10.74703839507578,10.458345665351244,10.82027760133241,11.844615841469723,11.827495592030752,10.4729150966263,11.440441402413605,9.972159879611814,12.317647190174208,13.219436692441066,11.60064457101769,11.486130409949,11.601475238177898,13.009425468077945,13.369047906085765,11.699232292408148,12.056048903326847,0
Energy,Fossil Fuel Combustion,Commercial,Natural Gas,IN,CO2,3.61926826323311,3.6709366636259384,3.8892504287926064,4.171686596230404,4.065067886117442,4.4205831663781,4.66482223060191,4.3579440240769785,3.924200296586285,3.9183920867842175,4.857305729935168,4.200599922000365,4.370052673278136,4.997075118805297,4.503245515257875,4.079560420872798,3.8048808926405333,4.072099547852047,4.541520043651385,4.218257507182919,4.06051071981585,4.066214265901926,3.566440663019759,4.425497538080898,4.881510262133395,4.1818012185950435,4.047071800699213,4.119755616165396,4.745743502228942,4.888487192420218,4.514319577957383,4.919996011353973,0
Energy,Fossil Fuel Combustion,Commercial,Natural Gas,KS,CO2,2.981096855046012,3.152972658712976,2.8389167650209104,2.9366205523195696,2.775488756391688,2.8311391108228015,3.027294938271925,2.2067319838375767,2.2048604621511854,2.0584714639323396,2.161185944513868,2.0054237005829907,2.0801042517300328,2.0313296221523935,1.979267666941767,1.594798551328041,1.49050284276211,1.6500263915273652,1.8455670489779283,1.7601602907676939,1.7231306587063207,1.7409783142266964,1.3820329383282366,1.7923058175750826,1.9621736156683425,2.0281653886067805,1.9011274414742432,1.8907019536355507,2.20982702414798,2.278953760840714,2.1824856398052113,2.250023701768512,0
Energy,Fossil Fuel Combustion,Commercial,Natural Gas,KY,CO2,1.7610805048319857,1.880283941703072,1.9967635813809117,2.1044284959039627,2.0752202675763294,2.2489185538856473,2.2807259802437785,2.153122860477962,1.7829502578825926,1.9624087542467137,2.141278953817413,1.9436611153702306,1.9806568247468488,2.1037102107489036,2.033489085990534,2.0148540171593754,1.7828302246134848,1.8731965741060908,2.044720168477231,1.9500819631177297,2.0173898280244584,1.8885701771740477,1.68559257715163,2.033528795153547,2.173169142054109,1.9147604304117083,1.8247775792926357,1.8119381132044199,2.1368692669450753,2.0731939529860255,1.8865410315996112,2.0019758237633214,0
Energy,Fossil Fuel Combustion,Commercial,Natural Gas,LA,CO2,1.382500636339581,1.4217898780949318,1.582853683847504,1.3839600284813651,1.3362814262073246,1.3083225948184416,1.426753825751849,1.542881185957683,1.375004612350803,1.3602246039786112,1.4545410020375458,1.3390043430979777,1.4011403648870675,1.3787891433013895,1.3545795648157675,1.3906108210970862,1.2273603550071899,1.3098842511832391,1.2585754504963926,1.2930283720269569,1.470338906202663,1.4021758268201951,1.4158680196809053,1.5572884443010768,1.699780384462336,1.639529824918209,1.5644578828730185,1.5273106334975566,1.881199909094896,1.775920725964722,1.6058382057908662,1.7567894252309526,0
Energy,Fossil Fuel Combustion,Commercial,Natural Gas,MA,CO2,2.786403200274992,2.945307460446946,3.562353258173727,3.614661668218681,4.603474087696557,4.479134640528925,5.230917734493036,5.723172006188495,4.855631054612922,3.6657296364336327,3.5461589336095227,3.4268135919423957,3.56139786081306,3.4144732836231992,3.105703043477904,3.0521446758313444,2.8060558012411008,3.3150192495201765,3.89150934172103,3.914977498107324,3.958968711975264,4.4308904888215155,4.011183419952091,5.465174936166445,5.738739198815699,5.727453117317237,5.714546441484629,5.9549372503555285,6.470507176857611,6.624915992262778,5.974143625300601,5.636160734968618,0
Energy,Fossil Fuel Combustion,Commercial,Natural Gas,MD,CO2,1.3151005360004748,2.081128214801524,2.3219556648832786,2.3751351768385445,2.405540610572408,2.544810713183239,2.491605576462689,2.730349807543113,3.156839829421711,3.18090236201143,3.0557762991537865,3.294093131291568,3.524244599743447,3.8860888429229847,3.8623600254630475,3.871390870629539,3.4643904615152272,3.8951555790726253,3.8700955991494665,3.7982741612816655,3.6820407963513837,3.684005532265048,3.533880372801257,3.9348304832043866,4.161094597457128,3.906358937957922,3.9079700767384047,3.987637329835242,4.261631775629668,4.2176531220532745,3.7193124419658727,3.639642918347902,0
Energy,Fossil Fuel Combustion,Commercial,Natural Gas,ME,CO2,0.08976032320042104,0.09964945362008629,0.11924953021109251,0.12446772461958791,0.12845791116514166,0.12868572630970865,0.13690723659909138,0.14527541647055794,0.13199959323077295,0.13700485958480643,0.1700078296376449,0.16524946422243622,0.28606416463040846,0.2655194005741391,0.26616821965956905,0.2664633952233908,0.26335512814906537,0.3267678511622383,0.3331617020439239,0.3067842948947463,0.3219041138611246,0.36483560938065623,0.39970013685844885,0.44542448674229235,0.49421277614265424,0.5492969976970824,0.4663532122444124,0.48848372398837525,0.5254015877409178,0.5437409105306968,0.4916004051541164,0.4984273318771255,0
Energy,Fossil Fuel Combustion,Commercial,Natural Gas,MI,CO2,8.66559789265085,8.975804635754061,9.433074768271021,9.761636186003715,9.924503960742083,10.485017565743847,10.808083422012846,10.36964988628811,8.846786897081751,9.694368279435146,10.165872067155227,9.476889344461863,9.55147091197492,10.179907610252263,9.537712239864248,9.40930614374209,8.32837999729541,8.882597847242216,9.365935286933047,8.879116932372519,8.231760707868318,8.810033506616856,7.810751511632544,9.288092384478446,10.06075630095228,9.204746539154934,8.750974640291338,8.98319825150548,9.985749375537562,10.16380493830209,9.007522936552457,9.05393301345159,0
Energy,Fossil Fuel Combustion,Commercial,Natural Gas,MN,CO2,4.16831821173011,4.630075976838737,4.436849813055072,4.64927307883645,4.5092716195087865,4.876880861484532,5.312743687530168,4.981561440267182,4.453579196228605,4.7644236460497735,5.149842684126932,5.044334240130617,5.587340205490253,5.430615196062751,5.16181536601572,5.152368914054519,4.7111542524881855,4.940738401185222,5.412628966029071,5.262163014612066,4.83026293527336,5.063654739254546,4.501393727336359,5.745540956280728,6.065194105411056,5.10999672337412,5.069620266757246,5.431588244888584,6.08319664840219,6.2963452816212335,5.6477683751568355,5.706002030249721,0
Energy,Fossil Fuel Combustion,Commercial,Natural Gas,MO,CO2,3.1961276648956565,3.396660868020278,3.2544784656984396,3.7138535238455543,3.5373000208667014,3.4821124876793466,3.8947455571422136,3.733211962747615,3.3261667412531417,3.391613711946512,3.3744478320406306,3.472152219469491,3.3299739714037697,3.2982288900518406,3.3326788955978164,3.2683840479662054,3.0760027816086732,3.203513767094992,3.475296325435534,3.28017081244419,3.2703969394353334,3.3370743353441674,2.9312759804213098,3.4705239867835687,3.9130079438814978,3.2772074923297323,3.083677281917018,3.0757517406184878,3.749235701129268,3.6683611375696628,3.2674041784702332,3.3778175465846783,0
Energy,Fossil Fuel Combustion,Commercial,Natural Gas,MS,CO2,0.9647371392140154,0.9742199524504906,1.0064276705214992,1.043001299905267,1.0546846635952087,1.079854955209958,1.2139638959989976,1.2134239298258769,1.1930405713202885,1.1179702747437712,1.2033083921785341,1.1724792316766552,1.1685471310664308,1.2616950876481938,1.208909288174467,1.1403401605903987,1.057832800774778,1.1344793871112564,1.1017184577637509,1.03657836435274,1.147956322147525,1.0934442517348604,0.9619892596203808,1.0464133959203006,1.2089587970913263,1.070811632793879,0.985616931891186,0.9647117732751928,1.1409958811254264,1.109051708421289,0.9960610642055793,1.0498450243620678,0
Energy,Fossil Fuel Combustion,Commercial,Natural Gas,MT,CO2,0.6649504369948155,0.704207235074567,0.6297099857170202,0.7500454821892829,0.7068642573389513,0.738163003972247,0.8100875480316779,0.7612495517065188,0.7055553478883793,0.657304710054548,0.7376232007258869,0.719518172138668,0.7979712567068602,0.8215170253763863,0.7305287369587053,0.7253283334413161,0.7126111208797377,0.7134546407623793,0.7741360186727158,1.2654188473912233,1.1006409362951053,1.2056523203255034,1.0455943115027992,1.1502114097991607,1.1708079234103237,1.065996023276496,1.1660417621332382,1.2858949723504953,1.4507491415977587,1.542352680974482,1.4542671475110307,1.3832073829458438,0
Energy,Fossil Fuel Combustion,Commercial,Natural Gas,NC,CO2,1.718542842769627,1.8869982899149065,2.0065145483284677,2.0539298584836434,2.145912012478389,2.051001819573647,2.2249548540167843,2.091286594424546,2.013392025630603,2.0909171884309115,2.3653124400243155,2.1377720974674768,2.2148977711471107,2.450053716857811,2.4956722495374675,2.6251873886453487,2.5480166829456703,2.491863593920645,2.657270104866761,2.794774131252122,3.0416350233421174,2.6869369606549163,2.637277275104165,2.9730148553662428,3.255329271480659,3.019122573469552,3.0584389698860917,2.939829969036127,3.1558459425456435,3.1250431660068076,2.8525419138558377,3.107407736402989,0
Energy,Fossil Fuel Combustion,Commercial,Natural Gas,ND,CO2,0.4367164479318231,0.478157511942799,0.41822589929708,0.47317913570185494,0.47978896840976304,0.5226064426021033,0.5616911237989856,0.5306241645802585,0.48116665883236703,0.47866736600676163,0.5270562082254101,0.49670512806647354,0.5445424315567697,0.5030530563277639,0.49712703596034025,0.45854639261694097,0.4344774853375678,0.4968654576223607,0.5437921624748833,0.5292002539314532,0.5068062621697939,0.561624759977125,0.5202741316316951,0.6861701101434908,0.7357819887977805,0.6519594423533773,0.6290001119992711,0.6753299370030701,0.7587606749102085,0.8436575061010073,0.7721444623962276,0.7342344365819106,0
Energy,Fossil Fuel Combustion,Commercial,Natural Gas,NE,CO2,1.869261392580061,2.076971713527531,1.7744095645932043,1.7868340159765925,2.0253264701962457,2.0835186092109472,2.1764536081828427,1.790969346930788,1.539287291938901,1.4627658380322006,1.5414610977790222,1.5020214247223624,1.5105272193666996,1.5174964781613194,1.600408114058414,1.4688137661387388,1.511447921585431,1.6243392646859618,1.8702752134835778,1.7083924320756934,1.7076069590783356,1.724986539299716,1.434246258531805,1.7706127221859895,1.7854608882709206,1.6475734803758157,1.5102775232930004,1.6182773224461862,1.9740360117385922,1.9994439704687363,1.7837648461319295,1.7886366319562508,0
Energy,Fossil Fuel Combustion,Commercial,Natural Gas,NH,CO2,0.2699198331115864,0.26740158196021013,0.31325647368677956,0.326356073170643,0.34250123809206917,0.34801466033385287,0.38089928073964263,0.3998391349187845,0.3635033046089588,0.38425083874250354,0.4652061462219838,0.41320338850602095,0.4880949876999332,0.5336408912739047,0.49473725745182456,0.5325551539122999,0.4595158917481874,0.509125222705758,0.5444297925266419,0.5455004925144727,0.46129843038364626,0.48984772367695506,0.44575196658021293,0.50307826348543,0.5140830228515099,0.5248485186088307,0.46381350788909903,0.49424177805074493,0.5524699730219954,0.5529398330812404,0.4937702422314464,0.5108800666199624,0
Energy,Fossil Fuel Combustion,Commercial,Natural Gas,NJ,CO2,6.162211227449071,6.423872718956033,6.987926559219717,6.949855062259508,7.236143178879796,7.5589315544604965,8.199257657314734,9.1873298636788,7.967763057204258,8.96978250073953,8.622228652214295,7.093820921041815,8.025316999111132,8.799259831146854,9.305903724538227,9.37315121803037,8.398126046575099,9.266737153188666,9.249355259136497,9.848689104243922,9.892477587933358,10.44932325868328,9.53283498499969,9.541302255841593,11.187902668927677,9.043661754859182,8.453141394123445,8.194820280617353,9.201929297066357,8.554680767779695,7.609618630196462,8.26850988852253,0
Energy,Fossil Fuel Combustion,Commercial,Natural Gas,NM,CO2,1.3325628052826446,1.388111560080015,1.5494979171307284,1.544164433420485,1.3274516070547722,1.297377400920919,1.4530739766639225,1.4870958506597083,1.41403104075974,1.4035563735217125,1.3912005770942781,1.4037965904080933,1.3165223511205102,1.289787040228938,1.3865494906407994,1.3155933320652766,1.2707389954128496,1.354783650579577,1.3755805649941155,1.348512897496844,1.364969136809971,1.359619641715505,1.352234695567095,1.464257419087219,1.408085162776337,1.3758355147520662,1.3782128968167067,1.2990486921810462,1.4196099249365188,1.6172657456533346,1.3848323610364692,1.4728670730942701,0
Energy,Fossil Fuel Combustion,Commercial,Natural Gas,NV,CO2,0.8257310870928414,0.936544998595196,0.8859526089454132,0.957987295162963,1.0218122043405264,1.0268292100171053,1.1269375905639163,1.1967573310784327,1.2974296301665071,1.230601013960583,1.4026444353823473,1.246201009378977,1.246042774327511,1.3249949127450689,1.4725815169473644,1.470990494412132,1.5466930669150294,1.552372851469136,1.5880176439050575,1.6142014768760948,1.6253632490629504,1.6739828717585143,1.595560453301122,1.7130650241489114,1.593540798725655,1.6436574902188228,1.7144062608513106,1.7684621637243254,1.7953952424714803,1.9371662074541363,1.4180679143185004,1.6876370046377516,0
Energy,Fossil Fuel Combustion,Commercial,Natural Gas,NY,CO2,10.6804136883329,10.916890730708747,11.89873730669287,12.043155066552012,12.194246208082768,12.659179382669228,13.77721931714035,17.479652758951847,18.321607257049095,19.66396763919124,20.08961338383405,19.05907273479849,19.73337791772191,18.52226165689114,19.590235876651853,15.024203270425854,14.123574979136793,15.48986821112769,15.751215761082378,15.22967926526901,15.63730971738557,15.879088699007013,14.816631770930725,16.506695292449304,17.53149217756094,17.008679896610495,16.517549290361742,16.926090460348146,18.029923654497825,17.61509080635537,15.804934502705402,16.287064246057984,0
Energy,Fossil Fuel Combustion,Commercial,Natural Gas,OH,CO2,7.936654627371985,8.355207022460197,8.856435619055453,9.031237912905407,9.184926819193374,9.651323209209727,10.443050522568987,10.181327936109978,8.63774329348177,9.21633814533343,9.85390716749767,9.54572114123512,9.010542817689588,9.870099573662356,9.445148152301075,9.228159878649004,8.112762637631986,8.832921915995206,9.228791689967277,8.87471002747874,8.597418262804208,8.840848222422997,7.985397897013353,9.252927293419845,10.280865647161841,9.431080186471931,8.66679402301418,8.895084176496006,10.089740613521702,10.003458202119337,9.178887142805987,9.620611929791583,0
Energy,Fossil Fuel Combustion,Commercial,Natural Gas,OK,CO2,2.022535396431789,2.137400847434044,1.9147595478711392,2.2102579221696788,1.9919752858067863,2.1369162784682794,2.5043411333556276,2.407102717186629,2.3411609270841676,2.1443915657959893,2.3141078275911866,2.212875826301926,2.2015034624353187,2.050287707353387,2.0310993074820183,2.151987898383129,1.9496997739190793,2.2313833903305413,2.2419072619836107,2.2712019727271837,2.291659575903821,2.2092026080189964,1.9801224454413437,2.4294145261662248,2.5879539186858986,2.324245995746971,2.055573212581736,2.0838344825531996,2.5645180336221007,2.661924996220818,2.3132580158560048,2.387056774300327,0
Energy,Fossil Fuel Combustion,Commercial,Natural Gas,OR,CO2,1.1133261439900386,1.2263277412615217,1.0826237510406511,1.3286823402010788,1.2778769597645394,1.2441922597004325,1.4174674821840811,1.4198986722703306,1.4487565974664685,1.6052402714686484,1.5691924939096458,1.524929922335701,1.510367763310607,1.3962603198591677,1.4040214268475033,1.5198341532297286,1.5331372417882607,1.590054380513344,1.657944406247929,1.6196171913238735,1.4599188886441525,1.6487998109100461,1.5643280705140432,1.635309332607568,1.546435067194528,1.4267963055788762,1.511653196485462,1.795403517594129,1.6372672339251848,1.8029359525355715,1.5840869121620211,1.6645861977733514,0
Energy,Fossil Fuel Combustion,Commercial,Natural Gas,PA,CO2,6.951633571705207,6.92227985249008,7.41046846028047,7.255395713906737,7.628325447625381,7.905511650545645,8.48241153890107,7.9157320732567475,7.207252126454316,7.879531813865244,8.002716714470855,7.649365276156933,7.511283826286776,8.253139528045965,7.869009566651364,8.007121499142574,7.194794056106338,8.037841653162413,7.9817998520778355,7.953082857042082,7.809749996748649,7.796760644798321,7.038918596191997,8.305644448311803,8.887828884559678,8.437265387170273,7.875781937348879,8.041096085007299,9.072667183761208,8.880713844614194,8.152660050939964,8.499600851133218,0
Energy,Fossil Fuel Combustion,Commercial,Natural Gas,RI,CO2,0.44065610624548346,0.4519928693077924,0.4912249414727711,0.5021189436872113,0.6625555865312648,0.659208838284292,0.7174363716355487,0.6763772861104567,0.6259095756252419,0.6458876384224809,0.7229857075667285,0.7007555279217109,0.62799110091198,0.6207312546622223,0.6156600499827182,0.5983879114490611,0.5379801971878363,0.6128290364415081,0.5901266129026825,0.5830919222108175,0.5687947339719525,0.589836163585852,0.5521970262831142,0.6362600789426696,0.7181901970448736,0.6537586810741576,0.5860367799885536,0.6172211345387885,0.6932044293075986,0.675803603239076,0.5889784593562453,0.6129395011506177,0
Energy,Fossil Fuel Combustion,Commercial,Natural Gas,SC,CO2,0.8425544928646878,0.8642325341232937,0.9106763721348445,0.9295253922636034,0.9790992839820961,1.0292732824408242,1.1098507183992234,1.0705370386535196,1.088810804018596,1.1236522592304279,1.2096956619207127,1.14446814526777,1.1545681501489655,1.2313196682225125,1.22356659636003,1.2140834672182708,1.1410815150826983,1.1511441760124976,1.2233995259743708,1.2021293216877729,1.3113273117255988,1.2000737941881845,1.1597412343079563,1.2884319637942088,1.3772465398841933,1.295028528674663,1.295355042224609,1.2612251443952047,1.3857215753951697,1.3963330023273468,1.3029607035089188,1.412934975246829,0
Energy,Fossil Fuel Combustion,Commercial,Natural Gas,SD,CO2,0.46248394284819544,0.5138607921168405,0.4931431644788476,0.5751853212795973,0.5507466717200317,0.5749414716752094,0.6224503431423807,0.5625773252361869,0.4961931611993456,0.510316550624027,0.5402565656925785,0.5135543014851008,0.5449676477063503,0.5518555221532906,0.5302652979450911,0.5248038776216812,0.507785261219191,0.5499380337409635,0.605482869982538,0.6152145422196998,0.5890499721851793,0.5927582487054001,0.504392358751871,0.6644770147543985,0.679085551521846,0.5818420510288459,0.5830737915740213,0.6023769768183673,0.7091176792482321,0.7679514308574527,0.6765128624270718,0.6558616932429494,0
Energy,Fossil Fuel Combustion,Commercial,Natural Gas,TN,CO2,2.3997842992776866,2.5294974676140405,2.556138723541791,2.789425785832582,2.7854887925403617,2.8064858585487698,3.202674169651768,3.0162297465677477,2.8659203719352253,2.867224956752728,2.945649123349063,2.9217636051165385,2.9464290044819887,3.103603169430996,2.9735748450515262,2.982595552949766,2.844703192877025,2.8137487680799715,2.981186171160184,2.8316222275928897,3.0569460695505413,2.8124803631547692,2.42268743418614,2.9124969535595087,3.1291134643860095,2.9070405849221124,2.737272189953759,2.6935014727716315,3.232134379968681,3.1363039160255766,2.9002783295570986,3.230822286258595,0
Energy,Fossil Fuel Combustion,Commercial,Natural Gas,TX,CO2,9.557770784817313,10.026653419384063,10.332774642093318,9.610246474872977,9.996738264411757,11.606899940239924,9.82203292957706,11.82808343336941,9.453900070452892,9.462097250046021,10.476186922129388,9.346879634108669,12.425825779102984,11.943115741704888,10.560696760076196,8.730538558977985,8.039561181947436,8.78292754929148,9.11667507253304,9.103338129558487,10.367970634072732,10.075455749842204,8.810612691197122,9.445778381035346,10.130116708797324,9.636352156998617,8.95468009379043,8.952294933831295,11.641943331983502,10.743442793728297,9.344218143527426,9.818583917022389,0
Energy,Fossil Fuel Combustion,Commercial,Natural Gas,UT,CO2,0.9399279395631279,1.1029116265106556,0.95346340196483,1.2970344033950745,1.5066543825062677,1.516228146862162,1.6345025975679122,1.7223390533624898,1.7198708062501875,1.7022588290118428,1.7507506363310634,1.7297244497236222,1.8878002480821656,1.7559860037570112,1.7478840011283707,1.927041613154695,1.9136040670128993,1.9302495934335888,2.1231486648435514,2.0573874425193015,2.140781974724982,2.2331105771789344,1.963443928102666,2.3046659678406867,2.1128165793837455,1.9812264255087735,2.160124375208802,2.274325702267927,2.334542494612945,2.6208470489692526,2.441066711996299,2.44036507707179,0
Energy,Fossil Fuel Combustion,Commercial,Natural Gas,VA,CO2,2.277228982547337,2.4453016725767487,2.80742593733782,2.9320008031549345,2.9128828700726657,3.1135357397807297,3.258975944082635,3.4239775541405746,3.2283617329140086,3.387577909881223,3.6330790293509985,3.2967507296225813,3.4492471013611525,3.5205217322125097,3.5294373261322742,3.6407107645833885,3.4311653999300105,3.656275913962794,3.692143678871141,3.7188967779539324,3.7553530627451894,3.5038457024398255,3.310154528755039,3.7453739141827787,4.010769557689067,3.830790911685144,3.753894679182728,3.7991535051147363,4.152776687165335,3.981283106401087,3.785360165685578,4.012112163060247,0
Energy,Fossil Fuel Combustion,Commercial,Natural Gas,VT,CO2,0.10716935385673046,0.10822889855743062,0.1229794082784636,0.12616694270313178,0.141223914759193,0.14127801249278085,0.15203071040945615,0.16379975711660277,0.16008800224890604,0.12410091350763278,0.1397215256101496,0.13128535755208023,0.13176385435131596,0.14715085179818788,0.1449798961832848,0.13899206389616203,0.1262552340238252,0.1396870203441629,0.13326468081756956,0.1324195277721525,0.12764521509175228,0.13271579324783447,0.12434525187848885,0.25549056354341776,0.2601677635746148,0.3208995177297792,0.33862724737511224,0.3375593161334181,0.40206068371600723,0.4019506215619726,0.38416700839850704,0.4121060344469918,0
Energy,Fossil Fuel Combustion,Commercial,Natural Gas,WA,CO2,2.1180987298509795,2.2910848176160377,2.0785011950287293,2.40476529217034,2.384476704642224,2.357148456649015,2.6529756952603005,2.598874759462159,2.532098391789662,2.8387619316606907,2.799912918731695,3.1438856736226697,2.5423142063242414,2.60766603303862,2.6450068532251585,2.7189990681352336,2.8083416854781635,2.921751460481329,3.0764055922228173,3.0464986625944537,2.8185084228672803,3.0886439713622327,2.920758953564436,3.0579838989196073,3.0137600588255333,2.810622557002644,2.9470623518041212,3.4281023882882686,3.2753274869504003,3.4997142241430303,3.1883903551420927,3.314123133134083,0
Energy,Fossil Fuel Combustion,Commercial,Natural Gas,WI,CO2,3.5526667422819083,3.8374098684971405,3.833994949423123,4.137808435689748,4.231238699566676,4.559363974437951,5.042590686938706,4.7601716842939625,4.3642166397493645,4.388722335366632,4.361547143446431,4.079094526306416,4.601210802593937,4.670486256099107,4.397617305181483,4.6318654020461265,4.640132360843625,4.788313962572595,5.2336674648354595,4.923415385427489,4.413834376417178,4.6905841627188005,4.1677171479682835,5.4174925577928645,5.879579507488067,4.995427551889132,4.906867545987583,4.970626962794655,5.543044905400685,5.6366662265311,5.1028217316137265,5.607333978797967,0
Energy,Fossil Fuel Combustion,Commercial,Natural Gas,WV,CO2,1.2198033957105854,1.2033071188209457,1.3858628379179199,1.3789154747958443,1.4138348980411866,1.4586861808863505,1.5780416286758838,1.4690492150733037,1.4105266267801624,1.5297282907207437,1.4878080319447244,1.5742017953926966,1.3963566832042846,1.510592973746392,1.4145895584740502,1.421669017193058,1.396994229436675,1.2914680672700838,1.4431162146428915,1.365450278956073,1.4252563812556382,1.3877247876835213,1.299330863499186,1.384963586308018,1.3946263823388723,1.3396390651928365,1.3193235020778786,1.2833064893316317,1.44651970639759,1.3541977076561786,1.2398766596997137,1.30732518655545,0
Energy,Fossil Fuel Combustion,Commercial,Natural Gas,WY,CO2,0.4938414934798966,0.5140739460283275,0.45147509806907365,0.5757694274958156,0.5185125126450522,0.5553888922854602,0.5473105574740422,0.6102416745202793,0.5900158809253214,0.5490814915143017,0.5431308370765586,0.5350276959996922,0.5779218992988538,0.5548824433198358,0.5505518621729353,0.5083987791709884,0.5259128548200854,0.5195805202011227,0.5579262952888678,0.5679597789008483,0.6114317445940206,0.6417430210730956,0.575780662265194,0.6641057392831914,0.6717733007329871,0.7258340674771853,0.7631282482642568,0.7824614382735822,0.774198113390823,0.7381871009956363,0.6980524646337383,0.6880268421318942,0
Energy,Fossil Fuel Combustion,Commercial,Petroleum,AK,CO2,0.5433521061337911,0.5538365008148051,0.7436340132819721,0.7792332084630331,0.7806242536941513,0.6227527262799033,0.7038370876739839,0.5475542985802884,0.6115608481500192,0.73013811805843,0.6169508552362521,1.2186188009135352,0.6157710173794013,0.5200071342988623,0.7510719021990588,0.8817826819357707,78.6999313232133,44.7244786664991,40.40407279131411,5.414189669756165,7.66445976836163,8.447877002469925,6.40961683381808,2.5053226127779875,1.7045509055787256,1.9576124675166837,1.963415370906825,0.41357558670047884,0.4988968208835481,0.4990829894940193,0.43838973422737704,0.44605385397083686,0
Energy,Fossil Fuel Combustion,Commercial,Petroleum,AL,CO2,290.8635014554281,121.02186199906625,7.630835817670084,5.884246573933402,5.220658685192058,5.500324229154882,4.421257885122465,3.8884677833460946,8.947000586888288,2.5657400369489127,4.18640302702627,10.971222465336314,7.131920702075512,10.55736741290572,11.0946698843613,11.772129895345591,5.303143281234154,2.535469149083099,1.352905933962856,1.026811932977916,1.3853214063832373,1.4982842818643256,0.8206497315717046,1.3475426756898696,1.5314948127548316,1.6885747864434457,1.8327931500634063,1.0574034313765375,6.675819707396102,1.6834418988862379,6.943853715722416,3.2479079854692,0
Energy,Fossil Fuel Combustion,Commercial,Petroleum,AR,CO2,0.7850749266049513,0.9738464112137418,4.150906765784111,2.57714914371122,1.916979841852198,2.0364977889176585,2.4014190002882154,2.314950786400848,3.005396107907771,1.7159262786204925,1.9881092546088739,4.132645971041104,1.914954974728479,1.6656406058065152,7.303503526186551,8.79987498919621,5.078535147397492,3.8271606841768335,3.767803023795745,0.604852937660767,0.8368239419992491,0.3850343163930034,0.1914860931592831,0.261387102218728,0.40322330621045577,0.8627922408228813,0.765642921445034,0.7595771616318945,1.3867998001219146,1.6018975325542169,1.1504251876157028,0.9717206491692615,0
Energy,Fossil Fuel Combustion,Commercial,Petroleum,AZ,CO2,1.3502306248131744,6.382511707900492,0.5462224781262538,0.709183626318368,0.5323582575116627,0.66967909767306,3.5286784363667585,1.8811832449027779,1.0266961025780132,2.3348628058419987,1.444355082353023,1.644467391762218,1.0734404741796248,0.7284478278919264,1.0442661417699717,0.8722460675400795,1.1814569514448023,1.25619745343319,0.6284560045109115,0.6806802154296419,0.9047437002054974,0.8002907443626628,0.5772315180053489,0.571893553485595,0.5003696250143947,1.2750762620167846,1.075935554021125,1.0752800236081184,0.7847083543321113,0.8474771412475736,0.7988199511359987,0.8856330664905171,0
Energy,Fossil Fuel Combustion,Commercial,Petroleum,CA,CO2,427.1005515342961,371.1671755358728,29.892056075859145,17.451655777671906,9.802577657211543,14.35595755466778,35.46391446099758,19.10750167383405,55.2763743861386,13.02068161221735,23.199073095664698,40.3820199895532,12.324789680353417,20.466889914119957,30.629680619997632,25.338038553010776,23.34510723996811,13.836341505995794,7.093165047391911,10.180121642354848,16.001522861717525,12.502393703649433,5.106044664424648,4.722730716452649,5.467311024901313,9.549019059927216,11.370141707639014,9.445094527922908,7.4269669647058,8.025864336130137,7.80511499575534,8.23176473166839,0
Energy,Fossil Fuel Combustion,Commercial,Petroleum,CO,CO2,4.349314653316022,4.835998827629284,3.216030037288802,3.356830338694911,2.3217382783337026,2.207280469863127,2.8541985210769507,2.4123728706206733,5.360497640788003,4.761405692108828,3.451860613804852,4.518664353745624,4.165366718244388,4.464234068504894,5.060754702976665,12.938239402695718,7.120746026881537,2.128755938050636,1.3244605692774438,2.2338982118581976,2.3559540166408723,1.8533576164689904,0.8419740147797221,1.0647526541667427,1.0029492601390546,1.4025887817317726,1.2551352050432516,1.0113538759994738,0.9539660498847715,1.31087407697405,1.1162278080977563,1.045081300684671,0
Energy,Fossil Fuel Combustion,Commercial,Petroleum,CT,CO2,511.134446315811,319.7613632441822,437.8903336448033,212.8055552416718,327.80420758184397,223.6679707616505,246.0494531554823,196.2912476858352,149.84649083772138,134.1925392231973,153.77178201594919,175.12808609552843,207.92204800757673,386.83401222758454,228.43310531135356,278.3320493012822,225.7918727799725,104.88434325924433,63.77116391806518,52.627119202182136,46.8421775352027,8.276715938226005,4.868750372140975,5.65523986311137,12.331755211570052,15.6281718521054,19.008633072445864,24.105892918838705,14.431381823429438,13.701332983602674,7.297705120643725,17.15079191833373,0
Energy,Fossil Fuel Combustion,Commercial,Petroleum,DC,CO2,106.53918204175608,106.2312045602202,127.6643340525206,98.90054777829965,81.98111907218686,115.17240168054953,87.60985483518027,100.47789273772841,123.75560889280814,95.2404931092847,101.41361717030132,87.02668287459727,0.5392100640052364,0.5025305123324162,0.5844551472722775,1.4326655844699332,1.3023159177465817,0.5136625072840426,0.1381965381060937,0.22497961031377112,0.32144718772855385,0.3704021557667995,0.05305587042793907,0.04935986117262646,0.042460223200313396,0.07485408363486099,0.14168151502588017,0.05212158673103866,0.05554394417331897,0.051321102484739006,0.11551399407152932,0.05230660216230565,0
Energy,Fossil Fuel Combustion,Commercial,Petroleum,DE,CO2,88.38960364856972,29.617442990729245,42.37231923237379,105.79525420858101,78.20505668654421,63.08998941728323,107.17071553573322,98.26344369052887,63.66349057416681,68.6532406567418,163.25592086758843,154.44108819362393,103.04166987540962,131.68482429125217,94.34071436586515,90.57737950370125,88.74280655306615,55.175770582957156,8.501210649473473,0.7766204782565849,0.7558841571085305,0.8879016166777641,0.3672793539155558,0.7330012811703432,1.4187308356469257,1.3180402859574278,1.4182149507540627,1.185899666219954,0.8065949015378612,0.9472103907117001,0.8544301249315815,0.9363183615899349,0
Energy,Fossil Fuel Combustion,Commercial,Petroleum,FL,CO2,1170.7466581144483,1021.541463420604,856.2922177536686,90.34357654588618,95.90406519967634,105.73575478675643,91.43878690145452,81.78719858783992,32.401964719235636,32.30783743259138,20.095679112195235,18.566738729193276,41.135967728688406,17.016971817172575,65.71319622341744,188.69095225192336,47.51808461502849,26.217120046403593,3.752704468584155,8.883863515104727,25.777524206623013,12.15020349216866,5.213875215831899,6.293542845298438,3.9917229098324754,5.093503156089383,4.51457255347909,4.1695388754178175,2.977758476946668,3.27994170892103,3.006859893780112,3.106249720696554,0
Energy,Fossil Fuel Combustion,Commercial,Petroleum,GA,CO2,59.46954728680281,32.76421585332981,18.77506916699268,30.37292234493741,65.45963748199149,20.56289553635161,18.399893868733567,15.00294806093611,12.227944393486483,15.941796499574647,19.836581818103166,26.160979144621688,19.976096903749372,25.280102016220535,9.340915950552318,10.62854486780375,3.4057911387870634,5.8305982642379925,3.639830763795467,2.7904443315379828,25.696866097817786,9.368886764461305,2.6601724854869633,4.614089471110632,5.368135603111173,4.295030268973425,10.935331155107647,2.9388556549653457,3.5993752414083002,3.770304841755361,3.888984909340115,4.620355414688397,0
Energy,Fossil Fuel Combustion,Commercial,Petroleum,HI,CO2,389.9541860879497,9.081721669436728,496.7425201600986,16.530413076426804,204.40646850869499,29.64657931071872,6.026078702946711,5.411733426507869,804.4831881533362,2.8023877793031993,4.066641332359441,2.6134726456004307,0.12537777517207965,0.11821307546618702,2.1917169539828567,1.5109557389553938,0.549652124454093,0.35149675513034534,0.09116039736796938,0.12227826980519314,0.11948269221827067,0.1360324124373621,0.1091054210644786,0.1093306565549631,0.13394542038383184,0.22161749823680238,0.17746627798701062,0.19345916680720626,0.17399169809099296,0.22105467908046858,0.1834742627792661,0.16195256439847106,0
Energy,Fossil Fuel Combustion,Commercial,Petroleum,IA,CO2,30.248009490323803,6.053315493330633,26.985778507114624,21.32063098762185,19.73344419621403,14.070200962291269,14.12599424579626,17.293056701768858,14.987981666332594,14.41251352582997,21.343391902802463,25.662451923385593,29.03504324138125,35.788120386613784,29.79967099460705,35.328311036187316,33.03441441292787,38.757102673618625,31.65539240176248,27.658873734872024,39.52807932044523,20.911452742452603,40.51205297251255,38.36832916799291,55.20088609612373,54.998660393792036,31.893033594755103,51.48421093853898,37.694753010853326,22.58988538706989,13.443398832781574,20.548761360905598,0
Energy,Fossil Fuel Combustion,Commercial,Petroleum,ID,CO2,9.446441245606668,1.0685459418254972,6.820688429597079,14.10142022376914,4.1949377625271245,3.4458249090254633,3.8409747982794453,0.970259879256854,3.141061559952253,0.7881825664510566,0.9132775711427141,2.06795708934311,0.7256598798068965,0.42235341918952546,1.931128389279045,1.9000616322839556,1.118098018228042,0.34529221720515,0.3049162858202368,0.34786854696669023,1.4507448829944742,1.84046661129804,1.218487439791678,0.25524049462073445,0.24008155518248156,0.2830084960107093,0.34765489578970354,0.3199852222991817,0.5998704147647597,0.44540393628116054,0.8145126846216026,0.35148643789716433,0
Energy,Fossil Fuel Combustion,Commercial,Petroleum,IL,CO2,108.07780650839419,35.87364795428266,35.45695709434117,40.22872612684598,52.72583385264514,55.35228620754948,118.21628189988662,106.81313072574117,71.51810523667226,72.452380797828,35.595728727029055,55.27004921951754,22.356673452550435,19.210494816647095,42.3595938457736,50.84584437111494,15.125202688139824,15.329079996668458,5.1516852744750325,5.525732195444167,14.94142799013318,11.8062006723423,1.26940855912776,1.8103109509863853,3.29804122982618,3.223067244172501,3.7597535207811785,2.5423237955082074,2.689580125033814,3.261841122859977,2.726502656016169,2.6924243515722432,0
Energy,Fossil Fuel Combustion,Commercial,Petroleum,IN,CO2,44.515949322463555,114.73416939242902,33.44585107988181,38.56036501187633,47.39837933424968,44.61126825332971,35.400674319559535,40.58105229849388,79.07239311289626,18.64503131516616,21.142938202766018,19.058333777789592,13.762840186233595,44.320033894266246,72.81081875670006,73.00066698339214,17.14861379822939,13.976755836964811,7.148803183458545,12.302324561906394,11.593228954486875,4.386857844910612,2.02329086555868,2.124437818492806,8.075291352715062,6.351042988055037,6.829501867892095,4.241370112145302,6.917519796265078,5.489919293039122,3.7328456857238796,6.090432911918935,0
Energy,Fossil Fuel Combustion,Commercial,Petroleum,KS,CO2,15.324982690504172,5.010407488328367,12.298660636384295,17.103621245537074,2.946905265594295,8.16197068473253,3.1500761677453464,11.794467367016301,40.978370953148946,1.73258923548693,3.8907521990842246,6.297292705500698,6.591368806946539,2.3663221559514866,3.7249412602786895,5.785192697209163,3.827513989528323,1.8673593585963821,1.1246483389796433,1.0071103333637772,0.9684555820521702,0.6688956495503331,0.4213985586068201,0.4493921749580897,0.5236680248058396,0.5827514331295737,0.5457504595063916,0.5537639844559985,0.5194652059589021,0.5326290256592049,0.553069507570393,0.42120188284074817,0
Energy,Fossil Fuel Combustion,Commercial,Petroleum,KY,CO2,39.71561915629481,42.84345517512306,24.49817830987233,33.834930694983576,31.349196812677267,49.12722237446207,46.53403803948429,47.303177989719664,54.6114715979431,28.460927310803807,33.17308432703053,27.408119689451862,13.68200442344817,16.585229850271343,13.6047516145133,12.055943680819189,8.695771239507843,4.630129663624817,3.243343691022138,2.7697768732210624,3.098774837221619,2.537440081910967,0.8377391930316116,1.016238558910388,2.6397488357260177,2.923089720835341,4.449746150952894,2.63952240392658,3.414028603403973,3.788326767602402,4.389392157165703,3.1855992840337475,0
Energy,Fossil Fuel Combustion,Commercial,Petroleum,LA,CO2,27.95958231307179,66.323105914651,7.403652620534752,10.992818639732024,5.581065319566073,2.6140712109171265,3.4515339727955356,1.2389052051390892,2.405734354337138,4.022347729023498,4.84534350174064,7.228568548360094,3.794277598515083,37.47570844773962,62.012841525009996,42.028003562107365,12.336068917138592,6.006034814040541,2.1581892333843857,1.4424590212139015,1.3091876851258557,0.7441102147141336,0.9495452002645889,0.786212678068198,1.6121275612442203,0.9899968867018152,1.1930362735004179,0.8882621773737078,0.7303532441407017,0.692827188076827,0.575415905782327,0.7807758852525593,0
Energy,Fossil Fuel Combustion,Commercial,Petroleum,MA,CO2,2167.566506186842,2228.2980330934183,1765.8247003357444,1257.392889321218,1438.1597232446197,1497.0865510917254,1169.057980152152,1078.7061652785565,700.0547203516604,653.9001597618528,701.5911509124696,313.3467017152478,329.0655771282485,886.9858562292202,1347.7961784037811,1291.4513119615085,569.7686877739227,406.0308319263711,459.02380557573395,340.8258540796725,282.4215136775594,164.8189782908058,105.32932498366192,106.65193978798611,69.64678365498982,30.92388604291848,21.416872415331476,16.477592692014827,10.855728671946316,16.02825511295432,23.549124370834893,14.476917242820567,0
Energy,Fossil Fuel Combustion,Commercial,Petroleum,MD,CO2,279.7071670355101,85.52650721549286,241.87542272625012,126.67834597392164,190.6786204762192,144.39325061087422,114.56918875376344,118.68868478575676,150.88108769018277,131.00748310374692,192.5395534245332,160.93516753159565,101.94303585579962,214.2002438257299,94.15334141259252,99.24649121072777,49.299298224886044,26.058194247589885,9.806429538287471,15.061570969864418,14.889223948111093,12.403587126793099,3.0096318419896977,3.880487061960386,9.54605934819805,12.71275889810389,9.749614292231803,6.917142766792945,7.784491754523273,5.981196528304483,5.964210461393298,6.942338889362469,0
Energy,Fossil Fuel Combustion,Commercial,Petroleum,ME,CO2,1037.662552266348,1208.949899812734,614.8513472357452,417.6556144000652,422.9584830583013,242.2868121625515,302.2130886305961,343.0112087960492,234.2400309513338,108.1665009240682,177.12029739406393,152.57299870559703,234.73807897083375,218.6816545858651,270.06839902685044,324.1206795790708,195.42732325508626,242.23359248306892,372.69019145529336,214.72535676685783,155.32484975598723,114.70207856665793,58.8793778149474,107.44312507505163,43.19926731971055,42.62432335496711,34.36607622176714,26.58399671650032,29.445561418322995,27.94078695969838,26.58560740458843,27.88590471922341,0
Energy,Fossil Fuel Combustion,Commercial,Petroleum,MI,CO2,42.352491028464335,10.601196715888053,8.661364198597532,14.912511772313028,15.79208258064113,45.2323709535801,64.98599771719068,49.96961724851572,28.66360845748149,17.29592398941556,16.5544612522345,23.27444705837435,42.55182169940234,51.0617894078085,32.828921211869805,14.53036108289465,12.446861146786468,3.760889883730009,29.97302596733985,9.824353574641203,41.8412896603063,50.86963327744217,24.038052859040903,3.8116191449070205,7.267112422586115,6.330109045567237,5.877670869932485,5.727324969708129,6.609079805193616,4.934002026235025,5.605513982911912,5.595036408935728,0
Energy,Fossil Fuel Combustion,Commercial,Petroleum,MN,CO2,125.49572329176114,140.31694687889998,95.2850598519591,66.57029844208353,80.98889395631136,62.659942301260024,76.8809579997532,86.75895442000646,89.86477163855412,81.75441450326262,87.4179815126373,118.22245954317,101.70848166453898,167.92992935536108,216.89238323484227,150.6124778739945,117.24486342382319,47.08059547560702,91.8942937520194,92.17731480871649,89.3258532372178,64.56657981237119,8.280874967221232,4.100216816612258,5.130572392850508,1.8000972302762384,4.282547611903359,3.6569529970681596,3.267418162622437,2.169189253734139,1.1981079521283642,3.0196861656627583,0
Energy,Fossil Fuel Combustion,Commercial,Petroleum,MO,CO2,32.15470612049098,16.29082724049027,8.696128190177873,9.67582345567136,15.629133678349424,5.211550533662772,14.479403391883242,24.711421115204928,24.03864634024515,20.196571634329445,24.596977039728976,24.26237931111548,22.341515532858836,19.631702314775904,20.882691132903936,21.036139265531332,11.616194392798265,6.720243148351831,2.246594955961749,3.154534292043294,5.291121420055903,1.6226109862871747,1.3785333759655873,0.9772902608110541,1.7310765921789646,1.6681708476915298,1.8400810656610704,1.4381996771022743,1.755593342831454,1.7717514196485216,1.5046274896252856,1.477336657674392,0
Energy,Fossil Fuel Combustion,Commercial,Petroleum,MS,CO2,2.743357836521846,3.1178212111669614,4.125758862259595,2.621855927393501,1.314539810308611,3.2277409360745684,2.4579749003621476,5.4219753914157325,2.8729803397946325,18.191838813716508,3.4925876407163905,27.752194202915557,3.4856476202020805,19.47338657570588,8.043740264573264,3.3636093456657896,2.455959373342358,2.3239128185072695,1.1492884864689812,0.516988458798348,0.8538972378051899,0.5952377139665352,0.41049139651649247,0.4750052407102208,0.6584963154359418,0.6655722340765927,0.7140181595739485,0.6397781872228752,0.5927880917019801,0.7209261614537099,1.1076108515415555,0.5227701121304003,0
Energy,Fossil Fuel Combustion,Commercial,Petroleum,MT,CO2,5.362970814194502,1.7657305009489768,1.959110138645953,2.766613305491767,2.011446815888164,1.6972423107119348,1.5216417636221018,0.6671787859124576,0.4241162010951253,1.1082147901976143,0.3624817161110593,0.08599303633701144,0.3536103269787121,1.3266365941406795,1.3012810931362724,3.14919217919906,0.10378107102631691,0.15935581316380049,0.6852079604393332,15.318117839649126,0.5023636029160968,2.2363748724811017,0.12464230257241696,0.3534799689500543,1.315930730145133,0.08574060560978218,0.10341682329215357,0.09735676123991452,0.07607809008248487,0.08132149593877921,0.08348596311533545,0.07350978972093716,0
Energy,Fossil Fuel Combustion,Commercial,Petroleum,NC,CO2,139.0107830020651,95.1686438920591,72.4568980014259,155.94459689954962,266.5087597845794,149.38274681649153,179.06754065001817,166.07676643989268,163.12428684418424,124.85315727378591,151.43608543446362,141.456966469879,75.36627028466098,211.56313804852525,201.64662014733514,177.31040974367562,119.67667414688431,45.81564041988132,38.76207753458424,16.18055636632038,28.904404213407986,12.551499094394032,4.675793240873611,5.55818300952078,12.54359134980453,6.387265031175086,8.602326429158031,4.115717019903645,4.428776170210222,3.900207622909685,3.5271443079051528,4.883884742496874,0
Energy,Fossil Fuel Combustion,Commercial,Petroleum,ND,CO2,10.844628545430153,3.8488222405463106,5.85987259625666,8.082992107454263,7.3464190607517255,9.511054035728113,3.597652581543004,4.529255524475995,8.211416410435652,7.444815647320804,6.4603637286374855,18.331016289539765,45.1024773896129,47.830872860913786,9.520812126915445,22.935600112859788,6.128901752932428,12.834705855616546,6.022611911381636,1.2845850810796147,2.1235585215750183,10.06368538960933,7.710459497534154,1.7231373073795981,1.7589991815574098,0.7509199646781173,0.4809972817642667,0.29218995390166813,0.28873808868062,0.2642496372255062,0.19139067425112372,0.40483217422901363,0
Energy,Fossil Fuel Combustion,Commercial,Petroleum,NE,CO2,19.177552712546202,13.711703995089348,19.886689237113515,10.896656154686875,11.118324804135295,2.0592895425856135,1.7857629681772726,5.602735178964202,4.645197657240542,2.024652456212016,4.587646947147169,11.205862642109045,0.980996196757366,8.356441638185126,26.026151182580058,12.819565107729774,20.727283509903195,0.7084664039420607,20.560804958533524,3.630673670938969,0.6375771357603132,0.3554659175671041,0.2730508343979871,0.24825713937925398,0.8269670223213526,0.36879774056305736,0.41569549741839573,0.9953798826425447,3.1691142724260297,1.997241385009323,1.8968435059203812,2.0679102955257482,0
Energy,Fossil Fuel Combustion,Commercial,Petroleum,NH,CO2,316.73726537306106,326.43462406973504,161.84999505454525,191.96629846956722,227.87381927544374,224.34173687978358,228.88348826204387,248.3786299114772,154.7745289685801,77.2760373305614,79.20810991493967,61.5664204188852,73.21799683050578,91.05237463017318,402.24610095414596,616.7669601685614,212.53613128899858,225.35754336912882,173.29724169019187,159.97158323288494,125.11598609067242,121.88466503051795,77.19014638741889,66.2200972664849,35.46543134995819,43.24638254627649,83.89820972427016,86.88308048770695,78.26495205098459,82.96044681272609,57.20207571081362,83.96746478524524,0
Energy,Fossil Fuel Combustion,Commercial,Petroleum,NJ,CO2,766.9301240672604,837.4995859983908,805.1274574589602,999.3282508346848,1238.4344773627934,820.4149580474452,707.7926289455627,687.3247197004067,682.2966506405918,796.7933463588846,720.8472062579403,700.8784002119606,320.2959469455473,312.1535426394783,279.48752553284874,279.9321053765546,161.33263370608515,156.1692784157345,248.3647931620319,212.4807176818084,71.63761491537643,66.05318759977608,21.98556560514648,18.391077225484377,5.32913582618713,6.988068988256264,11.940324067874728,2.596416660705209,4.957307468497104,4.8987339711048286,3.596877860277646,3.5776604011979334,0
Energy,Fossil Fuel Combustion,Commercial,Petroleum,NM,CO2,6.46663402028602,8.501597086157588,3.7820279923360167,2.5357072586228675,1.3242715753004055,1.5675544102606904,0.37194877680385074,1.245678627593282,1.2331304425914422,2.6108747659417455,3.5509595337800075,6.893609569383952,3.823257507211427,2.797753943281065,1.6012716560897284,1.507205855497859,1.1692397315247125,0.7569105598118573,0.30786278188130434,0.27651355478271217,0.25907457681921164,0.1896964165667742,0.09692639033984815,0.10378560884216176,0.19862614525041383,0.353542631356732,0.3127361436868586,0.20998725249267608,0.1531793680384392,0.23547552827250892,0.49895093406205154,0.2555786186713501,0
Energy,Fossil Fuel Combustion,Commercial,Petroleum,NV,CO2,2.615033245097644,2.4771357672196443,2.005719629470788,1.6764739116231413,1.343870006316702,0.8336821240690606,1.0507188429198822,0.708466533672064,2.7285005260876245,4.316657149965735,4.942932694716555,1.0205185568045234,0.4394798191073507,0.7781187449863903,0.8211181476540304,1.3025697929338629,2.5014420892516682,4.8827622509307975,1.457918975138184,4.581794536751855,3.3776140776389703,4.431729223968699,0.2351109226091034,0.21952497455403935,0.19526790614707715,0.5983581363359494,0.7808658885229889,0.7135056039604349,0.6425797218504039,1.3230051749157354,0.4177310490176938,0.731853334873761,0
Energy,Fossil Fuel Combustion,Commercial,Petroleum,NY,CO2,8333.450196481443,8122.031521134909,7623.039353500854,8430.90231291534,7810.621102286274,6702.19458910556,6356.785291018036,5108.792829619383,3605.9794203738556,3800.3587384595207,4850.689531071971,3765.542834583225,4307.999649097349,5375.139443464887,5718.835306791266,5074.518218084164,3902.7022390322486,4225.897343629007,3686.486573786371,4121.705941561172,3767.5435031164975,3421.131494420902,2028.3131147309412,1497.2645179583499,425.28028661059017,163.81818988384126,175.0869048163578,151.09606566327454,94.80273233826532,90.13659765334185,67.78786589437274,109.8664936081565,0
Energy,Fossil Fuel Combustion,Commercial,Petroleum,OH,CO2,90.18527907284104,95.08097544170654,63.58005571617359,96.65950182202094,64.21247135773619,39.934631357753055,65.83071746973467,55.055983530798756,91.60474717888349,54.233814169702605,55.86801606935302,61.988400729720595,41.61395773267797,86.13162649782296,155.3845396766412,144.64935820698446,81.02721686341823,36.32928687583096,22.06100907662295,13.61856016677106,15.057728031561386,8.870193134729526,3.8766161714811602,2.9362558059524844,4.635589167217338,4.686521419681607,7.111822933274642,4.621974431786816,4.92741556102041,5.765019720421516,5.297838492592919,4.81380028280454,0
Energy,Fossil Fuel Combustion,Commercial,Petroleum,OK,CO2,43.65215293598144,40.21952593172111,21.972364021666635,2.269268656514536,1.719988246644558,2.4007070706974134,2.22113214568383,6.972284604947612,8.964437694752352,4.977330302976045,13.436845529987304,3.5829269787715345,7.031501852255,2.0571580018954565,3.354298621221408,3.8577884066835844,3.8215065898227003,3.783654131682927,1.9641207284082083,1.7145729926646305,1.6414281147149468,1.9372651410502455,1.167143710933227,0.8160006393875109,0.9005849109109529,1.0324203105588459,0.8505286518145038,0.8251671839689257,0.5889792967964733,0.6621390672945007,2.963975864829119,0.6032695105498292,0
Energy,Fossil Fuel Combustion,Commercial,Petroleum,OR,CO2,137.75297932052288,122.16077683877289,115.7293275350582,86.20050684293649,57.69180619904802,47.2035356337291,54.93945327043293,32.36128461541191,60.168646349130285,35.582405685903346,41.160225331673445,54.46229380885297,49.92559697286836,34.67515112013186,44.465815367331864,48.60416197784562,36.23252843871413,20.738440242145955,23.42038454318858,24.83059072701661,15.873885924976426,18.896506128226857,8.881960129575802,2.8841097791265207,1.770059611701392,2.807367078152224,0.7932834247977747,1.1651042465880006,0.9617966736640906,0.901402353902542,0.8593362016624382,1.138924460202905,0
Energy,Fossil Fuel Combustion,Commercial,Petroleum,PA,CO2,440.32792038457507,354.1291131237435,458.36107779162796,598.6567469403378,785.8582087131712,798.1028463876307,848.4219785028348,622.0323244238427,402.1554743293322,399.70926570510346,470.26499958447516,446.67568006261087,341.5137048839215,432.37747133445,459.760712064574,488.93729438602645,311.92382999558123,262.914016721679,139.97930492035562,154.6823956814358,99.84116433556171,35.18737782037066,18.328280475050555,10.524503642701175,22.864938354638355,16.97609402550019,27.809229692185774,12.832632483691464,15.54522473498233,18.089559578452953,14.653016275148078,14.119789951329317,0
Energy,Fossil Fuel Combustion,Commercial,Petroleum,RI,CO2,282.91690407263934,277.0455096853587,245.9736666590854,300.54326883419685,296.91725801663915,248.36685909950643,316.1420603750214,310.2111857948322,211.35381799831254,192.07620794007178,205.79200966528458,243.50090002556632,193.2119159540809,178.64851474354077,189.89770372923616,210.21302728141586,125.33744363162832,111.11983166020683,77.54591708088995,71.3904338710358,30.47718612592107,21.400969654762257,11.897783089524788,12.307715857948047,15.958065891654947,14.48089787533925,11.920643517071861,0.7934797749355127,0.4877322926092386,0.6935105721814818,1.2539403342045452,0.5629263856758224,0
Energy,Fossil Fuel Combustion,Commercial,Petroleum,SC,CO2,13.670892563770968,16.74170527063011,30.636151964712898,21.781286771049928,41.99005289301127,29.25502938839362,27.703575160525592,11.813337403579999,23.293328110733746,17.489899459652893,46.65573351862517,70.48461868282182,19.24026560984113,17.89680569808076,33.083360329706736,48.0343675737341,19.40596036322446,14.761343170816595,7.88375194968981,3.100188222050113,7.891294432584998,2.4618136442537555,1.0270346617548045,0.6616288956978628,1.8629392314667823,3.947819707303084,7.51885142014817,2.0382243358652663,16.15916255054048,1.7313307441393104,3.9612427086085003,6.9017180470276855,0
Energy,Fossil Fuel Combustion,Commercial,Petroleum,SD,CO2,11.779544521035435,16.63869311389963,16.942001138635366,0.6226444276540809,3.0978692382079287,1.539774092340719,0.3236993205406734,4.306557873946828,2.867749055093624,4.05009098147995,33.18602286720575,2.955196949602335,1.0390611293842111,0.9362344888008439,6.825791015870473,1.4074076300498355,1.1875143690783354,5.8832556511746885,4.276891603393435,1.731119657632397,1.214634358642931,0.2572206444908801,0.15023993309288056,0.22575276693471694,0.06172436384354481,0.10738976884435184,0.09367886610609769,0.08755150344422341,3.980266914270541,4.524273000186204,4.77688091927051,2.932025050989416,0
Energy,Fossil Fuel Combustion,Commercial,Petroleum,TN,CO2,44.714428234303504,21.393842215843236,55.872209816094866,41.27510096525715,45.70264871622568,40.228712006518194,50.195499275756234,62.2863067583931,52.08128609708602,22.03614063559144,44.13435132092099,37.73396313953247,19.97058739228878,22.86331088078338,24.417989645704363,17.033381146475932,11.8127475911891,14.224661219343332,6.152555692932185,6.297277954444909,4.19680249764426,3.5508262400418853,1.6652002443223637,2.74336489664008,2.8567194757055683,1.9339002538861887,2.855146064331247,2.317551759986544,2.2600332977281425,2.0722531795100045,2.76588543325559,2.053654127010291,0
Energy,Fossil Fuel Combustion,Commercial,Petroleum,TX,CO2,45.863046210899725,109.29013986974047,37.34017852930424,11.022561054415851,13.525865356259766,20.295515577883794,16.73203149901046,16.75211507008673,22.985630043829932,24.533361804912253,22.198722715461294,41.49600175033402,35.73851575109036,15.587624185629785,15.117722356145416,19.275317189594535,31.70283963183241,25.762215920094597,20.3957823670449,17.665020467762474,17.56648682307925,30.64588891194087,16.922721896973382,17.456199725597987,11.318365785048071,6.457259761346711,11.18658291692924,4.883434132177652,4.15303069003753,5.096053171432264,33.17650004228266,4.933349940781424,0
Energy,Fossil Fuel Combustion,Commercial,Petroleum,UT,CO2,36.79789403862615,14.473560564000746,10.172042619580042,27.207103575899374,9.9864519593573,6.604909395966437,7.712343312934336,6.737791659655206,3.6811183811102044,6.269001263488392,9.566338109363091,12.072269660649985,1.6910153170329885,2.130856559632,3.5096293062977524,6.188290325163684,3.0686805372646724,1.6728623372253066,1.0562185762668155,1.042890251242959,1.235937986131757,0.4617333187714462,0.4111854326384114,0.5511279826768405,8.797367156616227,0.46457877823693317,0.7182467163427557,0.4723051890861937,0.4175916534869404,0.45743819101711974,0.4218952737900615,0.41292134280161774,0
Energy,Fossil Fuel Combustion,Commercial,Petroleum,VA,CO2,161.91744586271238,116.64013550100164,158.40832067244583,151.88105429004725,116.1308339315328,212.22817883541623,236.1695781335241,215.75195465440603,234.03104483759157,218.47815544782034,319.3749425967421,228.9673846355975,72.38446386264907,273.72473484610686,251.10976532326384,124.70526785399507,88.61578197276994,76.72461620864613,20.366008334198753,22.341098011939692,30.15364428243311,16.65839468954233,8.028780626421057,7.610491696034707,11.116919880263492,7.0119847584816055,12.025283473611198,5.364303243068008,6.641710797573891,6.854858032340648,7.716198957774093,6.967048075514909,0
Energy,Fossil Fuel Combustion,Commercial,Petroleum,VT,CO2,61.745909320515224,68.53736579375837,55.822331951007094,95.3197287453461,48.71261924916027,39.53553779088943,40.11953973290587,61.31108301288247,63.84662599711609,48.63023125681536,57.88942809791042,58.231574565154574,63.99301565725756,80.6592831163432,83.64859053834182,81.41128278875551,72.23137488568045,52.51968885096111,53.91056462683115,47.90137680694393,31.588682619941512,28.724290127916248,18.27597851267918,18.745429320617433,14.229074581823989,10.601387536998363,11.532402218511738,14.46173521214017,6.734313315201708,5.6687597467693704,7.0590414317181756,8.866402852227617,0
Energy,Fossil Fuel Combustion,Commercial,Petroleum,WA,CO2,31.71793590591117,55.23308109863444,31.70375086730648,33.69041169245273,29.343175513229628,58.113043004345045,82.93635922265581,27.04554311831992,26.002711859420028,18.734078685118003,18.17685921168314,12.788085876828035,11.785452571437169,12.936949737822106,12.654427535281615,20.48791797919928,9.999215112695625,4.8132243147258444,3.3578581015301707,2.962193715436772,2.6871871047429914,2.032797787883706,1.0480878618868288,1.1804754818135335,1.6691246792214072,1.7777380278036397,2.633728157982548,1.5927807958464892,1.6644978433834237,2.033831352346275,2.4459672784303748,1.7550255338492593,0
Energy,Fossil Fuel Combustion,Commercial,Petroleum,WI,CO2,106.85271759474014,88.5573946190231,112.96151651436746,96.78687478971749,81.51193321811105,55.49210308634651,67.12983867859437,65.91274725755298,115.03367732981255,82.41286785964398,89.5088197250889,103.18687989745226,179.2351503158384,197.37656923025963,131.59138007860813,152.81289283732357,49.11838523415461,15.764519739542752,3.5190849730435922,2.578060030647895,2.1477299178191758,1.6370552008844657,1.0588967768246915,1.3119211510499753,2.423647829864958,1.7326242875917024,2.605708082397296,1.966758334817113,1.9466870540513874,1.3424144842857944,1.3402324305989766,1.635604619757279,0
Energy,Fossil Fuel Combustion,Commercial,Petroleum,WV,CO2,50.063510064500846,51.11898379610128,39.343537027227285,24.431238940205358,18.32305181647252,15.373765894607761,15.34019419848744,21.28705923329721,23.79408940115456,26.768550473890375,30.30557504192781,26.451951147395935,26.854186524644582,38.38713428083949,33.712277149167384,26.38981235253945,17.15108686204507,10.491228797936914,5.350548332101581,4.015153576123648,3.260862589143634,1.513640915021979,0.45266278466235366,1.565213594469506,1.4283557651144863,2.0196036483024615,1.244759062149922,0.9957935532307065,1.4286397158114323,1.7505997285408537,1.7921901413271428,1.3882696617451098,0
Energy,Fossil Fuel Combustion,Commercial,Petroleum,WY,CO2,0.7969395930797156,1.9150513040918902,0.18546089826489218,0.15038810585849735,0.4541423762006944,0.9140699464746436,0.7118058927275573,0.6760563714777594,0.718444895090575,0.2824348688624778,0.3757737610958122,0.4090031417230536,0.4660152318508681,0.28849791884441117,0.3269460231943162,0.4757580865122196,0.5781215618636545,0.7011834412866457,0.5608485977036604,0.6445098293720897,0.6938629251397954,0.6343330840987674,1.2118389742502964,0.5205985869550491,0.23783329578704598,0.5147535429210335,0.39709153099540107,0.19469606005243556,0.1626947325154527,0.09675841584686742,0.16688879841272566,0.17840270409399517,0
Energy,Fossil Fuel Combustion,Electric Power,Coal,AK,CO2,0.436113402996127,0.44859478731285457,0.41739179017287575,0.4462786399020029,0.4068279391625107,0.43926988692805236,0.3442675828424726,0.3525934713534102,0.7724758639846833,0.7380046105036399,0.789131681525303,0.8105699856782725,0.8658214735524474,0.5311762229862211,0.6030639144176363,0.5820536263310604,0.596019101364735,0.5963928818672843,0.5896952324589004,0.606349426131319,0.568991706357802,0.570703842100242,0.602049436415671,0.560095791480805,0.9445386075197146,1.052283681179535,0.9216225663231794,0.8811378330634766,0.9925645711267209,1.055153386869051,1.091853772962225,1.0831002732221684,0
Energy,Fossil Fuel Combustion,Electric Power,Coal,AL,CO2,51.04162834799841,55.04108540473901,57.915707080570556,63.61600951468903,59.535335372272435,65.00785659180396,70.29388955314248,68.28493719401303,69.37335310842653,70.87595593812698,74.90110569057283,70.50624917507531,71.91140019679666,74.18710249690346,72.0640813297418,76.46073307116897,76.41279829541462,77.04084293978738,72.76758963880386,54.55731611322541,62.062498194682675,55.96765374403834,45.296170151377794,46.67066952801983,46.65850757669693,40.6072152899033,33.024936045710454,30.225399306187082,30.343570314812972,25.66360609594191,21.065594569664615,25.89764129630113,0
Energy,Fossil Fuel Combustion,Electric Power,Coal,AR,CO2,19.676276310575314,19.910619200420577,20.34825468193163,18.28404441709499,20.26652239689409,21.81618402084258,23.9242207818282,22.784702234269975,23.548342887649277,24.666223755654034,24.576454902971356,25.067069754581592,23.372214775260506,23.28636400633042,24.87664950315567,22.74799825569267,23.65208034547842,25.32135054320851,25.711514181832516,24.50740245894607,27.35295360186012,28.701647392291335,27.859763620252103,30.75884858692523,31.868438523607697,21.24047370917921,23.089301975253356,25.141882383027944,28.702782741033676,22.54251305554384,15.187973311844804,20.37588975743457,0
Energy,Fossil Fuel Combustion,Electric Power,Coal,AZ,CO2,31.404064830229952,31.758530306730766,33.996613709828296,35.71140085608338,36.79501061519912,31.331765779582824,31.315708517815192,33.839091891527815,35.498803136474855,37.13766389703392,39.71391169570253,38.99854486284439,37.47399080877485,37.41402597596538,39.13946976108027,39.443575897187145,39.669867026062285,40.40253888138282,42.565569177414645,38.627800528016145,42.70178660720184,42.96399098306454,39.35259211737735,43.03367642638169,42.267434290808424,36.35898673054055,30.562433941913728,31.4842769309372,31.082374280061384,24.016572376973222,14.39637932644719,14.74932515364939,0
Energy,Fossil Fuel Combustion,Electric Power,Coal,CA,CO2,1.7920123255064413,2.4280871326025215,2.5447465682532555,2.6333571201191757,2.5224850596871233,2.2170679191383824,1.9009805789203347,1.7069096504618737,1.909510130544117,2.1059597508966745,2.102636268412826,2.0116085033078273,2.1861323840380273,2.0764161444006826,2.155439383251615,1.9786189643572045,2.0921272571683516,2.2299575691781697,2.2562335399941413,2.0133665590517893,2.079617891515189,1.8805722989688698,1.2567459509879892,0.593525792677647,0.6556006954337202,0,0,0,0,0,0,0,0
Energy,Fossil Fuel Combustion,Electric Power,Coal,CO,CO2,30.509104959174202,29.86730953177415,30.834592225224885,31.322250907108845,32.30253694131219,31.168108759831608,32.553722119837055,32.82796289068088,33.8658971773157,33.58958677772791,35.90506278882096,36.84858586944548,36.34301867002002,36.472251966930045,36.205834024505606,36.02803893662871,36.8748285308553,36.5592559863402,35.618031256526216,32.5117878124711,35.24816715473226,34.60741986540397,34.74028765861568,33.994681674201274,32.653517014411086,31.731194314518355,30.09091945184337,29.58945763157539,26.843051319966232,25.72681011848114,20.420730407089646,23.852828458496557,0
Energy,Fossil Fuel Combustion,Electric Power,Coal,CT,CO2,3.631868716815948,3.6355127116997403,3.655727089870673,3.4394674849857534,3.5634217670987356,3.819804261231562,3.8952993042656585,4.256775182855155,3.080394890404702,1.4366908639203342,3.4437695149215415,3.8008271692378384,3.2563786232362397,3.993431611264366,4.198587404801993,4.004379778193825,4.354804735976219,3.8040452650686425,4.31462891262189,2.5079949098171808,2.7419135416647964,0.5807312690447743,0.8876431144741443,0.7334542262587144,0.8686279531547558,0.6247366827313507,0.22362057291541268,0.23974522981225702,0.3848017027698563,0.08290149401136994,0.006417035332321849,0.27592470472179076,0
Energy,Fossil Fuel Combustion,Electric Power,Coal,DC,CO2,0,0,0,0,0,0,0,0,0,0,0,0,0,0,0,0,0,0,0,0,0,0,0,0,0,0,0,0,0,0,0,0,0
Energy,Fossil Fuel Combustion,Electric Power,Coal,DE,CO2,5.097818502416016,4.869410239613128,4.051682415129398,5.495689438640122,4.933749605098888,4.517770087626978,4.422726365887105,4.184945308335301,3.922283282787812,3.062547770290453,4.33026840380153,3.223509249498253,3.625508069283191,4.2477842220912505,4.829006795749914,5.127751883029919,5.146188304994055,5.833900468248121,5.6041098249207,3.186724314689844,2.8891752421018104,1.707623059001745,1.6610105384304117,1.743517833849013,0.9775764520609421,0.6833296427243616,0.5599115114151294,0.4594080909525659,0.41091427171247885,0.2083533511542965,0.1873391210450976,0.4351562530716575,0
Energy,Fossil Fuel Combustion,Electric Power,Coal,FL,CO2,57.36570071986395,59.2121313543601,58.657122947068004,58.98706664140399,59.82259176878396,62.12085932758641,67.8557869116482,68.18004277407928,68.21055062926986,65.34587185467298,69.37146764549134,66.15964266200709,65.76672210565553,66.4850950742444,64.27905704389244,61.64958631748562,63.71000400343005,66.14738851598932,63.576899176439234,53.2313683760192,58.79943867423396,51.58003371032792,44.92792724898992,46.817092933261996,51.740702015155975,43.16054928711912,39.47677183170971,37.61771921433119,30.117357034412596,21.345748235421226,16.755166582632597,18.612750055700158,0
Energy,Fossil Fuel Combustion,Electric Power,Coal,GA,CO2,62.53276470916789,56.21404031667273,54.04342405847826,58.02220140420995,60.40972600242017,63.982861842665265,63.97930731511385,68.05025493202356,68.22471839191556,69.76618816921045,73.19470250962395,68.64709300244637,72.53355422432949,73.96239248357897,75.501593466182,81.88147202682553,81.31380276191291,85.52409491511074,81.07459658814918,66.52531695167721,70.28394129923629,57.805155856797846,39.523910104917945,38.911088678787124,44.057397972224166,36.559999772735175,37.09521273016057,32.122896254705154,31.72916252617865,25.36527546005324,14.010112110100117,18.836747263908332,0
Energy,Fossil Fuel Combustion,Electric Power,Coal,HI,CO2,0.002473053103140524,0.013712088595425826,0.5319101494031421,1.305908280317109,1.3182288087022245,1.501139736916613,1.5902653032958063,1.59412914642078,1.412877752701675,1.427932295271426,1.4780380184937283,1.4987969759867437,1.5241627902864707,1.5940067753699925,1.593599980668079,1.4434203202673497,1.3805310330249627,1.4619119897604809,1.5070838000536406,1.4370003958819244,1.4995481324656272,1.4110022200520542,1.4745003813310005,1.332233304838722,1.515634989603764,1.385489323162627,1.5443198539799439,1.4294821281346701,1.3742098095188977,1.3557788738030154,1.2720096455009922,1.2039131387270912,0
Energy,Fossil Fuel Combustion,Electric Power,Coal,IA,CO2,26.24965145872283,27.101371771834334,26.186118626885516,27.722984734137775,27.80275611759659,29.67105569646279,29.70529282038283,30.208832836429167,34.04741569336035,34.127477134970626,36.03110663943764,36.036014946927054,35.847185971281846,36.0857507440119,36.33562906524545,34.82415276026793,35.05136320648786,37.88044713283633,40.27381642976592,36.84503772709146,40.26891253545544,36.96959515562309,33.833343800425304,31.833097796813465,32.24426787653911,27.892734139315543,23.854676833577948,24.18261457279789,26.7193753066226,21.16311633973297,13.664741521915749,21.584689062807783,0
Energy,Fossil Fuel Combustion,Electric Power,Coal,ID,CO2,0,0,0,0,0,0,0,0,0,0,0,0,0,0,0,0,0,0,0,0,0,0,0,0,0,0,0,0,0,0,0,0,0
Energy,Fossil Fuel Combustion,Electric Power,Coal,IL,CO2,56.25063912262871,56.65406504861344,51.93493336952235,62.46638890605353,63.6051331326931,64.34334446514862,72.7570851382785,77.22253085335046,75.25592226171018,76.77789838182701,83.3836758217194,82.62916322795321,84.60339964705099,86.6181560552973,92.79733262375272,90.99859096924955,90.39266730242902,94.34893384918568,95.78737805990954,89.48418891557263,92.55331022148376,89.60375018608195,81.48372694400206,87.1590811775631,86.46252177698766,72.78937467007748,59.23145146879623,57.43624381406074,59.4859624582653,48.806127081037474,29.874843207887995,43.11572609969743,0
Energy,Fossil Fuel Combustion,Electric Power,Coal,IN,CO2,95.75128957768665,95.95233962607904,94.54214630606695,97.80856369625161,100.90993607100418,102.59964593525025,104.29254701101688,108.63869466269469,110.34747353636249,113.50733681835531,119.96621239870001,115.25310444887356,113.67535117393405,116.22250504477238,119.03343453224035,121.59977111580653,121.87411946223186,121.35902998025243,121.88874419027341,108.17913532443374,112.15134043774928,104.29450365564726,92.99900927663876,94.02197388040737,98.69540437152598,79.97269951411458,74.33434536750515,73.52881961285483,79.22716022932367,63.32211174927286,50.20908730296142,57.245657775559884,0
Energy,Fossil Fuel Combustion,Electric Power,Coal,KS,CO2,25.484907345290146,25.224720091010365,23.763607545231615,28.355347238136705,28.172763613466575,27.130570333530347,31.605132810955816,29.2162313825814,29.159632666247028,31.079304841484365,34.23009911709618,33.42288671638437,36.987228802580496,36.87328762475259,36.39005307274801,35.840045273187464,34.21789085865467,37.286822842865014,35.11770693364982,33.76497361854156,34.118110279718515,32.85338414454467,29.198203313207305,31.021512882043268,29.946418949126876,25.86998663626156,23.97136090175304,20.494631011685122,21.53454778975886,18.736885072092253,18.442463768446245,20.868817745557358,0
Energy,Fossil Fuel Combustion,Electric Power,Coal,KY,CO2,67.79523147779683,68.97371009174127,70.15869146869547,78.160821568327,76.53670057234717,79.06525328485937,81.32005215602514,84.251692158712,83.8812371432851,87.08654327792546,88.88578047841979,89.95373545542003,84.8744701326504,84.3876940251665,85.5798866516471,88.05389876900888,91.47943583841624,91.04839043444008,92.2088178887102,85.21271980074864,91.53135986066891,91.83365893993748,84.06133171248096,84.67924368878136,84.63388663014071,73.57411888140312,68.40142398788655,58.99329679842577,60.8255468100654,53.19742017500768,44.70547385070455,50.87112644616254,0
Energy,Fossil Fuel Combustion,Electric Power,Coal,LA,CO2,18.34891261617816,19.42231648988347,20.241262903715665,20.178474943780845,20.824048439016728,19.86760104990233,19.323847780840993,21.32112103439718,21.322958210064648,21.587586875562867,23.996348322166384,22.678141732843542,22.037581718653083,23.41181912866308,24.357564988715627,24.088911349505793,25.143130212671576,23.682630546849946,24.894667887518093,24.079997729597444,24.756105250184834,25.660090051754086,22.599737668162103,21.56273282911965,19.769521524131044,16.29687192967103,13.037843915747755,13.24355709653372,12.803576020225558,8.365401391664038,4.346152676270162,8.764537469671579,0
Energy,Fossil Fuel Combustion,Electric Power,Coal,MA,CO2,10.520843487895009,10.963005277717885,10.169840047982984,9.075502683441965,9.449283505068506,9.849358444783363,10.638837809927656,11.521663893883032,10.297586302044955,10.641375302923809,10.740403249638419,10.20916088932458,10.979739140900985,10.188447625415275,9.826450634051684,11.12949261847743,10.474188681741484,11.204586871693927,9.994551239902105,8.664590067268644,7.8403007916845375,3.9468907446721726,2.1376051406905874,3.8773070530988734,2.7048064228882893,2.194798609069351,1.912815977553376,1.1766355435221423,0,0,0,0,0
Energy,Fossil Fuel Combustion,Electric Power,Coal,MD,CO2,21.677451858151226,21.035010465245495,21.851474874889316,23.046121232923632,23.64868888902189,24.98943851124517,25.82586670395116,25.56088887923772,26.938526843152708,27.045698373162807,27.60455599745406,26.997878522629616,27.852373044121105,28.458136678955576,27.863848410558873,28.260821594815113,27.981021001955863,28.373293499432833,26.720278775570904,23.29890508302198,23.201262354714643,20.906516684220346,16.377636525583384,16.007239715939306,17.70236459790841,14.42858808623973,14.413779389609344,9.055905076797488,10.73934396765875,6.420610749568015,3.894182680251852,5.716527554387183,0
Energy,Fossil Fuel Combustion,Electric Power,Coal,ME,CO2,0.3622071621830429,0.5762886123577576,0.5758310841828034,0.5855805840602296,0.5735638125258258,0.373217837725327,0.37810503714725463,0.3927839963823761,0.363702631676688,0.373381589576274,0.4016635481480958,0.4380146025817585,0.54080423756077,0.4126058329766956,0.4124364153796745,0.3599227615426501,0.3595202489737321,0.3420643021819241,0.31270270179774917,0.08173781240447386,0.13541964411133992,0.09253882580239868,0.07739407133735811,0.09236231759241786,0.12680421257442187,0.17644796761353634,0.16943558793975497,0.16295407722380773,0.15084073707881268,0.16360375577099648,0.12709561023867305,0.15214181635354299,0
Energy,Fossil Fuel Combustion,Electric Power,Coal,MI,CO2,63.11155425272982,63.33270920012302,59.68559689706029,59.9139749455849,65.1658264584376,63.792593925393525,64.82857038874651,64.73800459387986,68.96695701750204,67.79903269103234,66.18388249512631,65.79652026687133,63.090294919379765,64.31191019219078,66.11244786253752,68.68041545881039,66.17434495080215,68.86480919623109,68.01813687763632,65.16728521334026,64.70709677347762,59.247577347942766,53.48293412709077,56.24578598510846,52.91478680266732,53.04803959797883,41.302624253129316,42.64997828221336,43.275796171037896,38.036391125456596,29.016492899704886,37.43263525431995,0
Energy,Fossil Fuel Combustion,Electric Power,Coal,MN,CO2,28.388271688377124,27.101276548996868,26.744609992782202,28.375464412633665,28.606068108501802,29.07221546333132,29.643130755452134,29.603599634456327,30.30731652620457,29.020374796158997,31.755714469918203,31.334861482323742,31.94802943009731,35.060212491711766,33.84475032468018,33.75671976688308,32.9392891131009,32.382691908233916,31.71454672068024,29.153184920295214,27.671161115385498,27.716190071904393,22.590851682193737,23.26011726131702,27.660410174093563,24.27249211690889,23.07620965965959,22.523141508205907,23.12817969874434,17.844092396677993,14.266506193452738,15.742558283458695,0
Energy,Fossil Fuel Combustion,Electric Power,Coal,MO,CO2,47.84083181054527,47.575900615741794,46.74930959702303,41.200352939113685,48.431599268333095,53.54654302971495,57.084545804398736,60.10060708651872,63.14914119550513,62.31312225815544,63.19026958955007,65.57184364453332,66.67560549854767,73.44469886139221,74.46696343251736,77.1368791516334,76.33425166284083,73.88999442479653,73.14607926015539,71.08773830294561,74.55109259555711,77.39473713563626,71.03476292756896,74.51509061060437,72.02431531677247,64.39576587917007,59.49597358239873,65.88413127173322,62.08574130024509,54.12912969939844,51.04924004826183,57.03066644313084,0
Energy,Fossil Fuel Combustion,Electric Power,Coal,MS,CO2,9.287265576563104,8.538536612939156,7.717699008158862,8.8257460642155,8.55866530841813,9.208035814538771,11.61546658234798,12.02247774122979,11.485681565522135,12.679360944958306,13.698098897707117,18.53744114889847,14.389651170563374,16.773120364799105,17.33610283273081,16.58226508240094,17.79381861930225,17.329571363763616,16.61620997873383,13.28191707523399,13.906203143602717,10.02016899741061,7.629335565611569,9.070609981883718,10.887306567732045,6.601409769914016,5.850353783465234,5.1429033562318995,5.740460897771047,4.825211179118525,4.9746390322507,5.964380752691098,0
Energy,Fossil Fuel Combustion,Electric Power,Coal,MT,CO2,15.574051917027447,16.969661865214142,18.006249435177548,14.697398924350782,17.37849004967396,15.571461723053414,12.954707400197353,15.122658926029148,17.438899360723642,17.488005536875082,16.58443638696108,17.31591684933394,15.746817737069163,17.93654450612644,18.39244508028487,18.699058433163334,18.179871023628966,19.171639661447188,19.248259651331313,16.393778720618798,19.295293776326915,15.684614728724824,14.619262334445855,15.434440524003703,16.278108848842084,16.57406537825134,15.025773470357336,14.48684697798133,14.150429805137898,14.877614945456841,9.126939775496691,11.358325501245549,0
Energy,Fossil Fuel Combustion,Electric Power,Coal,NC,CO2,46.589752292637286,47.33641517950919,54.52645906787714,58.969321775220344,53.72074206964463,56.61211842407912,64.67192958904349,67.17860510550884,66.7288308621018,66.11386504261581,70.1565026636935,67.41518288785434,69.27011000900647,69.44438251780473,70.38191082016797,73.74849895629232,70.89134223916896,76.06238437627563,72.580445426430245,62.10374054584875,68.85229398973482,57.36175258724104,49.130520870844684,45.11139875790999,46.01188248064724,37.02090556896078,34.85375096189946,32.050408466832124,29.874978830381067,29.346555167263634,20.428488315476482,20.236873525993143,0
Energy,Fossil Fuel Combustion,Electric Power,Coal,ND,CO2,27.233260771783453,27.873438538026786,28.991342062140053,29.061535976846184,29.090997142586346,28.379856933199154,29.633815950615425,28.31360729800651,30.29685710411714,30.591681052139716,31.1587448796203,30.905327040635996,31.344016787652144,30.90632836880548,29.583417491193334,31.946396248943266,30.31508715775666,30.982261752301273,31.617346308335172,31.294505531475505,29.826892868929413,28.697540922209292,29.715310367624316,28.99450863804504,29.083329131762262,29.744864295570956,28.625822441857814,28.915263826159986,29.764119975419533,27.462673696661547,26.535590418911855,26.525369999543205,0
Energy,Fossil Fuel Combustion,Electric Power,Coal,NE,CO2,13.074651286595776,13.86730182049905,12.843586498430732,15.113122233177206,14.466638291973357,16.41664283608915,16.487964953207634,17.636134455854833,18.77599384611909,18.161463304509596,18.919725023632363,20.622131488225488,20.03515472887122,20.976823175765844,20.669836325690724,21.10979508067974,20.917264116558243,19.92164165919801,21.659937465684763,23.13924898215717,23.09306034006151,25.43518919028386,24.237721081663743,26.042830560942154,24.307928319057453,23.431831296128255,21.067351512969466,20.348890393322993,23.313932844849003,21.312855370438626,19.01999694835521,19.0941811811262,0
Energy,Fossil Fuel Combustion,Electric Power,Coal,NH,CO2,2.9052666916278524,3.1366402662036577,3.1601160210554937,3.346947460766223,3.167696899753816,3.3608613179222666,3.4166323944935177,4.217154736195394,3.6613682445339992,3.3630047556812537,4.1851703051702325,3.813595051932195,3.7947958364433685,3.976219780456532,4.150763145133662,4.213984106913669,4.266523283812509,4.278142760082719,3.8422807398605268,3.1362111105286683,3.2304938655530995,2.338682461377648,1.3559250201832704,1.6025387430874736,1.4195769791746462,1.0503720022238088,0.5042930612284755,0.3458948927925543,0.7458820974892715,0.39987779464307854,0.14538894976812786,0.3122356294056653,0
Energy,Fossil Fuel Combustion,Electric Power,Coal,NJ,CO2,6.991796709713481,5.304007269818152,5.423330350102895,5.440367208773471,5.980095501344712,7.548846354134199,8.196743109217646,9.45294450509893,8.16529048103849,8.441832150050216,10.899601491800532,10.668804666321403,9.988837591217779,10.190933778754186,10.7529978408659,11.963224435132682,11.063527024564102,10.667193637816714,9.325797125889453,5.687557617111772,6.8723081875149035,4.736001495554753,2.444983816606984,2.474775231457649,2.934352602879939,2.191262003001257,1.6680756838626187,1.5767528317289565,1.6004230899192728,1.3176269751749454,1.1631115981450229,1.2058292825098813,0
Energy,Fossil Fuel Combustion,Electric Power,Coal,NM,CO2,26.127901152106684,22.212536073377688,25.37229514556693,25.504876461182363,26.25999852324975,25.982690261198663,26.36336896264088,27.239294611239334,27.438867561553423,28.212682443796655,28.91062942761588,28.129646512506955,26.947786295065544,29.026987687154502,29.398815848873582,30.208554519858215,29.98772998919284,28.07848619685461,27.000422203685286,29.095223644442978,25.43960200117557,27.13765528685699,25.074150341524525,24.369229186739105,20.424071883466635,20.456207417592502,18.661327938485986,18.871401841029662,12.915773981286716,14.343775221044526,13.160860583358359,12.630644973018253,0
Energy,Fossil Fuel Combustion,Electric Power,Coal,NV,CO2,15.343962861008336,16.726177069807864,16.655371052876426,15.92075087536431,16.675105705127066,14.893073914119526,15.72082424058433,15.428791010292338,16.958336458633713,16.621097644299468,18.478904995814236,17.501718127348827,15.32431442647481,16.95441831597496,18.052031999965703,18.473007049452697,7.589437143254619,7.465746719209782,8.043286380684151,7.679057401583393,7.261472538540087,5.749249113473691,4.388339393064423,5.468670624357689,6.866333528785148,2.8499309871967498,2.3241249287618957,2.0555738790644056,2.692464114160747,2.9161819658117185,2.0954972542667125,2.89970038649643,0
Energy,Fossil Fuel Combustion,Electric Power,Coal,NY,CO2,24.767436593098264,25.052557200867792,26.478035642427557,23.189598439713304,22.496246973185748,21.60757359206563,22.081030012507046,23.39202572359657,24.584396188237303,23.021421684488995,24.27358763077904,22.969420967146874,22.36928262283495,23.151155513206653,22.340242067386143,20.370155718157847,20.59591963068233,21.05896011632702,18.680907146268037,12.589150919866631,13.52028580802167,9.472193989717974,4.65721212978458,4.503689761238559,4.386871941495982,2.098736741544105,1.4937663142054765,0.5996021503481658,0.6680226428398399,0.4550498385237711,0.15774413719901617,0,0
Energy,Fossil Fuel Combustion,Electric Power,Coal,OH,CO2,110.4651946019564,112.82144617492672,114.80027256218173,117.59741072265253,113.68292886957113,114.70522833409504,122.54813875553359,119.5438188002823,123.65518642951565,118.60958386367676,125.03950120383146,118.46089205177059,124.28357384443443,128.49425354691147,123.18639759331873,131.28919019846242,127.62090796016237,128.86888323242567,126.24471669675131,111.73740383078925,117.50289939195744,105.3109027506059,84.18869751136084,92.02295532312536,87.56117333563321,70.18700610764729,68.02528271652113,67.00654441984112,57.7446462765787,45.970934233366044,44.39822236792711,45.12346155530503,0
Energy,Fossil Fuel Combustion,Electric Power,Coal,OK,CO2,25.31160339321622,28.245188495502774,29.696744667581726,31.21578171000699,30.11172056540696,31.991145804573474,33.90037676194423,35.347234217260144,33.638642461052356,32.72867660064014,34.95387472793134,34.45832388981398,35.974080185921366,36.28167875137441,34.14326935352988,36.52537110527465,35.24882734111134,34.1580275943559,36.005496161532406,34.49154256081451,31.862867052857236,35.00202299049737,30.150532583601684,30.921604935609277,30.819725672173302,25.733206006979344,20.128049542377333,18.118695537139647,15.711923167732454,8.512654333737292,6.416843779028347,12.276349987580343,0
Energy,Fossil Fuel Combustion,Electric Power,Coal,OR,CO2,1.349621172325419,2.93905287845707,3.6631583977075786,3.3079467120952204,3.9575333675983635,1.6492103738343773,1.742723945725217,1.3673329685386488,3.3642255715955285,3.674695557382611,3.686996990828109,4.131934574931031,3.4973726019797744,4.148146845970343,3.3526718997885783,3.3865633694990693,2.312401410242781,4.1176598988022795,3.792534752795907,2.980851974101005,3.8864864857229127,3.17974483376333,2.533461483345741,3.5261010119537644,3.027355090114492,2.3084479229872787,1.8577709134511202,1.6993509109548495,1.4821035009741295,2.5094196180327484,1.6259043552462047,0,0
Energy,Fossil Fuel Combustion,Electric Power,Coal,PA,CO2,100.3210161251551,100.18804188234105,101.32845473200028,101.6549295031382,96.63648709587795,100.96630706100846,106.5260090931904,109.16981767667086,110.35850347238195,107.3654857551417,115.3389835395907,105.42926682533987,112.18326999096051,111.91686994691034,113.23589082968742,117.12894520828085,118.63815090324503,118.53497077767261,113.48682839036718,102.27319642581611,106.9373976381,98.20900149196692,86.39901485981406,86.52095021185995,77.7502702982863,63.96898355230419,54.86062491177391,47.985768008022966,44.76048223377558,38.065937332664795,24.523323070671832,30.699210194405985,0
Energy,Fossil Fuel Combustion,Electric Power,Coal,RI,CO2,0,0,0,0,0,0,0,0,0,0,0,0,0,0,0,0,0,0,0,0,0,0,0,0,0,0,0,0,0,0,0,0,0
Energy,Fossil Fuel Combustion,Electric Power,Coal,SC,CO2,21.97535963965261,22.33984900707272,22.171783297295434,25.28320797238562,25.69355206445314,24.610708416176298,28.70271566306025,29.538420674243866,30.775993721376967,33.2567611690694,36.38942177335248,34.426499465784765,33.7832692341502,35.16176229347799,37.038836979408565,37.5083695082126,37.510359547026276,39.25090012134359,39.6632106960265,33.29775035207534,36.39054358834287,32.75110438971044,27.29660231597755,23.31054880597969,27.81309084872195,21.974462844230317,20.395343022054437,17.78867527863063,19.118800386041364,14.957647875661593,12.810222279602684,15.256911641710516,0
Energy,Fossil Fuel Combustion,Electric Power,Coal,SD,CO2,2.944930658705145,3.1952975340840903,2.99148249706417,2.899909682203957,3.1561193376876093,2.899922557298931,2.5306803956876958,3.3574765554339687,3.149712333147788,3.5904419350534416,3.6209740214574664,3.5996853754483906,3.3200644329913658,3.5214449620006416,3.7756296522952852,3.0914726037922104,3.3372297706037934,2.733459419501214,3.7815543525801085,3.3639502256976757,3.4574984452799367,2.7694798227756054,3.07502888623481,2.9452786197309178,2.8195795128841143,1.5549596625877624,2.216328344894979,2.1391547848705135,2.3529050674709655,2.653421521125162,1.7662171427365259,1.7205055025673328,0
Energy,Fossil Fuel Combustion,Electric Power,Coal,TN,CO2,47.40319652871644,44.5260083544717,47.00921482495994,55.390172776746226,49.13517340897944,54.211245234209706,52.863323379877194,55.772572107512914,53.732808747154166,53.622051708943914,58.57018607344623,56.398596342171736,54.17208549125678,50.77690893003891,53.786701418218925,55.012721516637924,57.06579875447749,56.65130925016972,53.93085629121248,39.087480234692705,42.379950076415355,39.3879240367316,34.16508727657753,31.86175208355361,34.90037689851404,30.06908504646214,31.464752510062155,28.234184637199917,20.568095787574762,17.64606587522754,14.076772656238862,18.701850741599902,0
Energy,Fossil Fuel Combustion,Electric Power,Coal,TX,CO2,120.98175780563443,120.9318609106087,120.3666079515564,129.02311180593566,123.99047033633444,123.65760945459736,134.19269034073903,137.6816222210377,135.52625015613205,139.729920142187,140.51393237270113,135.0231226913108,141.0708477567684,146.1835214170987,148.71536999835044,148.92961290021267,146.91742005440264,149.76373267740163,149.58455991371227,141.36210898198783,148.40245336290278,160.00793825181563,141.28641251108735,150.4830490732235,148.79022972090985,126.15503972655021,125.12297343657576,137.6566042987357,112.72968183314418,93.97654077476892,83.01124794214921,92.20732981478271,0
Energy,Fossil Fuel Combustion,Electric Power,Coal,UT,CO2,29.67549582856176,27.959139091748195,30.099559661612982,30.7602985138493,31.5348117190531,29.657370092023665,30.20905267379672,31.189652670646694,32.021615806335035,32.739815215117545,33.1202844414849,32.30741206934833,33.634414395457185,34.76703764028499,35.07431204075293,35.52267448531285,34.94819320671599,35.33162415219078,35.90638611436719,33.31493820982394,32.43357776739135,31.744159725870922,29.479019579454828,32.52376162154022,31.52402376852039,30.101870340552843,24.452718519605575,25.218577905289386,25.291123000940402,24.697665043458795,22.716209299772597,25.71781120228627,0
Energy,Fossil Fuel Combustion,Electric Power,Coal,VA,CO2,21.996570825883392,23.05773397874574,24.59562820343288,27.69480171137552,25.31823027779867,27.30107015550112,31.072953297887068,32.251708672475964,33.01174273539369,34.069308814921904,39.375889335923254,37.29584289457464,37.41803895792552,35.46172625594564,34.8307909105218,35.242978928056665,33.63007954635597,35.67273376751202,31.63338724082433,25.587659318445855,25.900296192425994,20.593278966334,14.653181958303584,21.447351567845978,20.814510456672064,17.545676207499227,16.857837574357927,11.077912711081638,10.101546862496084,4.06131263741514,3.819764225726269,3.049830251878044,0
Energy,Fossil Fuel Combustion,Electric Power,Coal,VT,CO2,0,0,0,0,0,0,0,0,0,0,0,0,0,0,0,0,0,0,0,0,0,0,0,0,0,0,0,0,0,0,0,0,0
Energy,Fossil Fuel Combustion,Electric Power,Coal,WA,CO2,7.5085696908428075,7.905019075262989,9.593151505203613,8.704473663238513,9.592105069901624,6.063007883291887,8.305384149302945,7.292157459688191,9.54859659492933,8.973724791805095,9.80398223096014,9.15028417005308,9.35789931406355,11.04464058682277,10.535780053452347,10.59515457610221,6.408088154192539,8.835149552170295,8.750901563286629,7.690229509119986,8.805619383135472,5.26382615005409,3.875340912804824,6.967194306578417,7.050619771457311,5.386346625654388,4.914014307642493,5.767847543237523,5.7184612975629765,7.587924981275978,5.544988963653335,3.397801962832746,0
Energy,Fossil Fuel Combustion,Electric Power,Coal,WI,CO2,33.00679347591909,34.25251164286131,33.38267335468701,34.06283636299015,35.64835748039608,37.17589903076842,39.14755840490908,41.82075913876969,40.65472771164785,41.54836482642422,43.31240170450275,42.92952820939933,42.839353188939455,42.49887890301098,43.48181689044528,45.465206094483975,40.284783130160434,40.43977166894937,41.777653850625335,37.12730054656298,40.14323393767651,39.20437437399455,32.60382909675972,40.33062204389418,36.67468102355764,36.37886819168011,32.299029262861964,35.22437902027002,32.70843168674484,25.078514698184616,22.635565363208194,26.39066509161306,0
Energy,Fossil Fuel Combustion,Electric Power,Coal,WV,CO2,70.83889402577353,65.8464016636095,67.71350537082128,67.52471958404975,73.69051826505489,73.40521042116394,78.57807776899045,82.60169533210912,83.58000578716698,86.28808550337773,84.90496698320631,75.22274315545319,87.42724945740758,86.6455037420253,82.73434320138148,85.87131719828332,86.117363593104,87.43031816983205,85.15672746141915,66.41302294771965,74.9007197585272,72.51605967955645,67.45600373998779,69.20468716334145,73.68575605381686,65.94365232962164,68.93314401681874,65.4260620053588,60.58670767215432,56.75319625090249,49.127194301261305,57.7277595513099,0
Energy,Fossil Fuel Combustion,Electric Power,Coal,WY,CO2,39.56789847597795,38.63790419962339,42.354167377380236,40.27629140490876,42.30735362945915,39.762288191923766,40.582038349762364,40.24192709525592,44.73808609458216,42.999145561649314,44.292075866174216,44.227373957009974,42.75141521175135,43.99210084687287,44.6022436459549,43.809599640352886,43.425121402587216,43.859841878652205,44.39452192640271,42.29292021670881,43.23028612096216,41.501037141509386,43.81899441943266,46.688148642931324,43.63153442698176,43.745045127832434,40.62316174311711,40.80612994714749,40.57816693335003,36.26352307417077,34.88903799524689,33.594120221445436,0
Energy,Fossil Fuel Combustion,Electric Power,Natural Gas,AK,CO2,1.8610067638104641,1.6586401347688426,1.529366025285568,1.4807393178209958,1.5351858467218267,1.5799255384872646,1.6506010742081252,1.7752706377317498,1.5242227528153516,1.6176120958299283,1.8861560933623829,1.7251385379002064,1.6927032981309746,1.828449419685741,2.0059559908255418,2.0889895483197165,2.305279322696032,2.177986140329471,2.2985140776841266,2.027624402142414,2.1158992217959005,2.2428398986678246,2.1319580016052364,1.7992658106782005,1.6903867135264776,1.5972431218250114,1.4912223890293337,1.5317339370374794,1.3397309955071526,1.2907239835982414,1.2107646009652704,1.3481706410846972,0
Energy,Fossil Fuel Combustion,Electric Power,Natural Gas,AL,CO2,0.29780326397510987,0.27728443642851913,0.2610649639686724,0.3305905392331907,0.2990525764502667,0.47607465074339583,0.41081344825777527,0.6438665767463283,1.5089604572168611,1.3720226797446198,2.292817522888344,3.7761031863784296,6.093361594425041,4.681793552434515,6.35139984743574,5.691288261914632,7.921530820201306,9.601294191921669,8.934680616868173,12.315672286719636,15.217235030851443,18.50851400791358,21.587544041436658,17.98069933628489,18.766907303211656,21.668666207361348,22.482480479202135,20.709843776818104,23.412121349573464,22.743135362576997,21.596566958888687,21.258809281378824,0
Energy,Fossil Fuel Combustion,Electric Power,Natural Gas,AR,CO2,1.721912392286679,1.5017902403901673,1.4604343267184863,1.1507296884810265,1.350515731968766,1.7630027313727201,1.8391989104643964,1.343700871195551,2.1840925919265644,2.172078448141367,1.8660636030204423,1.4272027206062954,2.281129282143754,3.078229389112959,2.188286749136525,2.665251586936339,3.864529137914113,3.4500121466046694,3.503714374993611,4.515081461543674,5.215967168030462,5.783798072334493,6.979718957969759,5.071629903962947,3.9179703551776552,5.975739326340951,7.343287808600668,6.882658783310794,8.234771394951746,8.624435788941067,7.332292750450105,8.112217157560623,0
Energy,Fossil Fuel Combustion,Electric Power,Natural Gas,AZ,CO2,1.3192874412041826,1.2619766737492863,1.681100146767966,1.1108053358196377,1.412090039604473,1.1967628272376702,1.20997563613854,1.430109953768008,2.2637311447380655,2.9290437161916056,5.152613398241501,6.959445375794298,7.829810693417088,9.078168028909406,12.975025234719062,11.77968864623804,13.398110102988346,15.145023268675473,15.424521810500552,14.166910194830088,12.068826970273621,9.740442235155355,12.371985355364139,12.087724141807959,11.184688427772892,13.624119258292698,13.969540198843688,12.29122441757072,15.659017158060832,19.420796408968464,21.132197403096782,19.51471455595018,0
Energy,Fossil Fuel Combustion,Electric Power,Natural Gas,CA,CO2,34.21668812278326,34.11954908005351,41.592553617108315,36.66243799097055,44.08767954055305,32.74747069462827,28.46949882379494,32.128799485743954,35.068530428418406,39.08186776335212,48.18200333987191,52.69783923623532,39.265849994656485,38.19599353787622,41.99288071340416,37.50694913372277,42.10492981279819,45.51531863957543,46.6816999365382,43.96574928064593,39.991728944367715,33.37575010930396,46.426660247840815,44.94640393442811,45.3949636723827,44.052049838107635,36.381611233281866,32.82164737312161,33.562891882319974,31.030341654780546,33.58629713892931,35.264452060578996,0
Energy,Fossil Fuel Combustion,Electric Power,Natural Gas,CO,CO2,0.6587209944831883,0.6906250732972214,0.6871018890068412,0.6624485182334096,1.0416408388630605,1.2362728503993323,1.4991625089406875,1.4421596606955434,1.8008980699104815,2.2432967352171276,3.4795434524528575,4.6782935430468795,4.146118037837622,4.199322077721895,4.530104043889151,5.003083964557747,5.025184079765847,6.687050131133986,5.755992605963292,6.193161071282511,4.9754843648025515,4.607927919528294,4.705016239423984,4.916747951551246,5.32181680856718,5.1913835822624765,5.4849115931990315,5.52025456716891,7.222842424287575,7.618239291785316,8.047240050836747,6.61896945007501,0
Energy,Fossil Fuel Combustion,Electric Power,Natural Gas,CT,CO2,0.688617320735647,0.8231452902504021,0.7335661785535886,0.6290726043683336,0.9950640469808185,1.5599592433601144,0.9684139456421386,1.3180688191786445,1.1060147291321432,1.6909981258679063,1.8413709898896888,1.7187590946348439,3.5134701801611703,2.2686424662018942,3.158229206458107,3.4111984192693074,4.0582185235517825,3.9410270925518693,3.182285307903258,3.795511356727408,4.586592645359795,5.853608741766861,6.223426103081536,5.820587592529815,5.441411166495974,6.508435494195392,6.668086058849962,5.8990670785016475,7.38721881831132,7.800478407544973,8.598183398159165,8.890170472474496,0
Energy,Fossil Fuel Combustion,Electric Power,Natural Gas,DC,CO2,0,0,0,0,0,0,0,0,0,0,0,0,0,0,0,0,0,0,0,0,0,0.05418536785228567,0,0,0,0,0,0,0,0,0,0,0
Energy,Fossil Fuel Combustion,Electric Power,Natural Gas,DE,CO2,0.5394520527141199,0.7397594110046731,0.41211346029317286,0.43166886065369026,0.8929858851799418,1.4724350342974488,1.27752833645679,0.8797343048936533,0.570936601090942,1.03142267577873,0.4499660337103016,0.8269551042744641,0.9392916395284912,0.6459762846338744,0.7139170371148701,0.7060769867542444,0.5222894332190859,0.7391674035466749,0.6116462925771335,0.5956814811952553,1.3178902367120027,2.107508896847111,2.894286797788423,2.309630153353589,2.5761671082434563,2.512950053493859,2.9758950622666713,2.458160350736162,1.9884156018714225,1.5377580559029858,1.6048391978221348,1.3109239798273609,0
Energy,Fossil Fuel Combustion,Electric Power,Natural Gas,FL,CO2,10.104589182883512,10.774300012515234,10.846800959525867,10.056342401514431,11.354914902611558,19.778992263338242,18.0282722573123,18.670703786665257,17.93842558865643,20.128497967995983,19.96167765481966,20.55920579609992,28.308875751898547,29.287203792642526,31.97866558010788,34.48006641427596,40.361672435917235,42.02531432542755,43.379804503438876,49.51845750141094,52.919029752496314,56.114324574127835,61.16129304535541,55.587275590826735,55.92486902691753,62.56828754330004,63.79998922550554,64.120331084921375,68.3976936515589,71.36844977306895,73.69501510668348,71.33084322927871,0
Energy,Fossil Fuel Combustion,Electric Power,Natural Gas,GA,CO2,0.1042944150394418,0.04528169898280726,0.06270833174924272,0.16339410996605305,0.0726640199886221,0.6016827190300702,0.3126558860582528,0.9097528730289167,1.80712973385727,1.7644898994650169,2.2575499148407796,1.8624283747845356,3.0587148597226705,1.7484960967760275,2.5044008484033315,3.995815147012505,5.25024680757318,6.69741847086741,5.2742722167393365,7.802654753548974,9.468838301116914,10.573138391563742,16.53604359294039,15.025242661173591,15.681605398553705,19.3493614082998,20.650672868988995,20.15747490569066,20.29002626668288,23.1199705784741,23.22360456479557,21.92555093395696,0
Energy,Fossil Fuel Combustion,Electric Power,Natural Gas,HI,CO2,0,0,0,0,0,0,0,0,0,0,0,0,0,0,0,0,0,0,0,0,0,0,0,0,0,0,0,0,0,0,0,0,0
Energy,Fossil Fuel Combustion,Electric Power,Natural Gas,IA,CO2,0.17083615001405025,0.18835709052405497,0.11898233509360098,0.19196431471448058,0.14105057949826283,0.19633523541697576,0.1440384259524495,0.1763590877946727,0.24789347937479247,0.2384517258438626,0.2181621451338078,0.2622425686108501,0.23676687382607003,0.1931896637613266,0.37874397356468525,0.9726867498947298,0.8872360003124059,1.227431565482967,0.8483272744998195,0.47565610811859943,0.5954887908199709,0.47304938444649397,0.7910259907609952,0.59529277917036,0.5256232805832035,0.8169029410035229,1.058148842427906,1.4977094938996436,2.456719300269404,2.496744535820507,2.30049502451608,2.21974251450637,0
Energy,Fossil Fuel Combustion,Electric Power,Natural Gas,ID,CO2,0,0,0,0,0,0,0.009990188075234113,0.09740179766424387,0.0962211161953285,0.09712545906323183,0.09411745475961655,0.568350400005019,0.14081175561327045,0.5089285636966417,0.647475369960316,0.6169250508845779,0.5221307147932697,0.6779095596114392,0.673488060093365,0.6749574992150218,0.6662252560582993,0.4445001046103435,0.728601650526242,1.3298046962960282,0.9839714318498558,1.4834336053046315,1.2484075221276676,1.1276672582825593,1.279727273267122,1.690424901356816,1.6399338239370704,1.999907964872644,0
Energy,Fossil Fuel Combustion,Electric Power,Natural Gas,IL,CO2,0.492577565873845,0.6947415913865674,0.5027214619291688,0.8596938319771744,1.857104353880722,2.094665078207046,1.3863103843871167,2.3903870365457136,3.0354540706229916,2.8629539917337725,2.5123544173613372,2.490039057684327,4.329458963816434,1.706799724537209,1.6430415459295509,3.1142368108208807,2.2800959991331995,3.3449533572649646,1.8434560073893247,1.76825740326733,2.4344251011924456,2.5326230340733527,4.721959232532653,2.776763011532783,2.2571255091201103,4.4685821960049115,7.778262885593323,7.588930143352082,7.453825062804874,9.226495527792371,12.529574323320668,9.252704642045902,0
Energy,Fossil Fuel Combustion,Electric Power,Natural Gas,IN,CO2,0.34821047367061353,0.5273365224198254,0.407577786171697,0.30133380461095627,0.4844091972061269,0.4472344466708458,0.2334743953878787,0.24971432119563333,0.7297384103112234,0.6635408335566465,0.7684320056300603,0.9395180081715621,1.8866765167011705,1.4260900104167387,1.2214678442947187,1.885357220304245,1.446877169740231,2.01796457046411,1.830495157909875,1.947289959315975,3.2509653458821934,4.5451618775879625,6.144164663445042,4.352145822329224,4.4627245052130124,7.030141699451765,9.607112559642333,7.356095172997356,10.843243066696157,12.311094551192275,12.815828080908757,11.408150437757692,0
Energy,Fossil Fuel Combustion,Electric Power,Natural Gas,KS,CO2,1.430752756367671,1.8633577459044013,0.7252859362620571,1.124747173256948,1.425661735198278,1.459969305064625,1.2014126177883395,1.3453920581327488,1.9585380434796666,1.9178180602071901,1.7920915135773505,1.239299118971983,1.1320482276031558,0.7692134051214473,0.5571041143166315,0.7523450436261057,1.2067361914803616,1.3789891845455322,1.4322532196188644,1.7189877285167274,1.502090957194147,1.6440465618446676,1.7564589168343545,1.2547713486637109,0.9944352775723044,0.8062828329159666,1.117043464267227,1.1240746152183159,1.5429302203816209,1.5188529259574755,1.3032051146324721,1.2195772034955383,0
Energy,Fossil Fuel Combustion,Electric Power,Natural Gas,KY,CO2,0.015238162763598928,0.012244002522157677,0.014450868712609338,0.0144699373402387,0.018852510999955007,0.046693663736509704,0.09884471799305711,0.11827738642028095,0.3120056830307359,0.3064448343660815,0.22662214106725645,0.23946637447335772,0.7425148811207652,0.1984281673801629,0.2623784083011714,0.9378931711270901,0.6682574788280261,1.0519103857099856,0.5196507119862638,0.45522850934982106,1.043839380369496,0.8400056195204286,1.6877868478907792,0.792189173063063,1.4612919094516548,2.800274171802969,3.6185595142119786,4.486577191405311,6.21635393196031,6.227444857777178,5.688289218364164,5.94535961882531,0
Energy,Fossil Fuel Combustion,Electric Power,Natural Gas,LA,CO2,15.745398492961632,14.902639897399984,14.314640267774779,13.467181244558217,15.395953275859618,17.876542391394953,13.992289133055678,15.268722713716238,17.616491491879962,17.69771790243687,16.670844986657293,13.333563651323683,17.590890056045488,12.91423427488068,13.366475184472666,15.518041885925866,10.753490785897336,12.258445747074425,12.910487321472434,12.128384017178945,14.651555094768883,15.863282868215633,17.384569866563933,14.455878189718208,14.420289207353289,18.61488318678179,17.99143543714989,15.166395528690325,16.31768477807243,18.59393460816733,19.312139353557754,17.206848025873263,0
Energy,Fossil Fuel Combustion,Electric Power,Natural Gas,MA,CO2,3.3583539823595383,3.3239300295281677,4.0968740204215095,4.227545342922585,5.4494846502222885,6.94288297381709,5.579969334190948,6.370489794057491,5.5977241669813615,4.995642964098271,4.8199769331332165,5.2633043072821,6.927705629469412,9.197595328583278,8.599563509362543,8.324020014592463,9.226566623403818,10.046762502611324,8.47798260235352,8.218721545051912,10.203417431892792,10.23102373764594,9.855580250752505,8.45654401869617,7.3418146623507905,8.518383413393053,8.506443384855094,8.868809234988841,7.286913300235776,6.132760785172987,5.7042509308441485,6.0661867313012365,0
Energy,Fossil Fuel Combustion,Electric Power,Natural Gas,MD,CO2,1.1414385726864693,1.1652384986496522,0.8327181244649228,0.5508610087446345,0.8310947286198653,1.0286867661408672,0.6475121900614703,0.8499271351255397,1.1796328608425097,1.2490429204734834,1.590109110666263,0.9531204574481199,1.2280033458159554,0.6032216288356951,0.6630401907917413,1.133223687795268,1.2084291880224005,1.2738245958207923,1.0854314678340793,0.9995234661811289,1.6814735501787705,1.1428716345540255,2.6938300105714807,1.3722953720003659,1.1258675215709397,2.20153255564283,2.7397355517342916,2.7949178050227546,5.343289209332265,5.291746540725495,5.239299988173838,5.4205251040304425,0
Energy,Fossil Fuel Combustion,Electric Power,Natural Gas,ME,CO2,0.010334532531714152,0.009710760621021606,0.006750770785452539,0.007604638602169243,0.007023484490179317,0.005387730431135735,0.002590048760245881,0.0022725324468597322,0.0029045891277404323,0.027228966476627325,1.4674920446058415,4.361746622673027,4.984217758324721,3.3276668240543157,3.480219819712288,2.7061261103214234,2.2531667728863884,1.8956604813637083,2.047443907767929,2.0397433661788136,2.2433942878841457,1.871964096417869,1.5612968149638704,1.1303683865455316,1.2893254752049481,0.9720833263425919,1.2060456506342723,0.7390806444956297,0.7632515725074261,0.515138387202391,0.5342945412588579,1.0616619261931575,0
Energy,Fossil Fuel Combustion,Electric Power,Natural Gas,MI,CO2,3.5637791800307546,3.7737387945986405,4.288374401061964,4.587551046748889,4.804169007590775,5.424652230854989,6.311684538029391,6.4295756376758435,6.758503603849264,6.9290053274979435,6.571460466230013,6.911467744625041,7.791513281296876,5.536622097508257,7.172205909239889,7.01291547729212,5.840361914757708,6.636954122319937,5.015848748547043,4.505026425880286,6.080423955415335,6.064629763783975,9.762817363482542,5.981131440707848,6.039435803845616,9.021279874971963,13.290218466578661,11.672127484823578,14.050325816034107,15.397383418609657,16.79029448842519,14.020224450841342,0
Energy,Fossil Fuel Combustion,Electric Power,Natural Gas,MN,CO2,0.2840414630017558,0.3142803233596938,0.26243621428446745,0.21102872121019647,0.31246584758188733,0.44422365613579934,0.28210388231494427,0.3270861235724391,0.719757185854079,0.609717361958187,0.5323981190868421,0.5717246509883511,0.7010436503165565,0.8900693876004587,0.680405024916597,1.3875129283630177,1.3268860398232045,1.854821918740218,1.334491383545301,1.2658760687802513,1.9297924288971542,1.5086625928999542,3.0869074506926064,2.6959090233930225,1.6744795541201287,2.9519145211128537,3.613647227367981,2.7252839291599162,3.5682143065167238,4.9685110647577,4.917211657534657,5.368591106844683,0
Energy,Fossil Fuel Combustion,Electric Power,Natural Gas,MO,CO2,0.18965976283967248,0.680492105692677,0.12562762508553085,0.2611454019981035,0.23040197617031846,0.6831853470226431,0.2782452382435575,0.3992786659540762,0.8607089746166102,1.0399350322888987,1.6286020921634548,1.900652311705096,1.5956373433787765,1.1664930533055176,1.3251803749367679,1.7192152377998013,1.7604518730110497,2.2220515841965276,2.315548336999975,1.6049953768381042,2.1653512117155107,2.0359503123227336,2.74894768502812,2.019444766600677,1.9059525049500532,2.104366492095486,2.8494961115388735,2.557116533961576,3.4318326068479226,3.6860250707446536,3.6935508385391995,2.965362557520256,0
Energy,Fossil Fuel Combustion,Electric Power,Natural Gas,MS,CO2,3.5529173754310954,3.3759670402473376,2.9358469261171956,2.1587667831907935,4.525183529683879,6.077888135186907,4.543156958023132,3.98047270465429,4.170725933878193,5.761014845099546,5.470021870669579,8.10500358463558,8.877858519850497,5.2526846185317355,5.870902181224798,7.395486210398308,7.6417631416293315,9.980426288194412,9.068891535763534,9.85457000500452,12.57028285520791,12.99071683230849,15.572834434712544,12.605814061884136,12.850342415046308,18.041133168260522,20.023801683348584,18.554469270216938,19.937398758166644,19.637624519460825,21.294404342173195,19.19624239416405,0
Energy,Fossil Fuel Combustion,Electric Power,Natural Gas,MT,CO2,0.02551996808851862,0.015199451406816424,0.0129741376032916,0.015420517165509854,0.035011806142773584,0.02128681729164413,0.025847629464494606,0.02283102365217219,0.028517784163269694,0.015861533869879995,0.010310620043890578,0.008593795473174222,0.006136049455724783,0.013175630314042815,0.010482430355857936,0.011368722545657345,0.029045471924359616,0.05528017868076114,0.02772034745808839,0.03535138854285985,0.038015555419999916,0.2519116417453281,0.2913665346156463,0.39336946847577386,0.30519550023808567,0.35432062107041107,0.29294132082589563,0.2562399832585463,0.28221821120464896,0.30095065798733234,0.18799937513678483,0.3132417795670182,0
Energy,Fossil Fuel Combustion,Electric Power,Natural Gas,NC,CO2,0.15306708132431723,0.22313639079173558,0.23543313114265726,0.17802247727717027,0.08301441818467582,0.30614985861630123,0.19494081281197573,0.32090272133330916,0.7415151989564256,0.6708371391367913,0.696099040399074,0.8771998103231453,1.7025421360513608,0.7642394723924513,1.1446496299192142,1.4478464745239246,1.5206812377447512,2.1522239900734608,1.9242893869999338,2.1280689162956294,3.89548255497364,4.779276565669197,8.038550133554658,10.739240480974406,11.050719493902147,14.727923626736175,16.038827826805335,15.231432934750384,17.93757399784113,16.528945218811895,16.563923579313336,19.711514290962352,0
Energy,Fossil Fuel Combustion,Electric Power,Natural Gas,ND,CO2,1.0545441358891992e-4,5.277587294033482e-5,5.274039676134796e-5,5.280999029284196e-5,1.0561630812299724e-4,5.282088657976211e-5,1.5857441389260498e-4,1.0569918357487124e-4,0,0,0,1.5816801484369732e-4,5.2896978066592956e-5,0,2.1176626981531184e-4,5.2877779282127186e-5,1.0581228387744851e-4,1.586990775524243e-4,5.290142644673357e-5,5.2921240333622534e-5,1.0589291203342594e-4,0,5.294685346459138e-5,0.018096900486778946,0.10115050865033695,0.3427494585272526,0.5783293403755375,0.3628041165023583,0.5106126609985665,0.7820281267124766,0.8163200306403264,0.809916761808465,0
Energy,Fossil Fuel Combustion,Electric Power,Natural Gas,NE,CO2,0.1863379488116215,0.18228786513591644,0.09683136845383485,0.09775129203205049,0.15958624157384882,0.16274115155224705,0.12310660331862565,0.14322239374395054,0.27033803172551407,0.24458485227354954,0.2955182329502791,0.23108346968664173,0.255492404061644,0.24218819255973478,0.17444246476036315,0.4254546121039954,0.41414927909633353,0.5860756934011029,0.3846991731206465,0.17601604534962856,0.2097209122822001,0.22569291536518993,0.41642700249901116,0.24991713742414315,0.2288305655464781,0.23855615928018276,0.325795540363167,0.3453692310435294,0.5129367488318072,0.6823801373069499,0.611566142734815,0.6327705842257002,0
Energy,Fossil Fuel Combustion,Electric Power,Natural Gas,NH,CO2,0,0,0.03375385392726269,0.00723496867011935,0.06785847796902574,0.12037880051527784,1.5857441389260498e-4,0.030177116910625742,0.008080038846259747,0.030718503928000924,0.04393910387934908,0.0297355867906151,0.06056703988624894,1.5821868354224669,2.0865330564902678,2.533374405406714,2.278085565739528,2.1775629427893315,2.7022048628991504,2.0862611364320673,2.143272539556541,2.582253229261614,2.7541364766676497,1.6150160811607606,1.7024359904189943,2.32242214422158,1.8378819434073272,1.412648386055054,1.173294614540308,1.3875731688498234,1.420856677481638,1.7498005969404018,0
Energy,Fossil Fuel Combustion,Electric Power,Natural Gas,NJ,CO2,3.532933764055995,5.050070505787698,6.18818897319924,6.733537812288814,7.786403891905788,8.200548283281229,6.942176407666388,7.30576901991974,7.301503338602485,7.652344143744038,7.280408125453012,6.832963686590952,8.697321133709215,7.123729951481752,7.725868821672022,6.839000461233203,7.154074325238172,8.607150270440767,9.264521010763556,8.930194700097134,10.804624439962566,10.84009269652515,12.361184197257362,11.89876498497086,13.657961053078937,15.57531314667761,17.904123500019484,15.074783130552117,15.589294523063613,16.00308688362364,12.372018479271539,12.087941629811803,0
Energy,Fossil Fuel Combustion,Electric Power,Natural Gas,NM,CO2,1.3885709909321031,1.5111315699006067,1.2089153745636179,1.4912485058892717,1.7438308634188076,1.7233342455513185,1.8546863448879076,2.128940105973269,2.394384844774972,2.2653442672962614,2.4591621929297784,2.5364350087051446,1.9785056706247761,2.0033836920480925,1.6664946603115967,2.1908850289963757,2.9594637677683577,3.2871868930358814,3.699396751420078,3.8119698624711646,3.8244284109992113,3.970415615060932,4.044927817280923,4.073284227108975,4.203506508906898,4.292637121718531,4.5094793227893994,4.163239315623392,5.397482711989193,5.627444616322174,5.406263728982695,4.459085754298515,0
Energy,Fossil Fuel Combustion,Electric Power,Natural Gas,NV,CO2,1.3210274390283998,1.2397580312414052,1.8799314425582476,2.1645230721327136,3.0078468390348387,3.3623135352347573,3.8847031334030726,4.106941777801622,4.599020803441372,4.964184255256343,6.55290135015101,5.870036812222524,5.91282420828376,6.280542525560979,7.469631635195495,8.09802038594065,9.08710603325334,9.341979899201007,9.95520203445211,10.485126583579632,9.598451225445828,8.827871655754542,10.28116705890089,9.917101466754863,9.114009624252775,11.555470144640934,11.541549990692959,10.785431476776528,10.950098286847195,10.649555421009184,11.151793128193956,10.773742057079541,0
Energy,Fossil Fuel Combustion,Electric Power,Natural Gas,NY,CO2,12.47894803204484,12.427926439354744,13.779483461837382,13.053573400584678,15.663426576181108,23.23437620072654,17.262992135866583,22.334977383655318,20.38984600175794,23.4118883508407,20.083871721083412,19.182247781542305,19.70624020892854,14.13427647628986,13.989173900864593,16.422939322780913,20.92453785519126,22.05308831514747,21.544158821858694,19.87679449938596,22.96298386736045,23.494574225679866,27.195727707259643,24.843181579647094,24.628510577481315,25.67725506500673,25.69458787228983,20.994930570563078,22.610522327817566,20.61783966484789,23.08602728802271,24.386102359117142,0
Energy,Fossil Fuel Combustion,Electric Power,Natural Gas,OH,CO2,0.06680537100858076,0.17226044927725284,0.1605417677415432,0.14818483276171457,0.1603783638847713,0.4027064392841063,0.1563015139601443,0.18788029880433366,0.43019605517406473,0.6137884889847895,0.5447179881649268,0.5655560984094471,1.2310713705438177,1.0254767690206819,0.9939779289456198,1.5192843543340786,1.2637161063483677,2.0348395723771846,1.283864718435777,2.057207375488909,3.1666745879035862,5.055341215958652,9.306680220885085,8.8217627530814,9.635933565439153,11.653640099002525,11.885885452370566,11.601489782222199,18.026470357462586,20.384165921806314,20.934261597674446,21.75474461360949,0
Energy,Fossil Fuel Combustion,Electric Power,Natural Gas,OK,CO2,9.68071516746285,9.589798320242359,8.564249328091488,8.767514588417622,8.764886178511295,8.784219079987599,7.799112540342025,7.3862060986202165,9.855746206826005,9.620971984114409,9.564184027687483,9.449800769508311,10.565060532262542,10.715068124350827,10.914857078820802,13.192582908656478,15.18665513736886,15.599167128937996,15.459278047676055,15.569005536229081,15.816906591696734,14.493658975816414,17.2859298785594,13.584157901357983,11.414893033666761,14.0916681959384,15.364524021961595,12.568861760256011,17.7572987302309,19.05119583777118,18.84105742198785,14.413718256578422,0
Energy,Fossil Fuel Combustion,Electric Power,Natural Gas,OR,CO2,0.39998859074277326,0.6197470759383518,0.7877833064242544,0.9235939202315131,1.4294111141366446,1.0416807042394887,1.419611011304564,1.297880275115844,2.8457579952258354,2.6684387147094784,3.7365687039059448,4.442412310243312,3.00407228137988,4.0201546711221,4.793488341971945,4.746362346143019,4.075783362675439,5.547802353077648,6.296803888528251,5.879443958584796,5.897493949877592,3.2493741560451315,4.404119271184711,5.53336544094433,4.903210131963565,6.252918863790307,5.901188288011308,5.795197427556018,6.86472161725641,7.993965547545952,7.252114214582098,8.218779591257146,0
Energy,Fossil Fuel Combustion,Electric Power,Natural Gas,PA,CO2,0.7364408972982223,0.3974550991136615,0.7014472769259279,1.2540260294938252,1.578541341206317,2.1452674875504587,1.3975163096355276,1.1082559397825251,1.643574960609777,1.7178041181080035,1.1257082088945147,1.2329723983782352,2.7323405050517926,2.266843384150981,4.182066179447686,4.416034858967571,5.522290189422099,7.84412510556871,7.70985389034695,11.46184099517697,13.352090224750695,16.683160980615956,21.547357379657036,20.007023041667093,21.367225812945815,24.104316668158216,27.472782889528162,28.78959236232934,29.45945071184354,36.796089442408004,45.409486404981735,46.605452843786225,0
Energy,Fossil Fuel Combustion,Electric Power,Natural Gas,RI,CO2,0.4917866577719281,1.2648793467610047,2.0681091782027377,1.9467346721650334,2.0583562290090933,1.9316070013353208,3.370446309149355,3.315043494458687,3.249548694693168,2.939512328545727,2.6389371065155633,3.178544426298941,2.9073237084960817,2.2721348019477854,1.94369670749984,2.3714097674655585,2.315119865096635,2.788342792596095,2.8602214236955437,2.9961889427283737,3.064064356143196,3.460977816426247,3.3067957331310547,2.5334073234079404,2.4362263836321234,2.7157888343303203,2.5455681706747906,2.7595197042427078,3.110157722656211,2.800018729331869,3.1757993966387374,3.3651433883490003,0
Energy,Fossil Fuel Combustion,Electric Power,Natural Gas,SC,CO2,0.37647225651244415,0.5311891611444699,0.0967786280570735,0.09991650163405699,0.16222664927692376,0.3573861185986704,0.06496265155800383,0.14718611312800822,0.4738177028015847,0.5862951636103308,0.4661457759330222,0.5982441548104779,1.9965435401454845,0.7331259357472418,1.7111244016751734,2.461830770037996,2.758102991549573,2.7853804098151165,2.529428804124119,4.08245032181631,4.740402100088345,5.473145890072856,6.307399812676377,5.06194647475511,4.729658266546791,7.4043287913725315,7.259620471386782,7.373213060538752,9.404843978632334,9.913628351398472,9.964918242596083,9.688781155546689,0
Energy,Fossil Fuel Combustion,Electric Power,Natural Gas,SD,CO2,0.01275998404425931,0.009446881256319931,0.00258427944130605,0.010033898155639974,0.008502112803901276,0.049968558704454956,0.03885073140368822,0.09312098072946158,0.15457695230720447,0.13614483238313663,0.1943684065709834,0.24326240682960643,0.06559225280257526,0.1148766803686223,0.08724770316390847,0.19020137207781151,0.1779233553399297,0.22625198489723955,0.14008297723095045,0.04831709242459738,0.0852967406429246,0.0842706942844443,0.13379669870502242,0.2219780629884143,0.21234208137777114,0.34200974950622887,0.41474490644156736,0.3203263955663024,0.5184300473467395,0.5223202242766632,0.504062423581534,0.6385821200247173,0
Energy,Fossil Fuel Combustion,Electric Power,Natural Gas,TN,CO2,0.030581779940786775,0.011399588555112321,0.01571663823488169,0.08275325478888336,0.05507890468614307,0.11060693649802186,0.030710578157201164,0.0881002695096552,0.3351895853412459,0.3179180105319614,0.28674098716932617,0.13586632475073598,0.1404414767668043,0.3069022322146519,0.12282443649288086,0.30447025310648834,0.3638355381126067,0.3957425997232287,0.23985506750948996,0.19977768225942508,1.1970134776258468,1.4010333969313864,3.366625677546043,1.9741496004700259,2.4304131360085406,3.708266995109712,4.661760214953312,4.003578031209511,5.445337793282738,6.269585342962981,5.548756367545746,5.208192718791812,0
Energy,Fossil Fuel Combustion,Electric Power,Natural Gas,TX,CO2,61.88001716749668,61.5606280947453,59.831237625117666,65.67688037774144,64.27486382625837,65.37403437987547,65.28688337627625,66.58995715625102,77.92584862965131,78.05714601909864,85.16614456233283,81.77449807701156,83.54411183694717,78.51522138089815,75.50086935255077,79.70754146764428,79.42508105480009,79.76215637784844,77.90581467104666,74.92853812635946,72.81593729838494,78.60252344380241,82.09197842271035,76.9957501219451,77.26181310451504,88.53883723514271,83.45515811439975,74.5812095272325,89.23287697567079,96.57426875298921,93.69498799075295,87.72708767547635,0
Energy,Fossil Fuel Combustion,Electric Power,Natural Gas,UT,CO2,0.049089029525642223,0.28915900784009446,0.36791700780716335,0.3500774256512494,0.48900350660947733,0.48236033624638763,0.2201012864829357,0.22112269203863064,0.3252083608841015,0.35466389733051673,0.5822592201196053,0.83533800906118,0.8210139965715891,0.7696896327231598,0.4990272148197824,0.6758308970048676,1.6081350903694624,3.1078569354016423,3.072197439467605,2.7390975571876353,2.6600299502796596,2.1946927829515706,2.5816356280800115,2.705433707859748,3.1948551985096505,3.0897117444578623,3.255736951508575,2.2347296519319575,3.3377070496016783,3.70894358023167,3.6906967574997314,4.1839887824305,0
Energy,Fossil Fuel Combustion,Electric Power,Natural Gas,VA,CO2,0.5306993363862396,0.8692186273273145,1.2996288569931365,2.1876010378906856,2.2013079020535704,2.4477727049927562,1.7227524325292605,1.0520768237124807,2.071658587327303,2.2647626777210323,2.009354784143229,1.7964723125947142,1.8920191114858964,1.9142762163499076,2.6507313408457125,3.6516336816651402,3.284572009981818,4.931732534019138,4.2339656656643205,5.203216349601768,7.63440243950586,7.747607161768847,10.38023062173314,9.392026778069752,8.74095766993578,13.567425845467088,16.415383664556472,17.29508937724086,19.75136609115134,22.62780350838427,24.78510401349986,21.044152281820583,0
Energy,Fossil Fuel Combustion,Electric Power,Natural Gas,VT,CO2,0.037119953583299815,0.05683961515674058,0.04171765383822623,0.014153077398481645,0.008766153574208771,0.007289282348007171,0.0013214534491050413,0.0019025853043476825,0.010086845879971319,0.013376560230265462,0.054725598694496135,0.0060631072356750635,0.002010085166530532,0.0016403395170093466,0.0027529615075990535,0.0015334555991816888,0.001640090400100452,0.001375392005454344,0.0020102542049758756,0.003386959381351842,0.0029650015369359264,0.0026483562000139626,0.002011980431654472,0.002328256202977408,0.0019025174040815727,0.001056727172891175,7.923043296769626e-4,6.868288211053819e-4,5.810219583101512e-4,6.864991320995473e-4,7.928002887410099e-4,4.2265714901942067e-4,0
Energy,Fossil Fuel Combustion,Electric Power,Natural Gas,WA,CO2,0.010334532531714152,0.06216997832371441,0.6126851891765792,1.5200299505988701,2.319386934535081,2.1865205999692523,2.268195558181857,1.4990786710506117,2.2060090371631516,1.792829173312536,4.033673186093746,4.672388603826048,2.146559369942342,3.12579923510623,3.58313822684253,3.5609482901962917,3.19076942032446,3.1020908689172377,4.062406339697564,4.975019961283188,4.337691355625227,2.1380179602712723,2.3428982658081687,4.739747565211259,4.658789493244751,5.468827301505055,4.645333105184676,4.6004322767500865,4.399709549036578,6.081695811269889,5.428673550477775,6.432419150926564,0
Energy,Fossil Fuel Combustion,Electric Power,Natural Gas,WI,CO2,0.14373436572169787,0.14497532296709972,0.15400195854313603,0.19259803459799466,0.23562998342240687,0.5324873576105819,0.3956431626620494,0.8478131514540422,1.3042133290668674,1.143087874222685,1.1353314542688127,1.1979645444261633,1.0592619857835237,1.2595690923513057,1.1243730095843982,3.1315278446461363,2.3534768180022096,2.9133976657074054,2.2066772013725973,2.2027937076467046,2.280721539375928,2.5572527467334822,4.6809783679510595,3.2973399325530504,3.2548373444438887,5.441986431313619,6.434514742461193,5.767829940684281,6.96307278874491,7.9874174019782345,8.706902744421848,8.188136947953238,0
Energy,Fossil Fuel Combustion,Electric Power,Natural Gas,WV,CO2,0.007329081744429934,0.009077450145737588,0.031064093692433948,0.019962176330694265,0.029466949966316235,0.03956284404824183,0.017073178562437136,0.031181259154587016,0.027303137800760064,0.02654163334226586,0.02744211180912415,0.1417185412999528,0.10336069514212264,0.11651701988563165,0.0789358770736575,0.12569048135361632,0.20284214819306878,0.21186326853248644,0.10421581010006514,0.06160032374833663,0.08206700682590512,0.14158112245274643,0.12987863154864265,0.15662814456393473,0.3690883763918252,0.7458908749852359,0.5757939665205712,0.5919407778203615,0.6090694728431231,0.9265097902066584,1.1857649651936373,1.1063579197019613,0
Energy,Fossil Fuel Combustion,Electric Power,Natural Gas,WY,CO2,0.003743631682406657,0.0042220698352267855,0.004535674121475924,0.004805709116648618,0.007076292644240816,0.007077998801688123,0.0048100905547423505,0.0052321095869561265,0.01494543133000986,0.009199689644530397,0.10009232688761469,0.14820342990854438,0.18381699878141047,0.12286672124179687,0.026629608429275465,0.028183856357373794,0.04333013024781517,0.10458269210704761,0.05612841345998431,0.05630819971497439,0.0310266232257938,0.021716520840114495,0.025626277076862228,0.02735701038498455,0.04407498652788977,0.06778904814096888,0.0837729777911775,0.07243402413349835,0.1038972901814607,0.1820806928830184,0.31685584873349026,0.44109556714539294,0
Energy,Fossil Fuel Combustion,Industrial,Coal,AK,CO2,0,0,0,0,0,0,0,0,0,0,0,0,0,0,0,0,0,0,0,0,0,0,0,0,0,0,0,0,0,0,0,0,0
Energy,Fossil Fuel Combustion,Industrial,Coal,AL,CO2,0,0,0,0,0,0,0,0,0,0,0,0,0,0,0,0,0,0,0,0,0,0,0,0,0,0,0,0,0,0,0,0,0
Energy,Fossil Fuel Combustion,Industrial,Coal,AR,CO2,0,0,0,0,0,0,0,0,0,0,0,0,0,0,0,0,0,0,0,0,0,0,0,0,0,0,0,0,0,0,0,0,0
Energy,Fossil Fuel Combustion,Industrial,Coal,AZ,CO2,0,0,0,0,0,0,0,0,0,0,0,0,0,0,0,0,0,0,0,0,0,0,0,0,0,0,0,0,0,0,0,0,0
Energy,Fossil Fuel Combustion,Industrial,Coal,CA,CO2,0,0,0,0,0,0,0,0,0,0,0,0,0,0,0,0,0,0,0,0,0,0,0,0,0,0,0,0,0,0,0,0,0
Energy,Fossil Fuel Combustion,Industrial,Coal,CO,CO2,0,0,0,0,0,0,0,0,0,0,0,0,0,0,0,0,0,0,0,0,0,0,0,0,0,0,0,0,0,0,0,0,0
Energy,Fossil Fuel Combustion,Industrial,Coal,CT,CO2,0,0,0,0,0,0,0,0,0,0,0,0,0,0,0,0,0,0,0,0,0,0,0,0,0,0,0,0,0,0,0,0,0
Energy,Fossil Fuel Combustion,Industrial,Coal,DC,CO2,0,0,0,0,0,0,0,0,0,0,0,0,0,0,0,0,0,0,0,0,0,0,0,0,0,0,0,0,0,0,0,0,0
Energy,Fossil Fuel Combustion,Industrial,Coal,DE,CO2,0,0,0,0,0,0,0,0,0,0,0,0,0,0,0,0,0,0,0,0,0,0,0,0,0,0,0,0,0,0,0,0,0
Energy,Fossil Fuel Combustion,Industrial,Coal,FL,CO2,0,0,0,0,0,0,0,0,0,0,0,0,0,0,0,0,0,0,0,0,0,0,0,0,0,0,0,0,0,0,0,0,0
Energy,Fossil Fuel Combustion,Industrial,Coal,GA,CO2,0,0,0,0,0,0,0,0,0,0,0,0,0,0,0,0,0,0,0,0,0,0,0,0,0,0,0,0,0,0,0,0,0
Energy,Fossil Fuel Combustion,Industrial,Coal,HI,CO2,0,0,0,0,0,0,0,0,0,0,0,0,0,0,0,0,0,0,0,0,0,0,0,0,0,0,0,0,0,0,0,0,0
Energy,Fossil Fuel Combustion,Industrial,Coal,IA,CO2,0,0,0,0,0,0,0,0,0,0,0,0,0,0,0,0,0,0,0,0,0,0,0,0,0,0,0,0,0,0,0,0,0
Energy,Fossil Fuel Combustion,Industrial,Coal,ID,CO2,0,0,0,0,0,0,0,0,0,0,0,0,0,0,0,0,0,0,0,0,0,0,0,0,0,0,0,0,0,0,0,0,0
Energy,Fossil Fuel Combustion,Industrial,Coal,IL,CO2,0,0,0,0,0,0,0,0,0,0,0,0,0,0,0,0,0,0,0,0,0,0,0,0,0,0,0,0,0,0,0,0,0
Energy,Fossil Fuel Combustion,Industrial,Coal,IN,CO2,0,0,0,0,0,0,0,0,0,0,0,0,0,0,0,0,0,0,0,0,0,0,0,0,0,0,0,0,0,0,0,0,0
Energy,Fossil Fuel Combustion,Industrial,Coal,KS,CO2,0,0,0,0,0,0,0,0,0,0,0,0,0,0,0,0,0,0,0,0,0,0,0,0,0,0,0,0,0,0,0,0,0
Energy,Fossil Fuel Combustion,Industrial,Coal,KY,CO2,0,0,0,0,0,0,0,0,0,0,0,0,0,0,0,0,0,0,0,0,0,0,0,0,0,0,0,0,0,0,0,0,0
Energy,Fossil Fuel Combustion,Industrial,Coal,LA,CO2,0,0,0,0,0,0,0,0,0,0,0,0,0,0,0,0,0,0,0,0,0,0,0,0,0,0,0,0,0,0,0,0,0
Energy,Fossil Fuel Combustion,Industrial,Coal,MA,CO2,0,0,0,0,0,0,0,0,0,0,0,0,0,0,0,0,0,0,0,0,0,0,0,0,0,0,0,0,0,0,0,0,0
Energy,Fossil Fuel Combustion,Industrial,Coal,MD,CO2,0,0,0,0,0,0,0,0,0,0,0,0,0,0,0,0,0,0,0,0,0,0,0,0,0,0,0,0,0,0,0,0,0
Energy,Fossil Fuel Combustion,Industrial,Coal,ME,CO2,0,0,0,0,0,0,0,0,0,0,0,0,0,0,0,0,0,0,0,0,0,0,0,0,0,0,0,0,0,0,0,0,0
Energy,Fossil Fuel Combustion,Industrial,Coal,MI,CO2,0,0,0,0,0,0,0,0,0,0,0,0,0,0,0,0,0,0,0,0,0,0,0,0,0,0,0,0,0,0,0,0,0
Energy,Fossil Fuel Combustion,Industrial,Coal,MN,CO2,0,0,0,0,0,0,0,0,0,0,0,0,0,0,0,0,0,0,0,0,0,0,0,0,0,0,0,0,0,0,0,0,0
Energy,Fossil Fuel Combustion,Industrial,Coal,MO,CO2,0,0,0,0,0,0,0,0,0,0,0,0,0,0,0,0,0,0,0,0,0,0,0,0,0,0,0,0,0,0,0,0,0
Energy,Fossil Fuel Combustion,Industrial,Coal,MS,CO2,0,0,0,0,0,0,0,0,0,0,0,0,0,0,0,0,0,0,0,0,0,0,0,0,0,0,0,0,0,0,0,0,0
Energy,Fossil Fuel Combustion,Industrial,Coal,MT,CO2,0,0,0,0,0,0,0,0,0,0,0,0,0,0,0,0,0,0,0,0,0,0,0,0,0,0,0,0,0,0,0,0,0
Energy,Fossil Fuel Combustion,Industrial,Coal,NC,CO2,0,0,0,0,0,0,0,0,0,0,0,0,0,0,0,0,0,0,0,0,0,0,0,0,0,0,0,0,0,0,0,0,0
Energy,Fossil Fuel Combustion,Industrial,Coal,ND,CO2,0,0,0,0,0,0,0,0,0,0,0,0,0,0,0,0,0,0,0,0,0,0,0,0,0,0,0,0,0,0,0,0,0
Energy,Fossil Fuel Combustion,Industrial,Coal,NE,CO2,0,0,0,0,0,0,0,0,0,0,0,0,0,0,0,0,0,0,0,0,0,0,0,0,0,0,0,0,0,0,0,0,0
Energy,Fossil Fuel Combustion,Industrial,Coal,NH,CO2,0,0,0,0,0,0,0,0,0,0,0,0,0,0,0,0,0,0,0,0,0,0,0,0,0,0,0,0,0,0,0,0,0
Energy,Fossil Fuel Combustion,Industrial,Coal,NJ,CO2,0,0,0,0,0,0,0,0,0,0,0,0,0,0,0,0,0,0,0,0,0,0,0,0,0,0,0,0,0,0,0,0,0
Energy,Fossil Fuel Combustion,Industrial,Coal,NM,CO2,0,0,0,0,0,0,0,0,0,0,0,0,0,0,0,0,0,0,0,0,0,0,0,0,0,0,0,0,0,0,0,0,0
Energy,Fossil Fuel Combustion,Industrial,Coal,NV,CO2,0,0,0,0,0,0,0,0,0,0,0,0,0,0,0,0,0,0,0,0,0,0,0,0,0,0,0,0,0,0,0,0,0
Energy,Fossil Fuel Combustion,Industrial,Coal,NY,CO2,0,0,0,0,0,0,0,0,0,0,0,0,0,0,0,0,0,0,0,0,0,0,0,0,0,0,0,0,0,0,0,0,0
Energy,Fossil Fuel Combustion,Industrial,Coal,OH,CO2,0,0,0,0,0,0,0,0,0,0,0,0,0,0,0,0,0,0,0,0,0,0,0,0,0,0,0,0,0,0,0,0,0
Energy,Fossil Fuel Combustion,Industrial,Coal,OK,CO2,0,0,0,0,0,0,0,0,0,0,0,0,0,0,0,0,0,0,0,0,0,0,0,0,0,0,0,0,0,0,0,0,0
Energy,Fossil Fuel Combustion,Industrial,Coal,OR,CO2,0,0,0,0,0,0,0,0,0,0,0,0,0,0,0,0,0,0,0,0,0,0,0,0,0,0,0,0,0,0,0,0,0
Energy,Fossil Fuel Combustion,Industrial,Coal,PA,CO2,0,0,0,0,0,0,0,0,0,0,0,0,0,0,0,0,0,0,0,0,0,0,0,0,0,0,0,0,0,0,0,0,0
Energy,Fossil Fuel Combustion,Industrial,Coal,RI,CO2,0,0,0,0,0,0,0,0,0,0,0,0,0,0,0,0,0,0,0,0,0,0,0,0,0,0,0,0,0,0,0,0,0
Energy,Fossil Fuel Combustion,Industrial,Coal,SC,CO2,0,0,0,0,0,0,0,0,0,0,0,0,0,0,0,0,0,0,0,0,0,0,0,0,0,0,0,0,0,0,0,0,0
Energy,Fossil Fuel Combustion,Industrial,Coal,SD,CO2,0,0,0,0,0,0,0,0,0,0,0,0,0,0,0,0,0,0,0,0,0,0,0,0,0,0,0,0,0,0,0,0,0
Energy,Fossil Fuel Combustion,Industrial,Coal,TN,CO2,0,0,0,0,0,0,0,0,0,0,0,0,0,0,0,0,0,0,0,0,0,0,0,0,0,0,0,0,0,0,0,0,0
Energy,Fossil Fuel Combustion,Industrial,Coal,TX,CO2,0,0,0,0,0,0,0,0,0,0,0,0,0,0,0,0,0,0,0,0,0,0,0,0,0,0,0,0,0,0,0,0,0
Energy,Fossil Fuel Combustion,Industrial,Coal,UT,CO2,0,0,0,0,0,0,0,0,0,0,0,0,0,0,0,0,0,0,0,0,0,0,0,0,0,0,0,0,0,0,0,0,0
Energy,Fossil Fuel Combustion,Industrial,Coal,VA,CO2,0,0,0,0,0,0,0,0,0,0,0,0,0,0,0,0,0,0,0,0,0,0,0,0,0,0,0,0,0,0,0,0,0
Energy,Fossil Fuel Combustion,Industrial,Coal,VT,CO2,0,0,0,0,0,0,0,0,0,0,0,0,0,0,0,0,0,0,0,0,0,0,0,0,0,0,0,0,0,0,0,0,0
Energy,Fossil Fuel Combustion,Industrial,Coal,WA,CO2,0,0,0,0,0,0,0,0,0,0,0,0,0,0,0,0,0,0,0,0,0,0,0,0,0,0,0,0,0,0,0,0,0
Energy,Fossil Fuel Combustion,Industrial,Coal,WI,CO2,0,0,0,0,0,0,0,0,0,0,0,0,0,0,0,0,0,0,0,0,0,0,0,0,0,0,0,0,0,0,0,0,0
Energy,Fossil Fuel Combustion,Industrial,Coal,WV,CO2,0,0,0,0,0,0,0,0,0,0,0,0,0,0,0,0,0,0,0,0,0,0,0,0,0,0,0,0,0,0,0,0,0
Energy,Fossil Fuel Combustion,Industrial,Coal,WY,CO2,0,0,0,0,0,0,0,0,0,0,0,0,0,0,0,0,0,0,0,0,0,0,0,0,0,0,0,0,0,0,0,0,0
Energy,Fossil Fuel Combustion,Industrial,Natural Gas,AK,CO2,12.795874872915372,14.95767200589712,15.765151135663928,15.587556547008935,14.956848961985973,17.970402512831864,18.363099893701573,17.099007460529773,17.749344346770236,16.89263831394671,17.68674591218324,17.474580333190925,17.87267066723973,17.51987187310791,16.769812575058847,18.18011469869426,14.758067523874182,14.746315511391593,13.283850910393742,13.663943994663716,13.153243874520145,12.996958716874161,13.390876385046615,13.373883587283458,13.40331047189213,13.655043483412415,13.785791711988281,14.246960188741081,14.69799047360761,14.638241846804396,15.87326697299403,16.944412490293228,0
Energy,Fossil Fuel Combustion,Industrial,Natural Gas,AL,CO2,7.9431885761397165,8.331337030038153,9.269829969469406,9.99341286318158,9.959672487248776,11.158781995415994,11.022775725153647,10.814205671043934,10.721322294238801,11.166541197526149,11.205772447013244,8.722330069783206,8.921003267742655,8.986301163388058,9.22630393798555,8.594726303013456,8.705089567264475,8.67714030769852,8.287044406143888,7.705790087421384,8.291857984103913,8.762900915869398,9.816236383691558,10.2705488706718,10.548517536516432,10.61270578049631,10.82354165129044,10.848071479712768,11.93285450261532,11.846205095740142,11.299513024650528,12.669239669081852,0
Energy,Fossil Fuel Combustion,Industrial,Natural Gas,AR,CO2,6.325507516185068,5.314826648054025,6.1718367023433425,6.1973241815776055,6.834700805066433,7.477136782582647,7.2945035560984435,7.5258167526124025,7.5021424285544915,6.971259474081489,6.702451982986789,6.313787096248989,6.226776123138757,5.911611972649876,5.2611113181267735,4.6490639639717335,4.690695910019021,4.500255615424181,4.54686090389796,4.260770914365318,4.587108390137661,4.782601478749355,4.599799833158777,4.950912579630539,4.9878628329353925,4.77820459485557,4.846522280669182,5.413135264519255,5.7086850394544095,5.626945127755446,5.36980343649467,5.587498348121207,0
Energy,Fossil Fuel Combustion,Industrial,Natural Gas,AZ,CO2,0.9518305336059295,0.9853744693036862,1.018512614955892,1.0917247935855507,1.3297180313158734,1.4363596621587866,1.3650973455688293,1.415873744689279,1.4241922491608987,1.3676327016726024,1.0816006615014029,1.0929665092022751,0.8881993517364045,0.7912357985378515,1.073650872994088,0.8847256413061182,0.9577849288962095,1.0103939621447289,1.0605220654820229,0.9378098604408873,1.0028299309206161,1.1276487994753595,1.1862348630689532,1.1688984561903053,1.1915183027321425,1.0940605350139312,1.0574241388444063,1.0276823846924874,1.016758851955514,0.9814235269750899,0.9903885979874779,1.053920157785976,0
Energy,Fossil Fuel Combustion,Industrial,Natural Gas,CA,CO2,30.321203272354534,36.248353564351525,35.144253189990316,36.34680858926323,34.366017880814546,35.21562771652009,36.3079007597459,40.03663819539147,42.954699858585194,39.968373928380664,40.49467885136864,37.29464846346844,40.57177418354033,42.78071679606408,45.47122470965727,42.78112399926863,41.221485626546794,41.76219401357702,41.39883798482903,40.63998301202092,40.31653605145883,39.29362666054898,41.30123344101195,43.7151884182612,44.00837984626996,43.79330600134711,43.437406946339046,42.44109547572247,42.568062971329745,42.67912016980011,38.36874497657118,37.9615927215298,0
Energy,Fossil Fuel Combustion,Industrial,Natural Gas,CO,CO2,3.151572912785477,4.0345699329822535,3.9103990883469657,4.588032423434692,4.0740715530086495,4.205895854714686,4.873983622197531,4.418098912263133,5.59322655034332,5.528226547093939,5.856257340259999,9.067820150788629,8.791650189675982,8.229264544060396,8.291804139942396,9.209531854915943,8.59567594107984,8.931096233281087,9.389451778357389,10.285290420392736,10.622299059435791,9.531877216296131,9.466515568837263,9.265656132495327,9.73993970929115,10.193585829796051,8.659969717134043,8.65872687343142,8.951999907919499,9.089150575370798,9.245538235418026,8.701891146961058,0
Energy,Fossil Fuel Combustion,Industrial,Natural Gas,CT,CO2,1.3127193019129508,1.6801777724822509,1.863220823424012,1.89225606195067,1.5760850137386926,1.6527494447561089,1.6679517591276074,1.7609822644415218,1.6556938660531175,1.6311576309148552,1.6660774088352182,1.3385693593531933,1.5088695062274233,1.2340985065121128,1.0689153222722936,1.065593596796162,1.1315770241112428,1.1866344415049412,1.1764449534329868,1.289733042998735,1.2662119529486446,1.3814535937314618,1.4243060354718367,1.5706339227450283,1.4959546576916993,1.3499188838922873,1.2812490298410764,1.2888925925395445,1.2907436303406903,1.2901480514186474,1.1969444800961504,1.1840794322037735,0
Energy,Fossil Fuel Combustion,Industrial,Natural Gas,DC,CO2,0,0,0,0,0,0,0,0,0,0,0,0,0,0,0,0,0,0,0,0,0,0,0,0,0,0,0,0,0,0,0,0,0
Energy,Fossil Fuel Combustion,Industrial,Natural Gas,DE,CO2,0.6888204636311533,0.6612162832482419,0.7194166285169292,0.6940579099807016,0.6039838357602508,0.7977856273649901,0.5332618833867971,0.6831708369170604,0.6897069285086271,0.9444715741325939,1.1625863285775617,0.8964174046626128,0.7642758734408842,0.6556736515134651,0.7998961617507173,0.7449629178695781,0.8225554123050037,0.769625788675739,0.8806657790246558,0.8901354183712518,0.41882465532329494,1.0412193308522024,1.5154168186203034,1.7302130589055549,1.6786972239901952,1.7901209841880115,1.6988991324853875,1.596687838519137,1.638846010826991,1.804021445978636,1.8359547216330279,1.7427885219917947,0
Energy,Fossil Fuel Combustion,Industrial,Natural Gas,FL,CO2,4.693540421990208,4.782386147960851,4.93101598531432,5.614147721468324,6.7784013391024995,6.88538962362111,7.428933546783351,6.693900730844431,6.506709222152025,7.106696804731591,5.982223122500195,5.275366161368138,4.462783385495147,3.968487068289481,3.4200988766021783,3.3993120021629903,3.749625653165777,3.5688530398877716,3.654172677502921,3.4660925307515016,4.249565668208832,4.695537420919265,5.444130409036975,5.411770447481451,5.00448753540197,5.071485944838998,5.480192362386304,5.461782552160569,5.680280522511481,6.265860944700179,6.386109232856751,6.926489285226449,0
Energy,Fossil Fuel Combustion,Industrial,Natural Gas,GA,CO2,8.308117561414768,8.568668442153063,8.794674424210397,8.598978858426548,8.92788202548202,9.403568563141935,9.291498364339372,8.906379441340286,8.390995696178317,7.858498500435385,8.519392972618489,7.284064394791868,7.444665880181383,8.381809178459436,8.406868036357146,8.223183440182407,8.364533792896456,7.986196569438266,7.890919175361314,7.360968639449565,7.663435649197819,7.546488633919166,7.615805740989175,8.236216180886263,8.37889615761945,8.290072065569394,8.035822502532131,7.8709032922100866,8.296580975434347,8.172338515502322,7.951854357067493,8.48653740773916,0
Energy,Fossil Fuel Combustion,Industrial,Natural Gas,HI,CO2,0,0,0,0,0,0,0,0,0,0,7.05288809574611e-4,0.0012767772903519567,0.0012679198087221877,0.0011238470642200792,0.0012724054222940833,0.001525835324281891,0.0014761861833002547,0.0015253626368803338,0.001227580289592349,0.001127857636064375,0.0010752305302030544,0.0010752205429139284,0.0012305905699231073,0.0012852978091203178,0.0011799772669470522,0.001488730135110904,2.0543536775421116e-4,2.5513531662764644e-4,3.060689160196081e-4,3.0642420665473376e-4,3.0308786159851883e-4,2.0416922703746416e-4,0
Energy,Fossil Fuel Combustion,Industrial,Natural Gas,IA,CO2,3.27302647974749,3.6454506272935365,3.6223620704036037,3.819276552889994,4.049226716965621,4.27461571433608,4.376218695408829,4.069785106723716,3.881142759044763,4.1362141951602025,4.141003066502092,3.813389140857268,3.7546156605134122,3.8886945188354947,3.9562040538804233,4.06133286411411,4.279708926210855,6.259701415558974,7.375820806074383,7.363761456015175,7.436220363952976,7.50076179280197,7.5646652052804635,8.13998061739316,8.101423545551716,8.439683037999043,9.002965193127448,11.427132131592428,12.2646453258841,12.192476616685449,11.248584054644418,11.025837318847467,0
Energy,Fossil Fuel Combustion,Industrial,Natural Gas,ID,CO2,1.198304684488757,1.3759868776013608,1.3883711121796374,1.5141684639578947,1.541920978192662,1.7493748509197315,1.7800854169719906,1.7892234421896194,1.7688635098405827,1.74673242178443,1.6756745840188014,1.581547957335784,1.5005740433426025,1.3002399693451672,1.266654149785314,1.2237199300740764,1.2511950477765608,1.2555768318374323,1.319597662133042,1.2725310110177235,1.2657511398642718,1.323033277566472,1.550749216531436,1.4759331801690432,1.4645570017190213,1.6849344998141411,1.8679210813051652,1.916678552633531,1.8485032183004226,2.0410916405271817,1.9928532046538614,1.974469552372557,0
Energy,Fossil Fuel Combustion,Industrial,Natural Gas,IL,CO2,13.695916469879549,15.056786783258623,14.839242571702178,15.18346488948806,15.189656702559782,16.0078593536573,16.098060331831444,15.768722630193832,15.072944795453365,15.028429321665188,15.053094249962685,14.005914662173595,14.51660969468345,13.636583666183697,13.243202442164568,13.104665883914796,12.359302166438045,12.811826387416197,13.341122283713156,11.831031753227215,14.328964099688864,14.258897410445346,13.941159133600813,14.957706363682343,15.067355758282744,13.621797412531864,13.023090307873431,13.04159639942349,13.192707998214772,13.630896685730798,13.350026057494704,13.39137434282966,0
Energy,Fossil Fuel Combustion,Industrial,Natural Gas,IN,CO2,11.529310612676442,11.463523284393567,12.283492651270617,13.263799315046429,13.575288055227032,13.824545897982802,14.514100761497001,14.447807064788293,14.423096304324313,15.532579886152298,15.185546029407423,12.896958402836956,13.106971339342076,13.705419367689565,13.368802346649817,13.542170212802487,13.52608739428756,14.075810465731378,14.031162891841921,12.678133001914745,14.92352122651048,16.861127365428885,17.825517259971445,18.550291739402425,19.553236393296533,19.51036448717523,19.676227410170235,20.050141320623187,22.284763474485327,22.834591992305697,19.961605581404825,20.9367393970489,0
Energy,Fossil Fuel Combustion,Industrial,Natural Gas,KS,CO2,7.817940975136864,8.426131221872796,8.525939388433843,9.602364576308831,11.432017465820453,8.717270511190558,7.826275092136804,8.002982763062612,7.055588396558074,6.261291022893517,6.95640649752573,5.861694321677078,6.966400402403706,6.410744493738774,5.911366397652063,6.011104562690766,6.80789326001643,7.323135262493692,6.764216868711829,6.4730578855512695,6.410916050345226,6.637918850384473,6.954074974990688,7.054788662805989,7.0093237863593645,7.337396157218397,7.310623941119636,7.2974770348380895,7.529810947827145,7.4771901164492345,7.50185578662414,7.541502424745714,0
Energy,Fossil Fuel Combustion,Industrial,Natural Gas,KY,CO2,3.585272755386099,3.7493449431926047,3.9039592683468367,4.051282586961472,4.414476009572626,4.977772186325852,4.942491338481006,4.969331995349857,4.758864708061009,5.042185735610983,5.298191557564965,5.054867470440128,5.536158223067509,5.478901172526389,6.084097169780008,5.963496547920441,5.809171868423665,5.804496579815363,5.7751101690219055,5.14715626321728,5.595216170778478,5.671466713461648,5.835964695927918,6.037880926993393,6.279762018716912,6.260970034712108,6.16763599889364,6.101364890669475,6.34323179177296,6.524512488526854,6.246502303353467,6.630853014825803,0
Energy,Fossil Fuel Combustion,Industrial,Natural Gas,LA,CO2,56.055383268338716,54.04848400081688,55.164056703236106,56.892533172041816,55.182158352656195,56.86121241227374,57.38339937399778,63.05953143380454,53.23681903098256,48.81507062533818,53.58904371340288,44.29490351074892,46.48602406830258,45.85870941795677,47.9300907259615,45.02362523499839,49.42075905928688,51.41880157515928,47.660205853519194,45.742347919085,50.96472129696571,52.527907412049316,54.225340173738815,53.160306314992695,53.933457104892334,51.758514759501416,54.86934793822087,54.98872878732376,57.93941055847331,59.190091723085885,54.10954550254378,50.88027049385919,0
Energy,Fossil Fuel Combustion,Industrial,Natural Gas,MA,CO2,2.2905431969372496,2.84268899881438,3.6702415836319533,3.701811068305265,3.3425630859253137,3.249608068531567,3.1669516980769084,3.2758377587830783,3.1780265965182903,4.115328077997183,3.93878611261364,4.334046047645524,4.510041476417171,2.3157890437404025,2.2786745264611366,2.465190411087299,2.2260887644167844,2.392531295946804,2.315932514673433,2.0816663323815425,2.3410328715211453,2.5066974923800047,2.3287901043653205,2.4781569998087023,2.3937634477601084,2.3536823436103393,2.4188473787800207,2.469811919082269,2.4979814580940314,2.568498770881088,2.380199491776768,2.499439677392637,0
Energy,Fossil Fuel Combustion,Industrial,Natural Gas,MD,CO2,3.1744974581319783,2.4136208260477265,2.5432631468317433,2.5059231678665235,2.4375415803124447,2.497483811021234,2.5611228997754525,3.3785417814704433,1.9833946500247763,1.9080577602896267,2.0815706404941925,1.4508049337696245,1.4282613367372874,1.156488791807936,1.231763547203067,1.2644947527309445,1.2143802182274552,1.0750636796282738,1.119145204498644,1.2694749153026061,1.2268287436850358,1.115812845806449,0.9373510920318471,0.7499455656655231,0.7930986334667163,0.7970866485471383,0.8286235558366107,0.8389869751983526,0.8630633316892913,0.97851463325078325,0.896887497113617,0.9913436315783082,0
Energy,Fossil Fuel Combustion,Industrial,Natural Gas,ME,CO2,0.10165088173522059,0.11081965373706468,0.10343272152704473,0.08899282142060819,0.08958994899596859,0.0992928865244533,0.11006877912725273,0.1263142091564553,0.11553389802603144,0.12841904568832074,0.7540041152073718,0.6567231670654324,1.2504732321541703,0.1771080805295916,0.8606041314228262,0.3462120350795611,0.9395161512128551,1.1783934824112874,1.3983162482031515,1.385880703442193,1.5083948295134277,1.4789402562889915,1.5958195961548698,1.7124279770471817,1.2781718969008198,1.1095146348328264,1.00396264221483,0.9356832602002307,1.0170670079331574,1.1133412841788661,1.191185810725779,1.1618760287634493,0
Energy,Fossil Fuel Combustion,Industrial,Natural Gas,MI,CO2,14.79220883031458,14.322034916066903,15.882104629631797,12.625621907896859,12.195784734307964,12.910118456630906,13.14962318304549,12.884785007303524,11.377983098326943,12.578146699929531,12.73815547723335,12.226783917203043,12.919056477488033,11.698608023844933,11.409504011614096,11.466226675640744,10.301576879089076,8.12027466068791,7.784717690547856,7.177168270510142,7.891482538459431,8.21334508312749,8.71674817689897,9.403240954679536,9.814921793590642,9.458482924227559,9.558000810156853,9.403942090415919,9.741921388523354,9.679512883091345,8.531774898710204,8.843194373530903,0
Energy,Fossil Fuel Combustion,Industrial,Natural Gas,MN,CO2,4.431651111882482,4.663510139821375,4.686962508471981,4.945997865914599,4.759529632509971,5.367093735890159,5.203561884858615,5.415975872305092,5.292640456402832,5.279534787042532,5.411668223656973,4.774985223769938,4.88619935005957,4.880349445889061,4.97580896105678,4.888209165452221,5.330805553662576,5.886213128743311,7.529971147366322,6.77821505412484,8.192907539711797,8.158534532587913,8.354930966765655,8.448802278793089,9.191103691028287,8.38857651328247,8.652677768674883,8.724519260454432,8.617859976290497,8.709502011287022,7.4630200884258775,8.194399275903542,0
Energy,Fossil Fuel Combustion,Industrial,Natural Gas,MO,CO2,2.7552572433479185,2.8820971374944313,2.9199274871031258,3.0641293363870084,3.533997114919861,3.464646823860709,3.5903631317090476,3.5398537531308696,3.226382485598969,3.2420728043084828,3.4905502097944603,3.4863499515039846,3.4376154355753386,3.1742920473740783,3.3350633526409,3.441258453724963,3.4077945702682113,3.5170240763361185,3.436198522072778,3.270220990984171,3.374124605231004,3.254641382422227,3.231889758867641,3.2957606421463193,3.487140643985134,3.401953700816017,3.3432551748320325,3.2406777647410396,3.480105598114949,3.4144338640525893,3.2848157293611475,3.354296141117645,0
Energy,Fossil Fuel Combustion,Industrial,Natural Gas,MS,CO2,5.5761044868185765,5.621374798988884,5.643514801223651,5.3761477526881745,4.60827054423858,4.486952897587342,4.345760170896458,4.50063140450615,4.302259260312833,6.427316824969207,6.325767876111327,5.394353980488404,5.5444506394290975,4.985746370136391,5.5729141051450926,5.192166835785975,5.440628840060018,5.793917062364871,6.040688018911822,5.738504147597056,6.630771518792652,6.042393481569938,6.079948776946101,6.140854730533137,6.3267029852808,6.620122675406225,6.263564185798388,6.884303141807202,7.168779814126127,7.0673178269292,6.896710998427043,7.048858032052476,0
Energy,Fossil Fuel Combustion,Industrial,Natural Gas,MT,CO2,0.5996102650241772,0.5938194700924319,0.7181470935133172,0.7676006239068882,0.8264124081382025,1.0475424488834228,1.0556005802040525,1.075927274302826,1.1932376750986042,1.2257503412039759,1.3629202467308235,1.250782104720391,1.306413854114993,1.2675462365678558,1.306607680045348,1.439473044927536,1.7142084796144612,1.6575098866553999,1.6969763028252236,1.2830918597917809,1.168007564523432,1.1757792641654976,1.1970569768927029,1.2675606993544575,1.3357342661840628,1.3561304820422329,1.308880086804018,1.4191646852096205,1.525549500413733,1.4856466952643679,1.4924046305111067,1.511566872371866,0
Energy,Fossil Fuel Combustion,Industrial,Natural Gas,NC,CO2,4.445315531603861,4.375735004627613,4.6894649925688,4.782234825457439,4.901154023709732,5.504872392649801,5.392811270311744,5.730895094917617,5.506310911171686,5.526124426771901,5.532481877249808,4.729825855687662,5.168238198466403,4.709352932543144,4.750118236139906,4.577808623368296,4.5903344624391895,4.644938749322081,4.704122062323749,4.326413891210438,4.8100052921871495,5.143274994963424,5.312647507248674,5.717709913367875,5.673520645277148,5.585188513668607,5.605546264199737,5.675215668719061,6.131925983603442,6.2743823623093276,6.018407857541227,6.450413773117013,0
Energy,Fossil Fuel Combustion,Industrial,Natural Gas,ND,CO2,0.5324926966021511,0.8193303024393487,0.6788905560730286,0.6934971106694989,0.8406022040742988,0.8687999484947576,0.9539721013555593,1.3845847857371474,1.347976583519909,1.2376090625207463,1.143469672872152,1.2517752000064428,1.3547189940516338,1.1246276773769994,1.1534973191179614,0.9097673677116834,1.0080222739739746,1.21070860537147,1.4151984193643137,1.1349133549027575,1.560326024148337,1.872253348084867,1.8649849663172315,2.1222196068346326,2.2635412404429154,2.871796853435035,2.927785593754862,3.133857264762559,3.6326866288089885,4.132063890597174,5.615348698485738,5.760884568209074,0
Energy,Fossil Fuel Combustion,Industrial,Natural Gas,NE,CO2,1.2387409210468685,1.197711054028403,1.2745015936787174,1.876220645299766,1.8064090834181634,2.1908801953134858,1.8156196988121391,2.1973394832553734,2.6437158391467497,2.2732569412824115,2.364061614886965,2.085939384121925,2.08213180794042,1.9758107313865096,2.0117956973446565,2.114710277857868,2.76081210172296,3.4072958638748045,3.96381592638293,4.214886980890581,4.395304868104852,4.472856249104075,4.473166552123192,4.705819321540719,4.637559334171434,4.648216707577341,4.9521009983716855,4.82631792664427,4.827179563650287,4.899032038270934,5.115136158145915,5.220015391920231,0
Energy,Fossil Fuel Combustion,Industrial,Natural Gas,NH,CO2,0.16362093746367365,0.1723250611988891,0.19136299659871067,0.1905487464275902,0.2239249894448235,0.23123411281109482,0.24847951909244922,0.2908648750304713,0.29355345543157607,0.2949360731726344,0.4516367269883134,0.469190118658537,0.42779614346286615,0.41832652767719225,0.3916972851990106,0.35704546588196245,0.3091337479718085,0.3301901654633629,0.2802463502781867,0.24853880998364047,0.31826823694010403,0.37612238610693893,0.3708692330105765,0.41674496162917185,0.44716008081350017,0.44338490265354746,0.44728415444285624,0.49955494995693184,0.5218475018134315,0.518265474855373,0.4846880053396314,0.4786237104825754,0
Energy,Fossil Fuel Combustion,Industrial,Natural Gas,NJ,CO2,4.52267882610231,5.005978855366006,8.718606585866208,9.596357044610846,9.795779189894041,10.677838332437535,10.039944213118368,9.814807679106302,10.107517713421169,10.116882501526712,4.548507240427008,4.465511652804414,4.216094069513134,4.106456133713579,4.070278461513499,3.9573172150347435,3.460856834145431,3.317780126173074,2.8510775859504984,2.554630733260269,2.586491711912714,2.6179560804484527,2.8867586767343805,3.3090751804241245,3.2943426192378715,2.975969980834642,3.264520768574806,2.885629551195816,3.4044026147324957,3.4574848746945723,3.0877061585664647,3.193919784497772,0
Energy,Fossil Fuel Combustion,Industrial,Natural Gas,NM,CO2,4.497176939384118,3.338679396762009,3.6788152839223875,3.478878544904034,3.664009428536685,3.747320526374101,5.410065441644331,4.580241500138825,4.118341395972633,3.973679184844456,5.3965173264601365,5.455822574948753,4.784317889439953,5.138484197401525,5.5133835910171545,5.3228765287573765,5.01994927671395,5.277449651078578,5.522321081909915,5.385161348414097,5.285577279209119,5.568003980990662,5.477358626727751,5.241393053680291,5.512238150863437,5.608097754484676,5.3842041946281824,5.380446638233786,5.415787445994957,5.713279333077511,5.7080031828413045,6.403410509882749,0
Energy,Fossil Fuel Combustion,Industrial,Natural Gas,NV,CO2,0.3862633554235595,0.34569936168023013,0.47808348538114986,0.32353745650326843,0.30668096126236916,0.36297565506249363,0.38719017398714795,0.42878392319069986,0.5234291562331554,0.6148894894828465,0.5884123782736754,0.6000342553738056,0.5780192824002708,0.5646820658131253,0.6169130449450634,0.730163063846361,0.7170701642810583,0.697599179266606,0.6814605082599527,0.604941822979983,0.5699745839152571,0.5811823039340952,0.6005281981224764,0.7029036658517194,0.8712336498823843,0.9462676751896308,0.9800294218714645,1.022378240790305,1.0654769081502586,1.1000629018904942,1.0098382402026649,0.9287658137934245,0
Energy,Fossil Fuel Combustion,Industrial,Natural Gas,NY,CO2,5.250958313705901,6.154724034863816,7.609186216705545,7.321660729830911,8.284342462527274,11.029644963482262,11.055025888547327,10.512060292883532,8.825484065760094,5.229007217284978,5.045959835499896,4.485257316673481,4.840499544083697,4.385105022663244,4.125585121943072,4.25366938929472,4.081603700189835,4.057311945661786,4.21460047000516,3.8323324856919814,3.985212116334117,3.9771367151984554,3.9460924763845506,4.263742571434677,4.48406632396153,4.418343626180185,4.2956525505805985,4.374549342393011,4.825839236954108,4.77133132182086,4.519494648226314,4.735245019388412,0
Energy,Fossil Fuel Combustion,Industrial,Natural Gas,OH,CO2,14.515515354761662,14.45407830895659,15.056313226932186,15.486564590779652,15.805393840240134,16.95031317702029,17.63780907170135,17.166901276172755,16.87476595216967,16.603528310550338,17.584659674624564,15.520760655493856,15.928619193664696,15.18931057032108,15.91985788068613,15.452684104971807,15.037697646530027,15.36668396633196,14.904306067118437,12.290015547306536,14.100472782570918,13.993009572678659,13.847634811619857,14.486175274178654,16.557332087615446,15.46914187523613,15.676824601078389,15.83234916122626,17.54680353596375,17.05698945683945,16.132996228305014,17.68872417716329,0
Energy,Fossil Fuel Combustion,Industrial,Natural Gas,OK,CO2,15.530314345306088,13.510533774735318,13.453326163278772,14.060496050138902,14.461561434233895,13.654157235031576,13.740155584627612,14.094452447363505,12.699080536006488,11.7002009357585,11.48884955101328,9.602657129654007,9.245478259858245,10.763847503496882,10.849346667539347,10.814276755368928,11.738571237169102,12.510595445589306,14.11371299697987,12.617734815503892,12.96599664360828,13.468897834874637,13.355554856313743,13.597089280157002,14.277995301603738,14.630568595765459,15.200381138964621,15.422037743496906,16.379635140762787,16.6226296120289,16.66826496023626,15.925862212835947,0
Energy,Fossil Fuel Combustion,Industrial,Natural Gas,OR,CO2,2.503344287786423,2.8378385673305653,3.031681764599285,3.163032527262927,3.270560472184403,3.596017604256325,4.579367700872901,4.7095463530863775,5.359485772314378,5.694325763757947,3.964839331801038,3.6733410075130073,3.6685899424272588,3.4755006973793106,3.680855093041223,3.67094109462984,3.6964972650240933,3.614858455362805,3.607158881420439,3.0147941377128396,2.8822329439273062,2.9840316518508962,3.0168947146043377,2.9774561431112034,2.9844058309843664,2.9021003632372806,3.180248641091035,3.1601052872641096,2.9578131651858466,3.0674135688455424,3.0247301240326916,3.1375205130428236,0
Energy,Fossil Fuel Combustion,Industrial,Natural Gas,PA,CO2,12.533385985440889,12.142138469334427,12.39705229954621,12.74716271595436,12.379220453399984,13.046695722873284,12.719519316939403,12.311666640988761,11.944361572926415,12.145091814239834,12.265371284491907,10.95537973415889,11.17851711424558,10.634492417195474,10.577426241595507,10.044044462166012,10.304368414363681,10.3548375193948,10.493904218075373,9.895184211358442,11.715051299061118,13.164499100642912,15.121031264377528,18.369407345147202,21.528833573326853,20.78845354680261,21.47099717548227,22.0800441820018,24.23166110951665,26.35718519546898,24.8032815180177,27.30588977845879,0
Energy,Fossil Fuel Combustion,Industrial,Natural Gas,RI,CO2,0.2244915244614606,1.3769516850044028,2.425011310635759,0.48525613254937927,2.110052807644472,1.7991032365282917,1.418347687436783,1.257042112088211,2.15689767320825,1.7691190763491749,0.4240297078706786,0.32210537480999163,0.2327900768813936,0.23324934978313097,0.28903961572832393,0.3058791213410431,0.3311238318057985,0.34996903432157794,0.35497530040712094,0.4062338140079139,0.4207735474861286,0.3911754737077339,0.4142475506003661,0.4326826544622637,0.42258577164534206,0.45519207269063405,0.4486708431751972,0.44965048202456415,0.4631842929096734,0.4636708953697213,0.4348805667502748,0.4444253649538002,0
Energy,Fossil Fuel Combustion,Industrial,Natural Gas,SC,CO2,4.4613355969785236,4.40114071523045,4.828109190612873,4.920696899198219,5.002532971173152,5.040017097029462,4.910812042331254,5.263391604366123,5.25609787979294,5.251728752029123,5.039208800491585,4.223769546426515,5.043074432838379,4.173594719880185,4.132017805236707,3.903851276373034,4.074820237988271,4.020053899311945,3.801153297295459,3.4183631205866143,3.84322818404185,4.02577214083844,4.242914978448625,4.382241787901537,4.381047107308826,4.490466084396868,4.66985098375353,4.856598907826349,5.049012556066903,5.118608730447492,4.956184311758697,5.2533164754490285,0
Energy,Fossil Fuel Combustion,Industrial,Natural Gas,SD,CO2,0.3020540458248148,0.256863769099301,0.24978379160097403,0.2750869215566157,0.2988992062270845,0.37101293748101405,0.3845909112647968,0.3954076127225827,0.3234551779645386,0.2951847545159504,0.2691180586248266,0.24131090787651982,0.5616377584715802,0.6004919199957741,0.5883093710518924,0.573815804284943,0.5581001832311723,1.0842786077157707,1.6933447111351794,1.8941343672577486,2.1259867654805347,2.1234069693203064,2.155123010184922,2.382942138109069,2.403664996130577,2.429761587066696,2.417768843099311,2.4573102885675144,2.557511862259845,2.547815136931893,2.48011745681708,2.686458689358954,0
Energy,Fossil Fuel Combustion,Industrial,Natural Gas,TN,CO2,5.589664447078771,5.892000130884146,6.416367122621106,6.356550566838815,6.0344953765063485,6.405507286894803,6.459209311589395,7.0303605964531,7.327135178421041,7.286029308175039,6.68559744825773,6.1920616544366025,6.09714126744818,5.8493696527579635,5.115714962968147,4.947613843475636,4.8950713322689685,4.7956565813693635,4.808286464878453,4.319728055081588,4.872211963758455,5.4663622944169035,5.42721764143195,5.7290162600216155,6.0917219149511554,6.011080766363991,6.460783225080902,7.018971836141001,7.664669288670549,7.745802082393033,7.559232061885287,8.03860153509348,0
Energy,Fossil Fuel Combustion,Industrial,Natural Gas,TX,CO2,99.7038315541386,97.71238644663748,95.82368859772124,98.1854550914915,96.02956515255447,101.81761823073846,113.8253100812762,106.74275827256105,107.47421929034992,96.82313394682883,111.17043856936739,107.4570115740809,104.24690694733032,99.98110868323944,99.13725130421668,75.95074886784037,75.11115088876716,75.47740659757991,77.50595867954353,70.56746775795499,81.42103470721288,82.92956700956591,87.78935570232207,90.52564405924882,93.9822030308254,92.77394719721136,91.2918777010498,88.08632984152445,93.35572884614236,94.43081539701616,97.63948604811127,102.23600059159556,0
Energy,Fossil Fuel Combustion,Industrial,Natural Gas,UT,CO2,3.0038789924700326,3.05021500432955,2.87684989439961,2.9674704247637105,2.6600337696024883,3.682887281448016,3.6131948178967606,3.5557126964046484,3.792324568730614,3.3958650524434,3.392572637344087,2.881271676939464,2.611864089175357,2.511338432914696,2.4649546802849898,2.4920959739721362,2.8539260190659337,3.0101506276196504,2.906398633967352,2.770736081760692,2.9867856070888084,3.1876193019139256,3.6203461821067027,3.8944523616345625,3.6422306995495224,3.6288567076156792,3.4728335330430014,3.2876736900638526,3.214029687121904,3.241865965004865,3.049215431611899,3.127717327967942,0
Energy,Fossil Fuel Combustion,Industrial,Natural Gas,VA,CO2,3.9141089939331435,3.1355689290260265,3.5936684628270172,3.870736547728067,4.481622476968523,5.074490172543174,4.430665642205359,4.475343696491306,4.872519702649263,4.9849837447683925,4.06178813444426,3.5415148047706353,4.04015131971354,3.767071362134112,3.9609866155176894,4.051646203652965,3.9107251313396376,3.946867821974715,3.5557413424600357,3.350471603640965,3.587610204942878,3.852748602191439,4.239009014558417,4.497550742037383,4.731722283004316,5.0820126266952865,5.141558252187091,5.415798638227572,5.570197819972416,5.75778250964086,5.891144245891733,6.384122986682097,0
Energy,Fossil Fuel Combustion,Industrial,Natural Gas,VT,CO2,0.09220544582177088,0.08468859922647638,0.09715198759335429,0.10210649926773943,0.10041456978222983,0.10728024793416295,0.09902191255726052,0.1170402566192519,0.10579845348041572,0.14597594852642196,0.20115844404510158,0.132478411646919,0.15701918911215568,0.1272501380441917,0.14200044512801968,0.13407006382690215,0.14069581416006566,0.1519769640545106,0.15421477388003885,0.14882594170431276,0.14996905823641649,0.14505237133691234,0.14059497261371504,0.06801796005864723,0.09691204596795572,0.10729124077178584,0.11422206447134141,0.11516808192571962,0.12048912993971901,0.12532750052178612,0.11714345850782754,0.10713780188790933,0
Energy,Fossil Fuel Combustion,Industrial,Natural Gas,WA,CO2,4.03205302142218,4.103474508822284,4.103208392693635,4.794975355524854,5.5980481951850525,5.722539677632249,5.930162248409755,5.781442912201056,6.9198189361695706,6.517598740201839,4.397892370011452,3.964543133934558,3.5360761961491343,3.454241993832891,3.547558804267565,3.5017806776416642,3.709639972601482,3.8358087962537275,3.9911027410731386,3.7640586366103346,3.769140606357578,4.019988245775547,4.127137973075876,4.296487791554114,4.256531005533252,4.178142292274071,4.391999369396716,4.444245416375172,4.284908374866766,4.349428314801097,4.280506823186355,4.47559139981085,0
Energy,Fossil Fuel Combustion,Industrial,Natural Gas,WI,CO2,6.127776893262736,6.479779619336325,6.551567733994222,6.784185500379424,6.819866866132266,7.371172068836854,7.570102117532135,7.8034073903114205,7.128205473114307,7.331430114098034,7.729175722663389,6.849301444405608,7.0454209250598225,7.0953688997147495,7.234843787567147,6.73021644573824,6.0924823595385895,6.2412265689186714,6.62916809902272,6.222188072958618,6.2782168156389,6.588231325435251,6.5008985001729975,7.184143351533493,7.53656266484651,7.346674383766348,7.777266050947712,8.2217834175498,8.801876233867809,8.717562124684894,8.142350943938698,8.020478433751286,0
Energy,Fossil Fuel Combustion,Industrial,Natural Gas,WV,CO2,2.812928563597207,2.3483613093385833,2.50458067303856,2.595343583460399,2.616769323473208,2.884448159863047,2.67712896871345,3.0841140553286728,2.6710737185395255,2.362797993666292,2.7682770371881595,2.3353476989379196,2.6712197180183344,2.3267066030434393,2.2612656681523307,1.9639251973311975,2.1565312467499935,2.1558655837468494,2.009777885739094,1.9777946880105812,2.1042108240966275,2.340485745289006,2.787793113733939,3.259867316426345,4.314091802688068,4.741390553379491,5.382195779620672,6.05348918994387,6.773505969980258,7.340384785429769,8.141841945714845,8.612665348227475,0
Energy,Fossil Fuel Combustion,Industrial,Natural Gas,WY,CO2,3.687385189123639,3.617995071395747,5.096777011159362,3.916726977175505,4.130899409462625,3.592089203926449,3.6758504216411536,3.498639115396558,3.90219932647711,3.1454477368447535,3.3098113418432984,3.3179862895326715,3.789820773576437,4.084839703791201,3.8290744250318287,3.8562320048825356,3.8487002612229873,5.39906948660799,5.3299077362268275,5.246202456377469,5.523554311734073,5.991411994335221,6.054160876759381,5.804488376649509,5.076074984866943,4.384730728949448,4.625328386784383,5.839251057589258,6.574296487975037,6.4067568287060626,6.10949534056799,5.763449777730195,0
Energy,Fossil Fuel Combustion,Industrial,Petroleum,AK,CO2,1138.4602000123823,921.1405260297687,1219.9269504074455,1177.196667587738,1324.9772645323349,1249.2465540810924,1645.3478244838348,1632.2946130966507,1587.1619534502647,1654.622995034216,1475.4278222422374,2039.5383773925876,1915.2602503366586,2194.6997158131885,2158.8733027894045,2290.3143998378487,2405.8031130926474,2329.8715303506524,1792.8425975960272,1620.3496053123972,1747.6183421087685,1769.6480860877855,1519.152715167952,1428.8510393148467,1163.654222854638,862.0755545569667,928.147187144748,950.0062530779247,964.0849512167168,984.4266377858047,985.418798047262,963.9789049117012,0
Energy,Fossil Fuel Combustion,Industrial,Petroleum,AL,CO2,547.709561518913,590.0346727443176,513.6201715903043,555.6302641833666,623.5620977363153,591.6762894410622,747.5877449978944,776.5984997688946,608.1764322257624,613.5808210058383,545.9393421046806,653.7962048165265,697.6442378510359,787.1081580328,674.2409306356061,852.532188973482,779.9070433785613,785.1113124815765,693.0760157967444,659.7896620959357,719.3165286559215,732.4876774645544,748.5080616895497,706.4215915917871,643.4409235196248,717.5373454461541,771.3705200987681,851.3684663671173,834.1096396340937,838.923707031926,839.5851033620445,797.9973677190064,0
Energy,Fossil Fuel Combustion,Industrial,Petroleum,AR,CO2,264.32978506379095,260.7401913599372,298.87079106586987,289.95889316008396,329.79688198508813,311.8059995923869,382.02895142218154,379.98428653814807,303.49603729967714,284.0515167493016,256.40495617607263,379.7215043935917,376.66861374248975,417.0631840597097,447.449906248286,478.0000637185756,499.1157439063375,485.0207888782171,425.81790586479207,449.6380046972964,491.9453340799581,551.0133011168144,563.7552017699319,532.6645329312701,484.97211284194856,492.893198410973,531.1381329980057,544.5224592743452,533.7302234255118,544.3530465053213,544.526788232158,451.8214916698884,0
Energy,Fossil Fuel Combustion,Industrial,Petroleum,AZ,CO2,55.9756673693605,56.73705497273171,49.05680488404032,1.727543758609943,1.3817742294392952,1.8461958736126367,2.4883796538976553,2.7055315492445957,4.368930569645532,2.4865466465451345,2.33657648817983,2.738862749727464,2.1406092773494216,2.0851143280251474,3.148338107076234,4.030018294856345,4.994612339994292,3.3209269585933607,3.37983849546837,3.029856336358808,2.8115200704044843,3.0693509282907248,2.7178654987462876,3.086800407974112,2.4774428145175333,2.401052196031311,2.5967393513420434,2.5458905802268115,2.2231895799229027,2.5289266341265275,2.42853370030271,1.985863335036616,0
Energy,Fossil Fuel Combustion,Industrial,Petroleum,CA,CO2,9977.74579434429,7872.042054622734,8911.941592430781,8491.779284649641,9587.141642194814,8678.61283133485,10804.381515966288,10889.954161408887,8734.686976704841,8804.070565494834,7926.851512113275,11316.246388369524,10633.247945362602,11783.302926112136,11616.291672636266,12324.367671389462,12990.38937460417,12477.216955196247,10858.316158673326,10084.56983147175,11116.191690183392,11325.711579091745,10094.495890164071,10997.491724000782,10163.51781144468,10302.779364122965,11132.769223478379,11353.575116433427,11215.77542983865,11450.942528069236,10794.050015713598,9916.203457042699,0
Energy,Fossil Fuel Combustion,Industrial,Petroleum,CO,CO2,369.9479612344202,322.9965427866827,411.44023940518855,390.7408485994263,432.45344797491583,406.87748295431294,500.1737455790596,496.63494248241767,394.3774858083172,392.6749899401217,351.37254323716604,512.0060922504541,470.4614947543241,518.5990691122686,507.064604339419,581.1340396456555,608.1201103595904,587.5575704695548,558.3055304763176,554.8502623436588,612.5506318777067,626.2919921180771,641.1705358396932,605.591678667529,551.7529206068929,560.9088676989771,602.9085817621517,619.5976172603248,607.1541403935672,620.1360708528414,620.0011797801308,573.3823786882588,0
Energy,Fossil Fuel Combustion,Industrial,Petroleum,CT,CO2,29.26057277941884,16.520029546280234,4.403264661480718,10.835502284514206,20.20151583119024,40.131387899070766,11.435746565118373,16.615516546965026,22.43060847921611,40.903574608451144,80.1692060495309,29.79197872291664,5.4028476927757545,93.86485658586237,103.53247389962776,112.95488801039129,156.96160597801295,61.75067700894128,33.720707944330414,61.45270086533405,52.998066163293714,54.02707788497974,15.338609509518419,11.69672009133922,31.750671603163852,16.52587128655912,16.645700621150777,13.208787549863413,9.609325338041963,3.758487637343175,8.32078705182168,10.663356589918616,0
Energy,Fossil Fuel Combustion,Industrial,Petroleum,DC,CO2,0.047710606051122186,0.04316050232012603,0.03499404239354944,0.025115886955063504,0.03872490805562628,0.03637294368495883,0.02986608839232123,0.18235539574818924,0.021627417048840566,0.05647888246143299,0.02676136135136476,0.07425973132582733,0.07867971964591532,0.12429318422194341,0.09549982020672027,0.09598431386971339,0.11799370222315425,0.07592222235091164,0.08316102263628289,0.07198056833269323,0.028505977724206013,0.031895818921265216,0.02959914790644143,0.03488998895151468,0.023196565536817877,0.023034941813077272,0.1011320505001204,0.018394012089166432,0.016218629060197887,0.018660890140416407,0.019906767280402932,0.017125162995503995,0
Energy,Fossil Fuel Combustion,Industrial,Petroleum,DE,CO2,668.5673877618567,583.5956795401173,669.0116309855867,644.0419175118545,767.7075541765643,664.7546319232677,834.7528079315324,811.8041695935502,715.0294357736489,725.0535866857608,671.0162809402713,1001.7385951061309,935.1242220572443,1039.41193803256,1014.8968718303486,1255.6221112966468,1176.9054297096222,1131.340757792311,991.3990967054651,2.2384474214972703,2.6927115131365733,1104.0244172045698,1130.7147042355602,1067.8058533270687,972.4908427524941,988.8407540355003,1063.8506452872587,1092.796426665493,1069.8856047825975,1092.6495171482782,1026.6649370069563,1004.120873247914,0
Energy,Fossil Fuel Combustion,Industrial,Petroleum,FL,CO2,24.466762122868907,8.52724343015431,7.595640958590329,9.620199062741571,7.198929820814257,7.983059720563667,17.979495414575684,25.724972930133827,72.39675691422238,49.22035501076937,44.3194353741571,54.98264599595798,5.259258736534448,10.325947588843148,21.721564776635027,7.569578655414369,15.151408057315479,7.730443251738797,7.051659404981585,7.07572559798599,7.197265452705393,4.972235629394027,3.784441427648195,4.285627083896086,3.5271254667518646,4.528978465700233,4.100608151773877,4.15237323364949,3.7059119085771424,3.767859565069306,3.423443912804786,3.3407556365343183,0
Energy,Fossil Fuel Combustion,Industrial,Petroleum,GA,CO2,39.56105661934919,37.95172205245954,33.979090621418,37.695109957957335,37.1411179601461,44.48393427039561,52.04932291056427,46.06430551490443,47.15657831426554,108.0591958428959,43.340061667145434,45.67080679797007,42.33876729144975,55.893791103392026,49.727261039695804,58.72777012181746,61.879412251775925,42.33756738454857,6.3337652353455764,6.495062784948842,94.91400622847648,5.908925858507675,4.186869973931579,4.229933410954893,5.0800684004175,4.135327251738519,5.08819504846854,3.6606793925165815,4.445369128380863,3.0939969451576648,3.2166623873709295,3.4113785501682474,0
Energy,Fossil Fuel Combustion,Industrial,Petroleum,HI,CO2,696.1097674900664,606.3943212722464,696.8344791757701,658.6270997935327,742.2646191829361,697.0094274024638,856.8253727216875,851.0427593179613,670.1069811126652,678.900579257758,607.4436593375101,841.7087854574412,787.1630417465374,874.2941701325634,852.81344846505,905.0015757329454,945.8741373048716,915.4996782279585,802.2876151217349,799.1073304147421,873.4844278513174,893.2792346196472,915.0443079476969,863.7282468480938,786.8245452131804,800.0941403065102,860.7913293799938,884.2869804395186,865.4509858706408,883.9876317353286,641.1100446469018,548.636041586981,0
Energy,Fossil Fuel Combustion,Industrial,Petroleum,IA,CO2,10.539711998656577,8.848704206478281,10.383826589941645,15.855142207864509,14.519613335356258,20.001251000331617,11.243255291851574,14.203261686713502,16.965050483709106,20.67321979587415,20.49721529941118,21.258602685713324,12.981431751677404,7.922229199496052,9.262027738453698,9.101722143800561,7.699189109038711,7.574350028910754,4.829318802952751,4.322638113511489,4.9388490445429145,4.212426225333233,3.569560054571932,3.994115776169475,4.420698678597405,4.06968063758153,4.443544097787042,3.533929178801292,3.5865127552822913,4.754557484556834,3.679321016070387,3.3494871382346116,0
Energy,Fossil Fuel Combustion,Industrial,Petroleum,ID,CO2,2.496894620469287,2.3266935120086645,1.2952398871406163,1.2402434890473213,1.574393125652318,1.8414463902000147,1.5059281735915486,6.5179886294887535,2.7363712754696286,3.483618908346657,2.0947452120441516,1.8617256380618359,1.4662202168818128,1.3797305171210628,2.094741829724794,2.0055970105610927,1.9102052758310957,1.846364482419872,1.647978253894534,1.7380391055850644,1.7445517298523359,1.727278790313128,1.3001954261025368,1.4492896892482738,1.3126301474212758,1.1583812509694995,1.0701992399235112,0.9493368024870275,1.072589040990623,0.8911075562069831,0.9914505530904227,0.8500275872111861,0
Energy,Fossil Fuel Combustion,Industrial,Petroleum,IL,CO2,4480.243925094135,3965.956658193565,4617.418446260483,4329.281735134698,5071.422009671487,4549.299919360838,5601.912710342154,5703.42155712414,4745.380839781515,4763.847264134171,4223.91659989949,4483.61371806555,4710.2143447418575,5230.505465623101,5212.646731611211,5575.945328709425,5817.986428135127,5720.127301838757,4989.956894262231,4980.162876893478,5446.625006915888,5563.253883099076,5776.387568858544,5501.410969607769,5042.011318714525,5108.2791753498295,5605.708085967236,5860.728467234479,5855.447056656945,6160.496139839125,6245.285045934495,5984.703559437765,0
Energy,Fossil Fuel Combustion,Industrial,Petroleum,IN,CO2,2070.5057304533775,1886.1856080754405,2286.71641771116,1917.15211325263,2224.037025129526,1991.2431542375296,2545.90962887398,2523.5848351755367,2004.1359186705681,2030.4044842415367,1807.4347620607036,2496.3762911817244,2386.6333576170496,2586.535631124317,2533.374337831939,2685.0715334271094,2795.9059165138956,2705.8279717505943,2358.79651985093,2354.5877658855356,2569.00461471868,2213.957098759589,1199.1019503878765,2584.89925835336,2358.5750797438886,2398.359105949514,2583.64043291763,2656.5569598273382,2697.6535204703114,2786.2836794222153,2787.3572975018683,2734.491807031952,0
Energy,Fossil Fuel Combustion,Industrial,Petroleum,KS,CO2,1677.7360144809022,1361.3068309838768,1421.1088472439699,1235.6623348793557,1486.5704550430628,1398.1719541811958,1657.8564433981728,1649.5684785848105,1311.805373691423,1360.80052272262,1218.8750392526745,1723.503120043531,1589.0954014994486,1759.3201560891762,1716.3872243761798,1877.3425562511368,1931.7121347405655,1902.3564609968068,1807.8464676822198,1802.727085448797,2015.4503621275067,2057.0277364402823,2109.6345055224274,1987.1696017761012,1810.4994057122674,1841.4997017642088,2108.7959360666505,2339.5689114416255,2313.009931172917,2422.3061459925243,2425.059245653324,2371.325654520212,0
Energy,Fossil Fuel Combustion,Industrial,Petroleum,KY,CO2,1107.6977941135062,939.8876440554928,1080.0996208741865,1045.6105166372618,1145.7193364152904,1085.6146703511793,1359.5067010088644,1356.4947124834314,1083.2577437062457,1105.6023221616754,986.352636646719,1335.6138499624062,1238.1631756152856,1369.0659557286192,1341.3855906844153,1424.3378103931732,1452.442485224024,1419.1230797906476,1244.7257939523452,1194.8793797199062,1271.4814227112527,1420.0657309470018,1529.7720998076302,1454.9393151110992,1330.6218482230122,1517.6461262708865,1641.1042087022038,1701.9150037344104,1640.2662488936994,1754.497236613279,1758.7330409028004,1716.3805560925607,0
Energy,Fossil Fuel Combustion,Industrial,Petroleum,LA,CO2,17439.193548996056,17291.94267952188,19675.761854931498,19322.37930413057,20725.03366569735,20194.921766575986,23410.186024740975,22663.35264672892,19370.379791180723,21411.217646345318,18250.470386055815,20231.918571991508,18043.619421828564,20001.90775780695,19817.22839043645,19030.928094154926,21807.05951918678,20761.352020914717,17855.91208616481,17673.123423683588,20224.216498253732,19856.194477618843,21110.418879016226,20066.320159079016,18613.9650717904,19752.630036288894,20619.587800311245,21507.125657986246,21732.511852164655,23471.442471234383,21919.572206681645,20631.02917493468,0
Energy,Fossil Fuel Combustion,Industrial,Petroleum,MA,CO2,9.75910836563995,8.966983295193245,39.95194764660886,8.476835375359702,9.000563046873644,15.949549780784803,7.35557336585578,9.92108687047176,10.620808692491437,10.152679140201121,5.336712488441603,15.119083916235414,5.304669281953957,5.359490343311806,6.226167127507288,32.70676304010247,3.91145596040375,2.4337182678963343,1.6676243607699002,5.3869170997369835,2.536401852844765,1.4071174658723562,0.8925505740596447,1.1715071839616322,1.0737620484956523,1.350398583535279,0.7996790631367483,0.9002008206533634,1.6089813391219985,0.6138996028384035,2.1094411544276053,0.9240964370927284,0
Energy,Fossil Fuel Combustion,Industrial,Petroleum,MD,CO2,16.05282988579514,13.462343635331356,10.025229940227344,13.252774461932603,29.600295759671486,25.62742684053335,26.406126004650307,18.65969682248538,49.33938408855162,17.216858395670947,14.332593981686667,33.874115978739816,21.536168448631887,13.849455644428508,19.47663660601384,33.15056548604553,14.649558272644441,5.1609685849681135,3.5437085875097134,2.8886349492648176,2.4343907704302867,1.6059899571924732,1.355607737632051,1.3843826561008412,1.85202436423576,1.1648636523423448,1.2474099954867002,1.0352687817634494,0.8660461048915358,1.189017225872781,0.8783887336018025,0.9820069619963472,0
Energy,Fossil Fuel Combustion,Industrial,Petroleum,ME,CO2,13.449502737270633,13.09425265796526,8.565587593482427,25.171919402929504,34.5216299755217,16.313607440006166,10.921027780859024,19.443499744124075,27.74277625583991,12.42491267625184,11.614848909716851,15.782327415795077,9.261807471429258,9.610043418131655,17.52634589014926,29.02708320443007,17.632920698681747,14.586163929307455,3.792614896667473,3.1713059966786905,2.192761465986519,2.552713479223089,2.057276712728066,1.2712106097067348,1.6474220027508284,1.2358881417015388,1.2490334019337292,0.8770214012841672,1.042231566616963,1.3955525176912056,4.2651426428185495,1.0025779127130858,0
Energy,Fossil Fuel Combustion,Industrial,Petroleum,MI,CO2,580.8860005350887,520.4256508861072,569.8182404364375,552.682292144985,609.0494258337412,587.1483732408083,722.4759226103652,718.907180026064,595.4041114922653,364.1955719269217,325.93519424170563,443.3416257185247,405.02223889880634,450.47914070431983,444.6375405619611,633.9157461029131,659.095569493931,643.5617792155015,561.0582086447481,581.2818978124122,638.6405106449258,645.9755274644987,747.3794766198188,723.5664375438328,696.3036665021336,719.0728632799172,773.430181817071,836.2416611785948,824.37616796582,842.3573592480489,842.647414818196,824.1857208085818,0
Energy,Fossil Fuel Combustion,Industrial,Petroleum,MN,CO2,1275.2496237700357,1113.076299762039,1277.5326964128124,1300.827987461919,1527.4536148643147,1418.2433212224707,1868.918200449423,1853.0449114127296,1512.2116498625962,1551.121697439614,1409.5154872112328,1920.287913830286,1793.2610138861717,1993.370052748632,1945.388622678005,2152.1583527836447,2246.075691366907,2254.092564108667,1932.9945081473404,1924.551011850664,1995.6575060343032,2131.4731385826344,2166.134301929076,2109.8156617605414,1928.0866233434936,2058.864769805024,2271.149839662932,2453.028806927926,2460.13077246718,2629.1815069532304,2632.072615857038,2573.5369278496605,0
Energy,Fossil Fuel Combustion,Industrial,Petroleum,MO,CO2,5.904120769202207,12.226823929465672,5.458631674407897,5.120647384219027,7.207312707544726,7.6225741401913725,16.905535101877934,7.890456594087384,9.695386038015293,8.748756248407524,9.021774590322792,11.751868023692507,7.555996243289114,8.413007494226225,11.746980702694245,11.34704075097626,10.538621605434768,8.239205363244084,10.624363064584317,5.838715016959948,7.257794289858363,4.0525408586315015,3.4342013101235644,3.185005993723273,3.3850077319190137,4.046896691400491,3.172114446177064,2.2155467653592593,2.782130881863271,2.9344789137324576,2.8509122966966154,2.5701250041347747,0
Energy,Fossil Fuel Combustion,Industrial,Petroleum,MS,CO2,1738.5531702570686,1543.8166753373898,1776.4408126082349,1687.9244769126842,1695.979997215922,1589.7271410594103,1953.1379900098498,1944.617353094092,1547.6837705294743,1562.8974795251504,1389.5292216927194,1923.2607581055393,1955.2675135173295,2173.356659967385,2134.8390775576227,2255.4718558711866,2352.276574125041,2272.633528024149,1987.7823868843798,1973.6756392341354,2156.687636954906,2205.207687572813,2259.4215645256195,2132.890124911252,1942.8834521998522,1975.3375113075417,2203.7510678622452,2335.8566142890463,2312.782229158473,2361.933353518739,2364.3094834059593,2301.512517672554,0
Energy,Fossil Fuel Combustion,Industrial,Petroleum,MT,CO2,668.6126576652554,580.9391948747865,666.3299603269478,630.8578879133491,715.3472358057842,672.0874990752822,852.1419662208234,852.0696394187185,692.0383444912965,748.0508555442285,687.8029805432052,1032.8739395911089,965.6488651221749,1076.0131240654175,1050.2589822002765,1113.8379155116625,1172.336267571831,1164.0387000137903,1020.1514117878121,1018.136954832579,1112.0834841582407,1137.3031544016908,1171.2116200650912,1105.7749666257328,1007.3511420531415,1105.2434089298504,1197.5991141866423,1230.3715436493007,1204.5213669819766,1279.9845086248085,1287.8198003295383,1229.2681933179858,0
Energy,Fossil Fuel Combustion,Industrial,Petroleum,NC,CO2,76.4137489415568,74.93381298828712,65.68344450068855,70.78866901513005,39.15783214155881,52.63890270525189,73.49563315441539,70.5120199822953,64.64051937612042,22.737338162027346,33.001442217515596,19.61501144320438,34.757720920625175,8.536556123052964,20.94047827391377,28.976021317381946,21.356704837550343,7.553102689524891,5.264195295659275,5.594639953825749,9.083418610824632,8.395346458792611,3.6885404268979904,3.6168178313653603,3.7077204596158366,3.8130452402331576,3.8670169085951964,2.710744586293652,2.294505887779276,2.1922905071823986,2.208079935074369,2.483910329284116,0
Energy,Fossil Fuel Combustion,Industrial,Petroleum,ND,CO2,277.7080757303516,242.84311272665394,277.80325447838976,262.99192108221285,293.4379979796542,275.6069252992956,338.4211920793303,336.1458880216268,264.96537753825373,268.4351087334112,242.9561682598477,333.3130232211677,311.16522034617907,345.91296527848874,337.9072527500218,358.43452472053394,374.3835222985967,364.1269161488498,317.87386645288893,316.5033851777934,346.7730203377952,367.49249048182725,425.7485339221358,414.53073335134854,399.18187830509487,509.5370897780259,546.6903351585187,562.021697360772,531.2746373643662,542.3504846900227,466.4791551122274,418.9916387525263,0
Energy,Fossil Fuel Combustion,Industrial,Petroleum,NE,CO2,8.412125081352599,6.5460056029990765,5.759673918852478,6.223950553873399,6.6922333099193985,6.038195745435086,7.020438839507777,7.919754000480203,6.830405304455091,3.2978705277404883,4.713564620991972,5.66933525364535,3.3628788024365175,5.977821971032664,6.99228772991958,6.024885328215798,4.533813256640547,3.9143377959298027,2.910744189475529,3.742365020519513,2.66867809288471,2.4718446531232425,2.5845565967809816,2.470915598467456,2.1834879208031523,2.1654001159206633,2.2476699549625314,1.9690679778938696,1.9273379845177314,2.0979500785394007,2.1303646365905045,1.672348291625132,0
Energy,Fossil Fuel Combustion,Industrial,Petroleum,NH,CO2,3.606979159647846,13.458133688062917,9.156974731092452,4.7579363571270985,6.597819846642234,8.502432995661557,7.546654259364451,11.253735242357605,8.630666627233678,8.115464463520484,6.371376757952438,8.596642227996432,6.8817584401709135,9.987597668127307,8.590525136461535,14.808227727043322,9.07018913804035,3.658042155688115,3.4835918352914446,0.5761881503986663,0.7258415237815815,1.2737775963712759,0.3326311536324324,1.0743699532770679,2.6172220359173144,0.299514193301845,1.142571256689772,0.7589005628755607,0.2525352013310507,0.27059900489123107,0.1945773543561435,0.4518187120506618,0
Energy,Fossil Fuel Combustion,Industrial,Petroleum,NJ,CO2,1700.5617673529032,1924.2847533392028,2008.3416081322903,1994.2934475636716,2794.7038152413497,2464.712315050049,3412.8043758763665,3545.7698288817305,2649.218352041004,2795.4598975985905,2432.838214780661,3386.688174992919,3068.0989563083117,4007.2423278409337,3841.366352350917,4570.205305031014,4209.859956832865,3976.175878432233,2992.140600398067,2190.212849338143,2397.9770603868283,2432.8005490301084,2911.9501531261667,2743.2981060660204,2499.4071344012054,2563.470671531988,2775.1865675828303,2508.4191465265153,2463.473343213935,2512.6055588816953,2154.488429817266,2107.179780485072,0
Energy,Fossil Fuel Combustion,Industrial,Petroleum,NM,CO2,371.78997198889715,421.7789404133276,454.7521514110702,429.38762931698363,478.3044567733483,450.64700525720656,554.2682393199455,549.2234602523445,434.26167291502543,448.3467474081998,400.95195931039484,549.6896593121097,513.9091171277634,568.9558823265578,652.7556676455768,692.2801427811605,782.2876873168703,756.3374706041494,722.6944996730065,682.4133667342834,747.7751540948831,764.5252473629852,786.298287839066,766.354896069539,681.2993627124605,692.4925116048474,721.7342786315962,819.8891978429677,799.1030791098192,822.0530360446245,701.1371711448646,646.2866763499727,0
Energy,Fossil Fuel Combustion,Industrial,Petroleum,NV,CO2,4.067706377586614,34.18788250011051,38.69210832945694,33.23593441406088,37.136444671496704,35.56611543275962,42.98808539519129,42.78230372849488,33.701324524486374,30.455004374670676,22.03201357076536,29.947021076131403,27.80462154895034,12.349822595180232,11.40726515544328,14.016443918699142,14.739363158090423,14.215879295946035,12.582250448486539,13.28091890228679,13.772537522286363,13.593563243595659,13.317088480527739,12.73024897748235,12.491261935718315,11.280767398984178,12.980225249780258,13.384138556125466,13.281113206107953,13.53169007776694,12.833901696881837,12.795362826392497,0
Energy,Fossil Fuel Combustion,Industrial,Petroleum,NY,CO2,307.4951433253329,143.27297625210605,88.1964568141998,104.54432346607535,151.20750165155837,173.30293265946247,286.9391265821446,152.89360608372655,215.65660657121708,35.81016266199114,66.35845362167295,79.76080651458462,103.5990392495299,374.3414346371186,159.7420760502043,283.79911641172106,181.7106810257123,95.61994597549123,22.547012057328136,36.26782212044692,231.2215849017136,71.42676706137692,63.632867519619175,38.328383045413055,65.5719439513616,55.39064197778859,76.11343796458476,26.59394663623352,53.7273737996476,52.80135285898498,161.60359786642718,46.88339847160661,0
Energy,Fossil Fuel Combustion,Industrial,Petroleum,OH,CO2,2213.40059283136,1964.301652763372,2261.0564562188574,2213.396583986219,2544.8416094237273,2386.117797587178,3047.9045355844696,3037.517173466133,2477.3395908701577,2465.331756098482,2206.9588438261153,3088.583499779115,2904.131389584692,3235.6225370772922,3272.034544555532,3211.0398509918664,3346.0029998280975,3275.276868669009,2804.542334763595,2818.7895119334285,3143.556968462676,3206.2244866597016,3294.2597484699927,3109.6742420181176,2979.3337925786327,3032.7106687706396,3407.571953931388,3590.053104570942,3517.440010450899,3614.9890092235896,3613.0349709930924,3356.5277922644464,0
Energy,Fossil Fuel Combustion,Industrial,Petroleum,OK,CO2,1888.0225659159055,1655.8502277676014,1895.5610786593213,1824.1053190239343,2024.5519462859068,1941.9014650005608,2372.667084945257,2412.276973231712,1995.6416849151935,2102.5946764959003,1945.38035963097,2767.558010838888,2524.240323142036,2829.8083862184453,2809.489182897104,2997.0142117572614,3153.921710617129,3236.1374422432136,2784.718369800038,2770.766628064792,3015.4436802021046,3082.7481250157552,3159.104495329876,2996.704231531552,2730.412483700659,2775.891173838108,2985.850154916933,3130.852635609479,3070.643248183018,3135.489459578319,3131.81904941454,2988.028059828825,0
Energy,Fossil Fuel Combustion,Industrial,Petroleum,OR,CO2,3.9630189061348666,3.7283922162922947,6.0713897662267895,7.14685678013265,6.2819455575443435,11.551363101646082,6.233210200020492,4.080751637393014,9.656133276077657,26.212193972386295,15.033793885084144,24.97267591317975,14.557889862323337,13.096423242071905,20.123904316335796,15.191395198508191,11.51032341102808,2.471532076595021,2.4558324359409465,7.087023877311147,3.3540596951081407,3.2097691618193864,2.191728301509337,2.3133576809711496,1.6044218522923035,1.5817467425878964,2.4053994340294502,1.3748822556446345,1.2133756224944277,1.233995182536782,1.2185033179824865,1.3386156014559778,0
Energy,Fossil Fuel Combustion,Industrial,Petroleum,PA,CO2,3596.4746646762387,3101.4360087402383,3544.3943811499385,3044.2837849887,3481.4565856199215,3603.670889251715,3407.2341019602977,4422.88468748443,3566.814271706398,3642.9347978383275,3222.5522211271546,4457.055706015283,4099.529066008126,4539.606953169183,4488.5494301102735,4775.787009224875,4990.529377163412,4835.994979596172,4218.834324499505,4202.721165417675,4602.511877438646,4511.549960889212,2935.4764470891096,3500.0882815669097,3194.3521707116815,3269.7318373392695,3370.8854568429883,3610.952226216202,3536.7508411381336,2606.22041687117,1602.8284751144324,1568.1559209292125,0
Energy,Fossil Fuel Combustion,Industrial,Petroleum,RI,CO2,6.324314213790903,6.569700583396396,4.937463956125965,3.7562408213681175,3.418725443258544,3.070568355410741,1.4352155454108135,1.5850972343099896,5.637075288090462,8.09138946772928,0.6159925589864973,0.23378136295343302,0.42408612114141747,0.33811613880066016,0.26278120748741085,1.067678961188426,0.4111192567894232,0.2710396797485869,1.4666213261526548,0.24100658623415339,0.1569528615141587,0.1399039265287005,0.10919608206164111,0.20597069703686482,0.08699807337163738,0.08792485496893471,0.3077286591541045,0.10123594272104988,0.1030351951051772,0.10647205017525099,0.1081196445293846,0.1536400373385035,0
Energy,Fossil Fuel Combustion,Industrial,Petroleum,SC,CO2,42.91330713847866,47.97432783124912,31.484697552655945,41.841426220450955,33.843207991124835,34.546811675964236,39.33509961646388,30.53189798566904,48.41882395324218,37.61743825699955,49.95763092851616,55.426721388481475,36.87869915111415,35.2800103827178,47.95270647397152,48.600162693944746,45.13227854927263,7.367057685422865,5.484032068767648,5.610719588584147,3.6686440840160723,2.6060634766496134,2.4560194977908676,1.77678913832126,2.007923079834266,2.282689210471304,1.9781195521606878,1.5686674814733648,1.7531536420684568,1.7450631734817676,1.5156823063458609,1.2826327966337046,0
Energy,Fossil Fuel Combustion,Industrial,Petroleum,SD,CO2,2.6336469424651505,2.4285661858578655,2.6465845250586426,1.7982510491244863,1.5839296555912905,1.901723372635183,2.4383499307510057,2.0258030288460445,1.451416553917742,1.567216436487276,1.6346049872829713,2.2059580799389265,1.6228719602782513,1.93761781693892,1.4930218066891632,1.6363759216834244,1.6750517347803546,1.5517278541742119,1.1796876026783671,1.554648469625733,1.11817407198409,1.255277258808802,0.9328832604870783,1.1857023764514487,1.0022241812828856,0.9160442122550713,0.9081443501348139,0.6817594054074585,0.7503328965411427,0.8233455308831231,1.1086864861393133,0.6853314322416317,0
Energy,Fossil Fuel Combustion,Industrial,Petroleum,TN,CO2,306.60428629291135,334.6000427044956,369.4989783272657,360.37026392723334,463.2939379444936,438.2269004416944,629.1790366402847,626.4171572967375,665.9215803685967,760.548358852126,741.3291068235379,1070.0645280878152,973.0618318434068,1084.278029449168,1064.5460367593869,1125.9475955924174,1167.3658803850803,1126.2116258074493,986.1160373880059,981.600449109198,1073.3207213133605,1094.285080710132,1121.3307064490207,1058.3072982588512,965.1317731097072,1034.7695842986882,1113.4020704239879,1082.191930250548,1059.7573013518033,1082.361972162903,1083.87705929405,1030.2866305481923,0
Energy,Fossil Fuel Combustion,Industrial,Petroleum,TX,CO2,28750.010208199383,28249.088903276108,31015.600552251595,30598.118368558095,33596.59964580929,32395.602832163568,37491.78538493272,36991.61031210316,31236.366137200628,35033.05465683397,33499.380926485,37900.83520139329,34936.41431706104,38341.232964926035,38864.652497990275,36805.75566433786,35607.14100661141,37994.602354288785,34128.36118811832,32654.132071064625,36608.257058782896,31403.84597345173,34407.349849708466,35775.445957602096,32789.29123922692,38517.870955874605,39303.92607864745,44096.04361294634,46599.02183468954,54136.309293235965,55003.4215338314,58748.617465711824,0
Energy,Fossil Fuel Combustion,Industrial,Petroleum,UT,CO2,736.61833231419,641.5179198200052,736.2746590630123,696.5371234678029,758.0318287024446,712.2177717162834,921.4911421386277,916.0494394510946,719.7640270690314,702.274329586873,628.6616796279809,903.3816286832418,871.206840496373,962.4943980157565,969.7980570281942,1029.4592641355414,1075.7963347597795,1043.1240078633205,913.7810344307356,854.7703209864264,991.5203116944235,1013.8532120779238,1068.0660422241917,1014.8632479103688,951.4360517507298,983.3419963732786,1149.705586419545,1179.1927980035157,1178.0980839608555,1222.1273547846647,1223.9895204047411,1196.3095355518797,0
Energy,Fossil Fuel Combustion,Industrial,Petroleum,VA,CO2,303.6677343367965,285.7014567383594,278.16811799393514,277.3744692944605,310.9554096087681,323.9622189158015,379.2748172734822,368.2481025496241,317.9255618941458,299.37074954702007,272.19053661761484,363.7807081776187,334.7543844219756,371.8710079926693,367.4073816544507,32.82811286592366,406.1181838128073,410.8829869360907,360.92350741892386,367.4813496950856,11.649230584539282,6.471572311101075,3.1201800924975136,3.4252754319934318,3.6212286191905894,2.5684608435463083,2.6692720431162407,2.236736105396749,2.075656386202338,2.1813648549753712,1.6573326863747317,2.023556519848037,0
Energy,Fossil Fuel Combustion,Industrial,Petroleum,VT,CO2,7.418147695060468,4.941881995348979,2.9089143072905945,3.740098066850735,5.098286706802208,4.265280909317835,9.556907841664591,9.848960096506275,62.90039755655874,24.384209732466964,39.720467042525854,19.384957638651027,6.641866298708547,29.838535383104993,24.879617401585016,21.81988970784485,5.62147208868744,6.342344038246496,3.414338910709652,3.8538610345194635,5.550162692157788,3.475840524656293,6.969527019889088,2.859835694840369,6.407806605383406,1.4079212556499872,2.5697196679498724,1.6910782778688154,1.4875948588957622,1.717865620789992,2.614683792969265,1.5839377553464438,0
Energy,Fossil Fuel Combustion,Industrial,Petroleum,WA,CO2,2369.3888479346642,2179.575501020699,2570.999399025599,2366.2311477903672,2788.9154557292914,2687.9011616882126,3328.118154934508,3303.919779584499,2655.823248573285,2741.137740020848,2486.850305430261,3454.991665606543,3250.332040547227,3579.8754700587674,3575.8926447867443,3840.526579403435,4006.3023529465895,3901.0815489365405,3420.4960899234065,3407.599313245897,3729.9113052629446,3823.414570659463,3922.609554898297,3702.3343990328153,3372.408521988445,3441.1440008602985,3700.8977784038702,3825.4000565624983,3827.447219980515,3908.8367075180668,3912.0517084184044,3825.358690191235,0
Energy,Fossil Fuel Combustion,Industrial,Petroleum,WI,CO2,164.80773016381013,144.25960192227822,165.19279924822138,160.0682789045466,176.55354049939965,165.76574384881258,220.04204831743974,216.7125748649686,158.93740860209022,175.62390815613702,163.62000836839,214.09913767169968,193.6773427037827,209.19814570776606,207.79613605025378,229.32046007892035,233.49296598596322,223.19246265324713,193.05384561033992,191.43163969138666,208.75170723455304,235.3277697148914,239.19761422628315,226.32961714073994,206.72117980173277,209.50142239279566,226.33758691443154,230.91524851488077,77.38272135790899,3.9973051980139127,3.175121458555025,3.0298736704450207,0
Energy,Fossil Fuel Combustion,Industrial,Petroleum,WV,CO2,78.12972613386223,84.66460125012416,100.68761641130376,80.47037138936518,89.17412238882233,85.68371646271673,100.74400764141043,97.26438373158634,77.75335537690799,70.76917598378465,76.61642178461807,114.10489858145674,110.18937762748773,122.35442544782178,122.67492718222503,135.0503096189734,140.71992410806914,130.86895253354294,113.67298063679681,116.20563482876469,128.29546643476073,126.18852502381179,127.52880924488798,134.25994590201347,123.7065343299292,123.63755305563213,132.0676779251432,135.07331795188873,133.38630360732134,136.17085223547934,134.83505045003056,132.70893484980624,0
Energy,Fossil Fuel Combustion,Industrial,Petroleum,WY,CO2,808.6539939170025,539.5172957773004,620.6088731354093,592.3007049901057,662.3010097753357,622.416981296852,764.52690393572,758.613020920431,606.4811929115866,611.3828869670522,581.0544160262375,805.4341077006586,793.1627141392808,902.3855335155828,880.4861258142299,940.2596498268863,993.1738156498277,961.2623314861452,885.7679162190384,882.3637799979148,964.6460617679478,1004.8496813825095,1033.9645792459744,975.9326192443169,948.35613372234,964.7768594415584,1037.2824450976948,1011.7314485649578,990.8998787312212,1011.5016584118661,924.2152800756659,710.595306817069,0
Energy,Fossil Fuel Combustion,Residential,Coal,AK,CO2,0.1505719646318639,0.1380897707569285,0.14130735163157435,0.1546130527684004,0.1187978196577365,0.10328341076138493,0.08689547386431075,0.08367499163222201,0.08126841577342497,0.09935101200888055,0.09166735882739876,0.08489425906482795,0.08578627760763433,0.08580966481631558,0.07367304821938989,0.0610349689028914,0.07595526683078704,0.06989541715657112,0,0,0,0,0,0,0,0,0,0,0,0,0,0,0
Energy,Fossil Fuel Combustion,Residential,Coal,AL,CO2,0.04970805242654481,0.007130944198194494,0.03728273255624586,0.01690023999654595,0.003763700216613911,0.0022118421298993047,0.012565530147230698,0.01879586471100084,0.002218024447964655,0.0068219747124086275,0.015107760697611378,0.003554685724389347,0.0010711112981656953,8.496006417456986e-4,9.493949512807975e-5,3.8690947006587257e-4,0.005432305162865995,1.8916215739261466e-4,0,0,0,0,0,0,0,0,0,0,0,0,0,0,0
Energy,Fossil Fuel Combustion,Residential,Coal,AR,CO2,9.652049014863069e-5,1.9272822157282414e-4,8.692865103787894e-4,3.8629119992105034e-4,9.650513375933103e-5,0,0,0,0,0,0,0,0,0,0,0,0,2.83743236088922e-4,0,0,0,0,0,0,0,0,0,0,0,0,0,0,0
Energy,Fossil Fuel Combustion,Residential,Coal,AZ,CO2,0,9.636411078641207e-5,0.001352223460589228,3.8629119992105034e-4,0,0.001346338687764794,0,0,8.872097791858623e-5,0,0,1.0454958012909845e-4,1.9474750875739916e-4,1.8880014261015527e-4,1.898789902561595e-4,1.9345473503293629e-4,9.700544933689278e-5,9.458107869630733e-5,0,0,0,0,0,0,0,0,0,0,0,0,0,0,0
Energy,Fossil Fuel Combustion,Residential,Coal,CA,CO2,0.011196376857241161,0.017827360495486232,9.658739004208771e-5,0.05726767038829571,0.05587647244665266,0.0386591537486748,0.04784567248368612,0.026333292691554475,0.026616293375575865,0.007590647919440585,0.006328926778729091,0,0,9.440007130507764e-5,0.0018038504074335154,0.0034821852305928543,2.9101634801067833e-4,0,0,0,0,0,0,0,0,0,0,0,0,0,0,0,0
Energy,Fossil Fuel Combustion,Residential,Coal,CO,CO2,0.02393708155686041,0.02418739180738943,0.0212492258092593,0.014292774397078862,0.00733439016570916,0.005481521800185234,0.0033830273473313423,0.01268959394194473,0.0038150020504992077,0.026519225642602548,0.01949717765705252,0.0750665985326927,0.05988485894290022,0.07618085754319766,0.04737480806891179,0.022924386101402953,0.01290172476180674,0.002742851282192913,0,0,0,0,0,0,0,0,0,0,0,0,0,0,0
Energy,Fossil Fuel Combustion,Residential,Coal,CT,CO2,0.0057912294089178425,0.0056854825363983124,0.008596277713745807,0.005408076798894704,0.004342731019169896,0.007404862782706367,0.0016431847115609373,0.0019082096153300344,0.001685698580453138,0.0016334305649429105,0.0011228741059035484,0.001150045381420083,0.0011684850525443952,0.001227200926966009,9.493949512807974e-4,9.672736751646815e-4,7.760435946951422e-4,7.566486295704587e-4,0,0,0,0,0,0,0,0,0,0,0,0,0,0,0
Energy,Fossil Fuel Combustion,Residential,Coal,DC,CO2,0.03349261008157486,0.0287165050143508,0.02182875014951182,0.022211743995460397,0.01688839840788293,0.0018271739333950775,0.006669396770453216,0.010304331922782186,0.0015082566246159659,0.0017295147158219054,0.0019395098192879472,0.008573065570586073,0.0011684850525443952,0.002076801568711708,0.007025522639477901,0.007254552563735112,0,0.004729053934815366,0,0,0,0,0,0,0,0,0,0,0,0,0,0,0
Energy,Fossil Fuel Combustion,Residential,Coal,DE,CO2,0.010520733426200747,0.0086727699707770875,9.658739004208771e-5,0.020280287995855142,0.01032604931224842,2.8850114737817014e-4,0.0014498688631420036,0.0016219781730305294,0.0018631405362903107,2.882524526369842e-4,3.062383925191495e-4,3.136487403872954e-4,0,0,0,0,9.700544933689278e-5,9.458107869630733e-5,0,0,0,0,0,0,0,0,0,0,0,0,0,0,0
Energy,Fossil Fuel Combustion,Residential,Coal,FL,CO2,0.002219971273418506,9.636411078641207e-5,0.0066645299129040525,0.006856668798598644,0.00733439016570916,3.8466819650422686e-4,2.899737726284007e-4,0,0.0014195356466973797,0.001921683017579895,0.002654066068499296,0.01610063533988116,0.0028238388769822875,0.0023600017826269407,0,9.672736751646814e-5,9.700544933689278e-5,9.458107869630733e-5,0,0,0,0,0,0,0,0,0,0,0,0,0,0,0
Energy,Fossil Fuel Combustion,Residential,Coal,GA,CO2,0.010810294896646639,0.0034691079883108346,0.01680620586732326,0.009560707198045998,0.010422554446007754,0.018560240481328948,8.699213178852022e-4,0.00448429259602558,0.002750350315476173,0.004900291694828732,0.002449907140153196,0.0033455865641311504,0.0015579800700591933,0,0.0016139714171773557,0.009382554649097413,0,4.7290539348153666e-4,0,0,0,0,0,0,0,0,0,0,0,0,0,0,0
Energy,Fossil Fuel Combustion,Residential,Coal,HI,CO2,0,0,0,0,0,0,0,0,0,0,0,0,0,0,0,0,0,0,0,0,0,0,0,0,0,0,0,0,0,0,0,0,0
Energy,Fossil Fuel Combustion,Residential,Coal,IA,CO2,0.1135080964147897,0.09308773101967407,0.026368357481489944,0.028682121594137987,0.013800234127584339,0.02731144195180011,0.0631176245087819,0.09235734538197367,0.06654073343893967,0.11655007501622064,0.07645751866561434,0.07653029265450005,0.08841536897585921,0.08543206453109527,0.039304950983025014,0.05000804900601404,0.061986482126274486,0.07140871441571203,0,0,0,0,0,0,0,0,0,0,0,0,0,0,0
Energy,Fossil Fuel Combustion,Residential,Coal,ID,CO2,0.026253573320427548,0.02669285868783615,0.01980041495862798,0.01670709439658543,0.01302819305750969,0.01057837540386624,0.007056028467291083,0.007155786057487628,0.011090122239823277,0.01335569697218027,0.004797734816133343,0.004913830266067626,0.004771313964556279,0.00358720270959295,0.001139273941536957,0.0020312747178458314,0.002231125334748534,0.009741851105719656,0,0,0,0,0,0,0,0,0,0,0,0,0,0,0
Energy,Fossil Fuel Combustion,Residential,Coal,IL,CO2,0.11485938327687054,0.10070049577180061,0.11233113461894802,0.10256031357903887,0.08328393043430267,0.06279708307931504,0.049198883422618654,0.07060375576721127,0.050837120347349905,0.0458321399692805,0.05675618208021572,0.060534206894748,0.04664202834739709,0.07485925654492656,0.05430539121326162,0.025826207126896997,0.02677350401698241,0.034994999117633714,0,0,0,0,0,0,0,0,0,0,0,0,0,0,0
Energy,Fossil Fuel Combustion,Residential,Coal,IN,CO2,0.23888821311786101,0.16854082976543475,0.1605282422499498,0.13327046397276238,0.11667470671503122,0.07991481782375315,0.09192168592320303,0.09207111393967417,0.082333067508448,0.09887059125448559,0.0726805784912115,0.06429799177939555,0.08598102511639172,0.09808167408597565,0.09104697582782847,0.04459131642509182,0.011252632123079562,0.03707578284895247,0,0,0,0,0,0,0,0,0,0,0,0,0,0,0
Energy,Fossil Fuel Combustion,Residential,Coal,KS,CO2,1.9304098029726137e-4,1.9272822157282414e-4,9.658739004208771e-5,0.009077843198144685,0.011484110917360393,0.011251544747748638,0.02184469087133952,5.724628845990104e-4,0,0.001921683017579895,0.0029603044610184456,1.0454958012909845e-4,9.737375437869958e-5,0,0,0,0,0,0,0,0,0,0,0,0,0,0,0,0,0,0,0,0
Energy,Fossil Fuel Combustion,Residential,Coal,KY,CO2,0.07113560123954082,0.08017494017429486,0.09137167097981497,0.11501820477649274,0.10268146231992824,0.04048632768206988,0.03305701007963768,0.08644189557445056,0.057668635647081044,0.12135428256017033,0.05665410261604268,0.062311549756942676,0.07283556827526727,0.06069924584916492,0.06275500627966071,0.05387714370667277,0.027064520364993086,0.030455107340210962,0,0,0,0,0,0,0,0,0,0,0,0,0,0,0
Energy,Fossil Fuel Combustion,Residential,Coal,LA,CO2,0,0,0,3.8629119992105034e-4,0,0.0015386727860169074,0,0,0,0,0,0,0,0,0,0,0,0,0,0,0,0,0,0,0,0,0,0,0,0,0,0,0
Energy,Fossil Fuel Combustion,Residential,Coal,MA,CO2,0.0305004748869673,0.01156369329436945,0.025016134020900718,0.018638550396190678,0.008009926102024474,0.008366533273966935,0.009472476572527757,0.007537427980553637,0.006920236277649724,0.011722266407237359,0.004899814280306392,0.00470473110580943,0.02531717613846189,0.01567041183664289,0.008164796581014858,0.00831855360641626,0.00349219617612814,0.005485702564385826,0,0,0,0,0,0,0,0,0,0,0,0,0,0,0
Energy,Fossil Fuel Combustion,Residential,Coal,MD,CO2,0.02326143812582,0.018309181049418293,0.0057952434025252625,0.006470377598677593,0.013124698191269022,0.0922242001118884,0.011888924677764428,0.014502393076508262,0.01313070473195076,0.013451781123059265,0.023478276759801468,0.02164176308672338,8.763637894082962e-4,0.0016992012834913973,0.013196589822803084,0.0059970967860210255,0.00911851223766792,0.00851229708266766,0,0,0,0,0,0,0,0,0,0,0,0,0,0,0
Energy,Fossil Fuel Combustion,Residential,Coal,ME,CO2,0.02065538489180697,0.0056854825363983124,0.01564715718681821,0.011105871997730199,0.002219618076464614,9.616704912605672e-4,0.0011598950905136029,0.0010495152884315191,7.98488801267276e-4,8.647573579109527e-4,9.187151775574486e-4,8.363966410327876e-4,5.842425262721976e-4,6.608004991355435e-4,4.746974756403987e-4,5.803642050988089e-4,5.820326960213567e-4,5.67486472177844e-4,0,0,0,0,0,0,0,0,0,0,0,0,0,0,0
Energy,Fossil Fuel Combustion,Residential,Coal,MI,CO2,0.12817921091738158,0.1139987430603255,0.08190610675569038,0.10178773117919677,0.10287447258744689,0.07827997798861018,0.07780962898862086,0.048563934710149366,0.035133507255760144,0.005765049052739685,0.0038790196385758945,0.002404640342969264,0.07341981080153949,0.009345607059202685,0.04167843836122701,0.028824755519907506,0.0018431035374009627,0.03991321520984169,0,0,0,0,0,0,0,0,0,0,0,0,0,0,0
Energy,Fossil Fuel Combustion,Residential,Coal,MN,CO2,0.06167659320497502,0.029005597346710033,0.007630403813324929,0.03428334399299322,0.06494795502002979,0.06673993209348336,0.03170379914070515,0.020322432403264864,0.007807446056835587,0.003266861129885821,0.0011228741059035484,4.181983205163938e-4,0.021519599717692607,2.832002139152329e-4,0,0.010930192529360902,0.014065790153849454,0.011633472679645802,0,0,0,0,0,0,0,0,0,0,0,0,0,0,0
Energy,Fossil Fuel Combustion,Residential,Coal,MO,CO2,0.12026453072519384,0.09597865434326643,0.08692865103787895,0.10120829437931521,0.07237885031949828,0.05962357045815517,0.0537418058604636,0.06373420115202315,0.035665833123271665,0.058419163734428806,0.04358793120189229,0.05603857494919677,0.05073172603130248,0.05484644142825011,0.04253289381737973,0.038594219639070795,0.04384646310027553,0.04275064757073092,0,0,0,0,0,0,0,0,0,0,0,0,0,0,0
Energy,Fossil Fuel Combustion,Residential,Coal,MS,CO2,0,0,9.658739004208771e-5,0,0,0,0,0,0,0,0,0,0,0,0,0,0,0,0,0,0,0,0,0,0,0,0,0,0,0,0,0,0
Energy,Fossil Fuel Combustion,Residential,Coal,MT,CO2,0.02065538489180697,0.014069160174816164,0.0066645299129040525,0.0035731935992697156,0.0010615564713526413,0.002692677375529588,9.665792420946691e-4,0.01555190836493978,9.759307571044483e-4,5.765049052739685e-4,5.103973208652493e-4,6.272974807745908e-4,6.816162806508971e-4,4.7200035652538813e-4,0.01860814104510363,0.02031274717845831,0.022117242448811553,2.83743236088922e-4,0,0,0,0,0,0,0,0,0,0,0,0,0,0,0
Energy,Fossil Fuel Combustion,Residential,Coal,NC,CO2,0.076058146237121,0.04268930107838055,0.08857063666859444,0.09956655677965075,0.09505755675294107,0.07039427996027353,0.059251307540403204,0.050376733844712904,0.052167935016128694,0.04669689732719145,0.03429869996214475,0.036801452205442654,0.03826788547082893,0.040403230518573224,0.08288217924681363,0.02930839235748985,0.025512433175602797,0.010782242971379034,0,0,0,0,0,0,0,0,0,0,0,0,0,0,0
Energy,Fossil Fuel Combustion,Residential,Coal,ND,CO2,0.03619518380573651,0.0326674335565937,0.030618202643341808,0.03515249919281558,0.030013096599151953,0.02134908490598459,0.025421034067089794,0.021944410576295398,0.016413380914938453,0.02104242904249985,0.02143668747634047,0.024673700910467236,0.027459398734793278,0.03398402566982795,0.04044422492456197,0.03646621755370849,0.016199910039261092,0.03944030981636016,0,0,0,0,0,0,0,0,0,0,0,0,0,0,0
Energy,Fossil Fuel Combustion,Residential,Coal,NE,CO2,0.0016408483325267217,0.004336384985388544,0.0022215099709680173,0.001931455999605252,0.002219618076464614,0.002308009179025361,2.899737726284007e-4,0.021467358172462887,0,0,0,0.0014636941218073782,0.0016553538244378928,0.0015104011408812422,6.645764658965583e-4,5.803642050988089e-4,0.0010670599427058205,0.001134972944355688,0,0,0,0,0,0,0,0,0,0,0,0,0,0,0
Energy,Fossil Fuel Combustion,Residential,Coal,NH,CO2,0.0057912294089178425,0.009636411078641209,0.0068577046929882285,0.004152630399151291,0.0028951540127799312,0.0025003432772774748,0.0023197901810272058,0.0015265676922640275,0.0011533727129416208,9.608415087899475e-4,0.0011228741059035484,0.001150045381420083,0.0011684850525443952,6.608004991355435e-4,4.746974756403987e-4,7.738189401317451e-4,8.73049044032035e-4,8.512297082667661e-4,0,0,0,0,0,0,0,0,0,0,0,0,0,0,0
Energy,Fossil Fuel Combustion,Residential,Coal,NJ,CO2,0.006273831859660995,0.0048182055393206046,0.006471355132819877,0.003380047999309191,0.00366719508285458,0.002115675080773248,0.0023197901810272058,0.0015265676922640275,0.001242093690860207,0.0014412622631849214,0.0014291124984226978,0.001150045381420083,0.0011684850525443952,0.001227200926966009,0.0012342134366650367,5.803642050988089e-4,4.8502724668446394e-4,5.67486472177844e-4,0,0,0,0,0,0,0,0,0,0,0,0,0,0,0
Energy,Fossil Fuel Combustion,Residential,Coal,NM,CO2,0.0018338893128239829,0.0026018309912331263,0.003090796481346807,0.003380047999309191,0.0025091334777426074,0.0019233409825211345,0.0018365005599798713,0.0016219781730305294,0.002218024447964655,0.0017295147158219054,0.0017353508909418475,0.0010454958012909845,0.0010711112981656953,9.440007130507763e-4,7.59515961024638e-4,5.803642050988089e-4,6.790381453582494e-4,6.620675508741513e-4,0,0,0,0,0,0,0,0,0,0,0,0,0,0,0
Energy,Fossil Fuel Combustion,Residential,Coal,NV,CO2,0.0013512868620808298,7.709128862912965e-4,3.8634956016835086e-4,7.725823998421007e-4,2.895154012779931e-4,2.8850114737817014e-4,2.899737726284007e-4,2.862314422995052e-4,2.661629337557586e-4,9.608415087899475e-5,0,2.090991602581969e-4,1.9474750875739916e-4,1.8880014261015527e-4,1.898789902561595e-4,9.672736751646814e-5,3.880217973475711e-4,0,0,0,0,0,0,0,0,0,0,0,0,0,0,0,0
Energy,Fossil Fuel Combustion,Residential,Coal,NY,CO2,0.13097830513169184,0.12093695903694715,0.11831955280155745,0.09831111037990732,0.06707106796273507,0.06866327307600449,0.0814826301085806,0.0662148736519522,0.03655304290245752,0.0529423671343261,0.028888488360973106,0.03261946900027872,0.013242830595503142,0.026054419680201422,0.03816567704148806,0.030952757605269807,0.03036270564244744,0.031211755969781416,0,0,0,0,0,0,0,0,0,0,0,0,0,0,0
Energy,Fossil Fuel Combustion,Residential,Coal,OH,CO2,0.3048117078893758,0.20525555597505774,0.2491954663085863,0.2467435039495709,0.17554283830822315,0.12492099681474769,0.1810402920443315,0.08243465538225749,0.09635098201958463,0.0604369309028877,0.058287374042811466,0.06377524387875005,0.10087920953633274,0.06003844535002937,0.09237612875962159,0.061905515210539615,0.02308729694218048,0.032252147835440795,0,0,0,0,0,0,0,0,0,0,0,0,0,0,0
Energy,Fossil Fuel Combustion,Residential,Coal,OK,CO2,0,4.8182055393206037e-4,3.8634956016835086e-4,1.9314559996052517e-4,3.860205350373241e-4,0.0035581808176640985,2.899737726284007e-4,0.05304822730617495,1.7744195583717246e-4,4.8042075439497375e-4,0,2.090991602581969e-4,2.921212631360988e-4,2.832002139152329e-4,0,1.9345473503293629e-4,5.820326960213567e-4,0,0,0,0,0,0,0,0,0,0,0,0,0,0,0,0
Energy,Fossil Fuel Combustion,Residential,Coal,OR,CO2,8.686844113376764e-4,3.854564431456483e-4,3.8634956016835086e-4,8.691551998223632e-4,3.860205350373241e-4,2.8850114737817014e-4,0,2.862314422995052e-4,0,9.608415087899475e-5,0,0,0,0,0,0,0,0,0,0,0,0,0,0,0,0,0,0,0,0,0,0,0
Energy,Fossil Fuel Combustion,Residential,Coal,PA,CO2,0.6341396202765037,0.6148993909280955,0.7031561995063985,0.5343373022907929,0.41941131131805276,0.3688968004475536,0.2850442184937179,0.32201037258694326,0.207340925395736,0.2024493059020419,0.21987916582874936,0.2268725888801436,0.17205942398716215,0.2157041629321024,0.16215665767876022,0.12119939149813459,0.1368746890143557,0.1703405227320495,0,0,0,0,0,0,0,0,0,0,0,0,0,0,0
Energy,Fossil Fuel Combustion,Residential,Coal,RI,CO2,0.0024130122537157675,0.0017345539941554173,0.0021249225809259293,0.0012554463997434136,0.0010615564713526413,9.616704912605672e-4,9.665792420946691e-4,7.632838461320138e-4,5.323258675115172e-4,4.8042075439497375e-4,6.12476785038299e-4,6.272974807745908e-4,8.763637894082962e-4,0.001227200926966009,7.59515961024638e-4,5.803642050988089e-4,3.880217973475711e-4,3.7832431478522933e-4,0,0,0,0,0,0,0,0,0,0,0,0,0,0,0
Energy,Fossil Fuel Combustion,Residential,Coal,SC,CO2,0.003088655684756182,0.009636411078641209,0.013329059825808105,0.04712752639036814,0.022099675630886807,0.005385354751059176,0.005412843755730147,1.9082096153300344e-4,0.005855584542626691,0.07196702900836706,0,0,0,0,0,0,0.018722051722020305,0,0,0,0,0,0,0,0,0,0,0,0,0,0,0,0
Energy,Fossil Fuel Combustion,Residential,Coal,SD,CO2,0.0010617253916349375,0.0012527334402233571,2.897621701262631e-4,2.897183999407878e-4,0.004439236152929228,0.001634839835142964,3.866316968378676e-4,1.9082096153300344e-4,0,1.921683017579895e-4,3.062383925191495e-4,0.002509189923098363,2.921212631360988e-4,1.8880014261015527e-4,1.898789902561595e-4,9.672736751646814e-5,1.9401089867378556e-4,1.8916215739261466e-4,0,0,0,0,0,0,0,0,0,0,0,0,0,0,0
Energy,Fossil Fuel Combustion,Residential,Coal,TN,CO2,0.10414560887037252,0.07487491408104219,0.06625894956887218,0.04847954559009183,0.03290825061193189,0.04587168243312906,0.032187088761752476,0.03444318355670711,0.006387910410138208,0.029401750168972396,0.032767507999549,0.03920609254841192,0.018403639577574217,0.03908162952030214,0.015570077201005079,0.006190551521053961,0.008827495889657241,0.016457107693157474,0,0,0,0,0,0,0,0,0,0,0,0,0,0,0
Energy,Fossil Fuel Combustion,Residential,Coal,TX,CO2,0.005212106468026057,0.004721841428534192,0.00376690821164142,0.0020280287995855144,0,0,0,0,0.003460118138824862,0.001537346414063916,0.0022457482118070967,0.005018379846196726,0.014313941893668839,0.03313442502808225,0.002658305863586233,0.002418184187911704,0,0,0,0,0,0,0,0,0,0,0,0,0,0,0,0,0
Energy,Fossil Fuel Combustion,Residential,Coal,UT,CO2,0.11929932582370753,0.12247878480952974,0.0895365105690153,0.04876926399003261,0.03532087895591516,0.022406922446371217,0.025421034067089794,0.02986348047991504,0.02599524653014576,0.03074692828127832,0.015311919625957479,0.01610063533988116,0.05452930245207176,0.017747213405354595,0.047754566049424116,0.008125098871383326,0.007275408700266958,0.005012797170904289,0,0,0,0,0,0,0,0,0,0,0,0,0,0,0
Energy,Fossil Fuel Combustion,Residential,Coal,VA,CO2,0.11428026033597873,0.0606130256846532,0.08393444194657422,0.1347190559724663,0.11397256296976996,0.08905068749072853,0.11502292980926561,0.04760982990248436,0.04436048895929311,0.03785715544632393,0.024396991937358916,0.03721965052595904,0.0225907110158583,0.032190424315031475,0.0220259628697145,0.02321456820395236,0.005723321510876673,0.019483702211439313,0,0,0,0,0,0,0,0,0,0,0,0,0,0,0
Energy,Fossil Fuel Combustion,Residential,Coal,VT,CO2,0.003378217155202074,0.002216374548087478,0.002607859531136368,0.0025108927994868272,0.00183359754142729,9.616704912605672e-4,4.8328962104733457e-4,6.678733653655121e-4,5.323258675115172e-4,6.725890561529633e-4,3.062383925191495e-4,6.272974807745908e-4,2.921212631360988e-4,2.832002139152329e-4,2.8481848538423925e-4,1.9345473503293629e-4,1.9401089867378556e-4,2.83743236088922e-4,0,0,0,0,0,0,0,0,0,0,0,0,0,0,0
Energy,Fossil Fuel Combustion,Residential,Coal,WA,CO2,0.027701380672657008,0.0311256077840111,0.03525439736536202,0.04461663359088131,0.027986488790205998,0.022022254249866993,0.006282765073615349,0.005152165961391093,0.0035488391167434485,0.004996375845707727,0.005818529457863842,0.005959326067358611,0.006329294034615473,0.00755200570440621,0.005126732736916307,0,0,0,0,0,0,0,0,0,0,0,0,0,0,0,0,0,0
Energy,Fossil Fuel Combustion,Residential,Coal,WI,CO2,0.0024130122537157675,0.004336384985388544,0.0018351604107996664,0.015934511996743325,0.018625490815550892,0.04058249473119594,0.030543904050191546,0.042362253460326765,0.03433501845449287,0.04852249619389235,0.05042725530148663,0.053215736285711114,0.03602828912011884,0.04710563558123374,0.03522255269251758,0.061228423637924335,0.006208348757561138,0.012863026702697797,0,0,0,0,0,0,0,0,0,0,0,0,0,0,0
Energy,Fossil Fuel Combustion,Residential,Coal,WV,CO2,0.08628931819287586,0.04162929585973002,0.037765669506456295,0.04403719679099973,0.031171158204263926,0.020195080316471912,0.03122050951965781,0.02728739749921949,0.040722928864631074,0.04977159015531927,0.06257471153807956,0.013591445416782798,0.009737375437869955,0.012932809768795636,0.013101650327675005,0.015379651435118435,0.005335299713529102,0.015416715827498095,0,0,0,0,0,0,0,0,0,0,0,0,0,0,0
Energy,Fossil Fuel Combustion,Residential,Coal,WY,CO2,0.05009413438713933,0.05560209192375977,0.032743125224267734,0.060261427187683854,0.06456193448499245,0.03317763194848957,0.08051605086648593,0.02661952413385398,0.03149594716109811,0.024213206021506676,0.0311342365727802,0.02833293621498568,0.019669498384497313,0.02190081654277801,0.017278988113310516,0.009576009384130347,0.0080514522949621,0.009931013263112269,0,0,0,0,0,0,0,0,0,0,0,0,0,0,0
Energy,Fossil Fuel Combustion,Residential,Natural Gas,AK,CO2,0.7121269435425042,0.7237618981741887,0.7662257294746683,0.7306267244413049,0.7934282518218342,0.8145238363450993,0.8494444640181303,0.8039527461670145,0.8278652681702116,0.9374074710514946,0.876694321752789,0.9041412417668806,0.8642816620344845,0.8987335490163689,0.970546044165592,0.9613234017433584,1.1016243670576924,1.0596534905807198,1.1461492708252974,1.0657171779754189,0.9999818155777072,1.0903226881408599,1.1492143795229757,1.0201491601603674,0.940599029429705,0.983222434959464,0.9409254178171693,1.0550035563544498,0.9561983095277456,0.9312298636315733,1.0920538859161861,1.1149119160567524,0
Energy,Fossil Fuel Combustion,Residential,Natural Gas,AL,CO2,2.4800599481783285,2.5212078192819867,2.717839271186904,2.803946564911157,2.7266047462674137,2.7115006874376237,3.0994133411536993,2.6811343613669942,2.5681498451719897,2.3487025712494907,2.6447675150501824,2.7046564630883467,2.545077572729071,2.5466773054131093,2.388537828640064,2.3004727155543763,2.0835936616616166,1.9329744451192412,2.0542259928144793,1.9658035915531633,2.27965651374282,1.97544941986634,1.4885497523801803,1.8896601663741095,2.111168189428106,1.7796151564401033,1.54064251131414,1.4283165647704719,1.8835121218547137,1.6614323281299819,1.531164065452817,1.753331464277851,0
Energy,Fossil Fuel Combustion,Residential,Natural Gas,AR,CO2,2.0987494023525395,2.200636751112982,2.117818288233656,2.4474695032367006,2.257944611204041,2.369374101169865,2.521793228834428,2.2839096075651324,2.0774391697707193,1.9615853460934622,2.30461994350887,2.0053900622772916,2.132245840882097,2.080100739540782,1.8636311658222373,1.80212283406713,1.7265961054917742,1.7540208898490839,1.9145709351490086,1.7855739617037718,1.941313203494976,1.8192943406574327,1.4052564110151058,1.8916227057036956,2.0431309434257545,1.7695677051066827,1.4515489330573867,1.3757246374862027,1.8727926466595437,1.8041258837646836,1.6191232079371567,1.811652694501422,0
Energy,Fossil Fuel Combustion,Residential,Natural Gas,AZ,CO2,1.6637024525917246,1.711097349904415,1.5598946921838768,1.5366671610516438,1.6238937982961164,1.4836824072804857,1.4857183370535192,1.686426664597188,1.9480868803220561,1.7793249632017079,1.8736951550727015,1.9404855424211225,1.9107497280859624,1.9262749500637486,2.0647745489627525,1.944212573246237,1.9534089428319168,2.0865528003243923,2.0970046539334692,1.8775202706578646,2.0442571998237242,2.0771441533150807,1.896039051877303,2.1603314690465134,1.772041729603301,1.906213043241209,1.9329501773747186,1.8110191048380484,1.928291013310398,2.2917017919563625,2.2489697294197457,2.174880483097454,0
Energy,Fossil Fuel Combustion,Residential,Natural Gas,CA,CO2,28.2214982885708,27.811644277518376,26.23242712666602,27.599508102397085,28.25567759004709,25.657049069822733,25.984199880831046,25.860382668722213,30.83462402460603,30.670200890390092,26.387601992262578,27.69784424734184,27.704940177809874,26.976560429854576,27.747373745262315,26.287186042389415,26.748705316927175,26.9043478429819,26.72114597073891,26.20873264745964,26.88082565292983,27.75649891432747,25.902423058921894,26.221487982602746,21.659265149879424,21.995193001928936,22.531797647032622,23.543142862539,23.137115921381017,25.365191668198218,24.99458172294364,24.52990943203392,0
Energy,Fossil Fuel Combustion,Residential,Natural Gas,CO,CO2,4.557654960059908,5.189437265042281,4.979747855859777,5.500743034910787,5.118330620052278,5.4627044290840425,5.830555377467194,6.049103344484149,5.811882759733633,5.850090411195958,6.109199900298032,6.515988190150489,6.8044095227590615,6.566438388300862,6.3567365687743,6.693462509696324,6.429678613311284,7.031478555251673,7.121345117060295,6.824412187451856,7.004392460948881,7.040155311472557,6.292418846556073,7.3167179119222965,7.23330244551635,6.7524689906098505,6.741202715429424,6.548987326248065,7.148833849247611,8.028056635603416,7.6124735556081315,7.469867614065149,0
Energy,Fossil Fuel Combustion,Residential,Natural Gas,CT,CO2,2.054474007221109,2.03933911162881,2.3210047898323007,2.2990302682354415,2.282370068453284,2.2331506367292455,2.388773930775974,2.212980408008959,1.9235115376816243,2.0880723504398695,2.280697476938931,2.232609082199995,2.194109428581882,2.48591186923848,2.4012885977773384,2.420784214335938,2.131508870675326,2.356230658755836,2.3283814123335684,2.3899669914048993,2.3297991731116263,2.441470583439435,2.249132699870703,2.530933152717313,2.7879904193253298,2.767649791775048,2.500908527969964,2.6277501079898458,2.8885553306707936,2.8405678289278744,2.643573004725691,2.7078995817651843,0
Energy,Fossil Fuel Combustion,Residential,Natural Gas,DC,CO2,0.8109891703665868,0.8191128805641054,0.8900666499350012,0.8865489526979007,0.8535074266244399,0.8389196889312265,0.926039375070943,0.8567780108065297,0.7222390654607982,0.7679606098274508,0.8465776450888487,0.7066612600405694,0.776140677667723,0.8267605017990416,0.7789126096732945,0.7740836519839739,0.6221000166951913,0.728979596846573,0.7222951079867138,0.7398705010930715,0.7337418416014454,0.668560517756271,0.6155101698961227,0.7218962236667498,0.7870913178496332,0.7449920757117695,0.6277768147628874,0.6524141992495917,0.717307148035393,0.6591988269369307,0.6120753997696254,0.6275469930843964,0
Energy,Fossil Fuel Combustion,Residential,Natural Gas,DE,CO2,0.3460177938842889,0.34629985280270853,0.41100904453982307,0.4164471494654551,0.44221252666931204,0.46809209962096504,0.5382345101008461,0.4931596816446806,0.4371013966392058,0.5030237697021263,0.5263476629015252,0.5041804382597662,0.5265054093314454,0.5933659855828521,0.5721376368304827,0.5694744275660595,0.5024981242736247,0.5507161620802757,0.5418807545718453,0.5503506841380407,0.5517287737123413,0.5484820968606839,0.4678875961374859,0.5661130341803983,0.6328417671386946,0.6268023192370531,0.5368337256882301,0.5470720941475999,0.6655051521414943,0.6410915795885389,0.5959390103210594,0.6326665942895425,0
Energy,Fossil Fuel Combustion,Residential,Natural Gas,FL,CO2,0.7474728472188564,0.7551904342691893,0.842640479879194,0.8130457919983141,0.8319555525809897,0.8266420376297116,0.9654249772893677,0.7368460783234494,0.7892241246664664,0.7673757602907504,0.8955973422120707,0.8808926555561053,0.8334828509612467,0.8778587094913434,0.8744902499981193,0.8887646788578777,0.8580066395418205,0.8282507770172032,0.8548292456646762,0.8325069382321553,1.020825847892206,0.8845422792343958,0.777422226325171,0.8270777234118757,0.9083820157463485,0.8350489684529068,0.8329668292177941,0.8135659924827341,0.9277890599957196,0.8981300266419479,0.9380726532697395,1.0552712009864949,0
Energy,Fossil Fuel Combustion,Residential,Natural Gas,GA,CO2,4.923870413187827,5.28500132225318,5.907755441839425,6.300149612252211,5.77701974822469,6.250759562623278,6.897788420868338,6.241557198070323,5.8547171042494615,5.393535595591671,7.656257269637891,6.601800477468522,6.9097318818696145,7.1030226857100445,6.914104564687438,6.848937899070995,6.0364122751799,6.111707182184114,6.491675110105133,6.44229352010107,7.5220369879428715,6.124265125898163,5.261079418875636,6.542734833616255,7.236693710114598,6.382617018894338,6.293462567997946,6.028343071187144,7.214576443424883,6.6708577374115725,6.485615692449941,6.8621128936810605,0
Energy,Fossil Fuel Combustion,Residential,Natural Gas,HI,CO2,0,0,0,0,0,0,0,0,0,0,8.009754431899036e-4,0.0013832110789019653,0.0014362139878711891,0.0014341492803452696,0.0015407179374207448,0.0019122357422234999,0.001754941062655267,0.0015925857781384496,0.0014348122362890874,0.0016987770707453751,0.0015952065546810175,0.0015408292946778876,0.0017529848629129238,0.002015580933088647,0.0017486208084716505,0.0020094902666842164,0.0015852949867749683,0.0015825053345316748,0.0018481853784775289,0.0021116323438357676,0.0025839316437246186,0.0015306024221570646,0
Energy,Fossil Fuel Combustion,Residential,Natural Gas,IA,CO2,2.947316849259248,3.3491100362116435,3.0663949771813277,3.4808124938371687,3.2875920454428513,3.4837171192978484,3.787281291488695,3.512481918141034,2.882162214633743,3.298072873733495,3.4235292392822854,3.237245928891715,3.232226176259442,3.3500664856065243,3.1470492076937178,3.0970251375094766,2.8330066754476175,3.2231281839891994,3.6419785852531965,3.3353364312747007,3.2427358843555725,3.2104506655729885,2.6635276973126345,3.6021083354469243,3.8191468112301274,3.1494529424450493,3.100414248802031,3.0536022935123195,3.6311034104465376,3.709979655693655,3.305745038404263,3.1932588877705763,0
Energy,Fossil Fuel Combustion,Residential,Natural Gas,ID,CO2,0.4681604805733974,0.5625175273952626,0.5301606358260986,0.6917788445625342,0.6785913525977216,0.7118380254597008,0.816853143584016,0.8340551834038036,0.8818460963890424,0.9882893807444375,1.046714709160566,1.034907889149228,1.1175872550064327,1.0371555128896939,1.1438502480230563,1.2081611654687083,1.2494116765461465,1.2728476400808535,1.4984222454312366,1.3869983914801378,1.3025393254488735,1.4418442955059945,1.2906218251312849,1.4887186854999754,1.327680090214111,1.2865497025831658,1.3741336945365423,1.5887826056919838,1.5106011177744763,1.6805426008416955,1.6614680469149297,1.6591730256182577,0
Energy,Fossil Fuel Combustion,Residential,Natural Gas,IL,CO2,23.807671923019477,25.168717466749815,25.574961861330568,26.582776295405978,25.54024788957998,26.993559111501945,29.036530972432534,26.853285281072175,22.169984535817047,23.845857487330505,25.17102709078287,22.881024466770196,24.46707553182027,25.22185222703213,23.6143713140288,23.305532461327424,21.2180883280174,23.046361881634112,24.8189037925832,23.360839061921943,22.03400323073885,22.188898220165175,19.134414106982202,24.153926278081816,25.73731381778205,21.592660372718402,20.87125399155207,20.255171528982537,23.53231076059604,23.645161542526793,21.416258262775855,20.912251438174902,0
Energy,Fossil Fuel Combustion,Residential,Natural Gas,IN,CO2,7.551692184253763,7.858572278791754,8.167106210599174,8.75802100682257,8.446206044880046,8.60939736265502,9.600638643189352,9.018254852252522,7.517666315749925,8.072518650657841,8.692666094762748,7.893347222180176,8.319934438627136,9.016974575290824,7.886191326790451,7.960796747854949,6.835389078977862,7.683748603784578,8.17332819222988,7.482847562716072,7.408032892835001,7.068368427178555,6.180865264370705,7.742429821632021,8.410654134711248,7.169068051687171,6.817508247459524,6.764946554233822,7.931038706715829,7.899616598289605,7.391415566822547,7.270467064033792,0
Energy,Fossil Fuel Combustion,Residential,Natural Gas,KS,CO2,3.787752080733653,4.026474892116772,3.7622274812136123,4.447604608251874,3.940587221707487,4.043546128643554,4.5175073423227525,3.6935743580258444,3.7035519065574474,3.6056505618982557,3.798599340146678,3.750523640016567,3.8017116190056996,3.78440125099109,3.5021049999620915,3.4979572314623364,3.0942801736544454,3.4089298581053513,3.8717079666412597,3.8469337634863616,3.637602680190948,3.5502832231164287,2.7417214463492345,3.673343208950557,3.8596830208810604,3.193979016248947,2.9531931876968622,2.9697822609599585,3.68153246863071,3.751789976101603,3.3999267101530823,3.2867311943098922,0
Energy,Fossil Fuel Combustion,Residential,Natural Gas,KY,CO2,3.0991182039955816,3.3165095886012357,3.4905128282759015,3.7211704828685246,3.533230195034373,3.8542258085743044,3.9106930504615223,3.6816289464239444,3.049465627166442,3.2503810524225547,3.592107870892321,3.1424959699869297,3.2596206282503184,3.4079105065804507,3.1042810028791075,3.067597954143037,2.5927924699926526,2.80799415782111,3.0275069597639104,2.8511318793288076,2.9808561416287724,2.7679669977772146,2.359252021713688,2.9458245753125603,3.1314619369166397,2.668920362093484,2.4739056700285635,2.386154293584677,2.8557104362304218,2.700249859679988,2.544803535976788,2.5999657213061775,0
Energy,Fossil Fuel Combustion,Residential,Natural Gas,LA,CO2,2.9552896094869965,3.048461463804554,3.072949380458703,3.112553698101118,2.928713431741547,2.8887028062222604,3.138905104025004,3.175780583122134,2.7198481805204837,2.5012419640489196,2.825787965211101,2.6692781797241234,2.698380117656655,2.5942166982245545,2.3446539315259414,2.2825720643007843,1.845825737687929,2.039730778447122,2.0488055910329432,1.9940457603543054,2.4782597298006066,2.1317638952091795,1.7143660751754182,2.093764256651086,2.4195083253219405,1.9949479029121595,1.6948917135273442,1.5656252776300037,2.0401854366530805,1.9354694155512686,1.7259081381114905,1.9499347064342327,0
Energy,Fossil Fuel Combustion,Residential,Natural Gas,MA,CO2,5.870024445282177,5.699112236833746,6.625116229807155,6.69351093146184,6.518138142800323,5.761885810799316,6.221279660391486,6.0759141571906365,5.498772724666885,5.956373522456347,6.361720758354369,5.9301982982355055,6.014066284544612,6.868831419893662,6.16048098046974,6.392232262636616,5.577468597279446,6.210712931391721,7.149244243877028,7.270181908172136,6.9025651092084095,7.062948958624861,6.3330562229236,6.4012728770755345,6.8833663297846295,6.892868902663707,6.1009020702710135,6.582483689162318,7.089533501246746,7.355501734091725,6.534235793991044,6.676910000600055,0
Energy,Fossil Fuel Combustion,Residential,Natural Gas,MD,CO2,3.626277110254318,3.7787221440187255,4.108012219968819,4.182037953998639,4.181489280459832,4.157393440712147,4.650261238749007,4.249911994365021,3.7436792478882603,4.102772668093676,4.630278841992194,3.8974632169368446,4.415506922933316,4.994982593522536,4.75497432410885,4.765078998982936,3.9329824615070588,4.589301350668966,4.462478619634807,4.543803969976191,4.570000911402001,4.248172629516224,3.8757964111470526,4.609580552370234,5.034014365043142,4.607549656215679,4.210067896378284,4.175282074628371,4.756912332421992,4.514722741929466,4.238649828386554,4.209526116689,0
Energy,Fossil Fuel Combustion,Residential,Natural Gas,ME,CO2,0.03460177938842889,0.038673080008424295,0.04710644306666713,0.04850677897431195,0.04821234045275531,0.048472805138448975,0.051594077299607737,0.05404635115882063,0.0488852928117436,0.0515730955090437,0.06381104364079565,0.05969087809723096,0.058459228617423586,0.0672456662561893,0.06577271746644421,0.06395366204547483,0.05520087342533839,0.06651699933358259,0.06238776168160697,0.07118937662092337,0.06816849343670216,0.07794470949284348,0.08127475273505375,0.103272002019042,0.1289740317521211,0.14711584005040765,0.13961164516864885,0.15017975624705596,0.16855450651715065,0.17157012793665607,0.1624185604626903,0.16139938644676904,0
Energy,Fossil Fuel Combustion,Residential,Natural Gas,MI,CO2,17.766286284575557,18.274894708664085,19.436576684657965,20.018068375509404,19.77360496959843,20.53769367713604,21.447530540663482,20.491796150518773,17.306508303727536,18.981504386173388,20.07660967864357,18.76432229382739,19.97278961199668,21.092830215638077,19.717630009268042,19.33344700111267,17.09488089132495,17.821406460717487,18.599789866179055,17.74170920616393,16.446739099416757,17.12934613688943,14.950836050510377,18.09901507187651,19.144377507731758,17.051265251334883,16.20826731745218,16.50041387191705,18.083701848954703,18.545675013780603,17.01213134259322,16.54069258231272,0
Energy,Fossil Fuel Combustion,Residential,Natural Gas,MN,CO2,5.705838736325409,6.313886364075102,6.116590453579549,6.619158636775831,6.570554429054146,6.927571734369998,7.67557444419257,6.962210607333418,5.971436712168054,6.44291516885146,7.032617789570232,6.71937341917519,7.2429335270557305,7.386718660018343,7.108447537621406,6.912891561116469,6.33395455534827,6.976056570172456,7.586755693557326,7.290036365186472,6.6049527396567544,6.716899951858064,5.905221674866003,7.587707464215716,8.021506522062284,6.456069176273928,6.430643427520207,6.736303207678797,7.80858322406756,8.01385590809112,7.213177016704401,7.262127919802729,0
Energy,Fossil Fuel Combustion,Residential,Natural Gas,MO,CO2,6.230074297167304,6.484452758272037,6.228015309294934,7.1482752520645505,6.5523550687507885,6.695731409793338,7.3433446810050755,6.824758737834216,5.941500441651416,6.029532882683609,6.236928784305382,6.219342614152128,6.147793764748617,6.143098767398945,5.924538623225412,5.78796576809399,5.175108473641575,5.497181416593091,6.097739439452873,5.674977151958768,5.7402444399159975,5.492790775303449,4.450987929196179,5.725788056473326,6.198860766032,5.094745283240986,4.717573664811177,4.607569781844607,6.149757638939186,5.964569509207104,5.38786661025779,5.46593958770448,0
Energy,Fossil Fuel Combustion,Residential,Natural Gas,MS,CO2,1.3746633184684123,1.413591631106826,1.4858246063663798,1.5391614921367562,1.4860150189218457,1.4631665051056597,1.6477194933481722,1.5192970836070432,1.3874187500609836,1.3605195267844528,1.50572703647126,1.5179677582426836,1.4580231632425666,1.4632040824322645,1.3190139390463733,1.3366527838142264,1.1702266085978528,1.214187397252754,1.301799827865695,1.271853158153678,1.4720034351078204,1.312574030886984,1.0558280950077963,1.352720014119994,1.5394221735672238,1.2610080236671535,1.0956502085264064,1.0072118952515934,1.3230895098037991,1.2572658975198157,1.1164694032844413,1.1549186966083063,0
Energy,Fossil Fuel Combustion,Residential,Natural Gas,MT,CO2,0.9195250129336711,1.0090158147652524,0.9085042396420906,1.0996285124154745,1.019483464010912,1.0751183139698968,1.2122484952350219,1.1495733218486672,1.0440008950208306,1.0712316786765077,1.099952876951255,1.095449974064245,1.179131684042246,1.110722059307405,1.085143581786852,1.0957641979535715,1.0519542169813285,1.0643250755299258,1.1653863830303586,1.1680684964878276,1.1232381087027272,1.1719335087141434,1.0382982463786672,1.1416144321807093,1.1616141019186519,1.0329837597213023,1.0435996897939614,1.1800214777824523,1.245835360983438,1.3263162751632454,1.2320080610681277,1.178827762030277,0
Energy,Fossil Fuel Combustion,Residential,Natural Gas,NC,CO2,1.9201595732509713,2.087707095991963,2.3465829489635226,2.58752354012205,2.6160250073481803,2.711553837443258,3.2346089325961893,2.910061538377638,2.8060476544903765,2.9102644627613663,3.516976374321108,3.150901637312565,3.2481309163473493,3.6214925160718696,3.4549271541541735,3.516867118246547,3.1094896628641244,3.2019467931399577,3.497221972969808,3.5753417793009454,4.032097261163563,3.3196370173165426,3.0448284653729054,3.7468588714047906,4.0826586682158705,3.532049312957163,3.5286024247299506,3.274731038924213,3.9822586323572673,3.699738238826052,3.4884659189247893,3.932592637066306,0
Energy,Fossil Fuel Combustion,Residential,Natural Gas,ND,CO2,0.3911436167733459,0.460401419439134,0.4154319345562635,0.47625802463399936,0.4745669449863929,0.5032242533452136,0.5822381007195444,0.5551165498198709,0.48147501747592414,0.5055758404077284,0.5241049316605935,0.5025312250503063,0.547250722489585,0.5456672428513687,0.5286256371495314,0.4952690572358864,0.4480417712991098,0.5164224816576946,0.5634029381161816,0.5547038003818257,0.5183889567195081,0.5597992223698697,0.4816458712736812,0.6265274205695552,0.65726946994795,0.5581623622329449,0.5350370580365518,0.573288932523008,0.664871488583159,0.7153682472829621,0.6321140533332041,0.58885969737953,0
Energy,Fossil Fuel Combustion,Residential,Natural Gas,NE,CO2,2.1224019243615273,2.301953828490424,2.1307139434623137,2.4802673034622202,2.309775537915943,2.3449782485837374,2.6119767034558614,2.4926092209298907,2.1700080629994716,2.154851533903126,2.274076079941895,2.5242006177177516,2.3505503670385175,2.2573509672634544,2.069821728412924,2.0360530065324713,1.932402830112255,2.0856503350501137,2.2757716303363025,2.156969098795479,2.1423624029366066,2.1334641206377896,1.6932240153136198,2.266149468033668,2.3221154451410038,1.9369370917923545,1.8482954250809356,1.8972656455700252,2.3638290990727597,2.3492437733258873,2.081014172577645,2.036492912376908,0
Energy,Fossil Fuel Combustion,Residential,Natural Gas,NH,CO2,0.3135952356247779,0.29814494326053836,0.3446656942932161,0.34480146936116496,0.3511625106487112,0.3477604868649908,0.3763395144590729,0.3705732132500668,0.3345006680777504,0.35266427063039885,0.4078566956722989,0.3833090701341792,0.3856500522987452,0.4381591634654862,0.3921392791759489,0.4217542164792941,0.3635387001306486,0.4022340813651678,0.38245717276194663,0.39597431783405473,0.36982205292688264,0.38324143801764143,0.3521374744318113,0.39272003233127223,0.4235901437249204,0.42712244431601093,0.3734954988841825,0.39858034359071115,0.44308924316585563,0.43768859406855865,0.40309333642104045,0.40529296550841715,0
Energy,Fossil Fuel Combustion,Residential,Natural Gas,NJ,CO2,9.136304855386221,9.35574250842918,10.596178722760888,10.53504615690557,11.89317552923681,10.57972122152283,12.1373474437534,11.812260080577916,10.680826076687001,11.483786493812731,11.996369407743824,11.615940638488146,11.529181191080639,13.438509923235305,12.82376729058603,12.757215165946548,10.864095598447934,12.524306904051185,12.095945422662435,12.336731434886756,11.94767170614624,11.638893171550324,10.446939850906281,12.563062914338037,13.70802139121209,13.127841268279564,11.884163868358549,12.174899290863806,13.597522271831405,13.131766429037274,12.263603247611297,12.743056855365575,0
Energy,Fossil Fuel Combustion,Residential,Natural Gas,NM,CO2,1.5803605323443257,1.6526615802498128,1.746881692999414,1.761475383956661,1.6421463731032853,1.5600589653769232,1.8501678583900487,1.9879288534291546,1.8640636245989395,1.843179898981462,1.856233890411162,1.799504413225345,1.7324996142579494,1.717898371293582,1.8710159862809088,1.8091343651219494,1.6531544810212615,1.8232983711981063,1.8571253045035085,1.7687985381301607,1.9132907416844125,1.8628094852209218,1.7661056890080604,1.969010405213599,1.774267246995901,1.8192232672229056,1.7969318675094264,1.646913301647114,1.8818223523658202,2.3076974069609184,1.9788170394033937,1.9361065052409518,0
Energy,Fossil Fuel Combustion,Residential,Natural Gas,NV,CO2,0.9381281201317512,1.0562651563182446,1.0005856125144896,1.128392926205493,1.1627901227739033,1.1360282204267635,1.2479184746026522,1.3760583258206993,1.6701678866605036,1.5609634134536228,1.6467521128355622,1.7752450189184488,1.7567556727197737,1.8064438101948992,2.0036239853085704,2.0174618257052988,2.0929533473291118,2.0954712806819678,2.123309544932102,2.1173663583337277,2.1718737241982056,2.209124152210938,2.0404212596772218,2.28688873500308,1.9236948433562056,2.0359838094107636,2.149554315734405,2.2436760632990085,2.2893208256718514,2.634736466212483,2.5161693547004114,2.452500094840425,0
Energy,Fossil Fuel Combustion,Residential,Natural Gas,NY,CO2,18.482771670375897,18.528666820454905,20.745592266029767,20.951478910082926,21.059959170221447,20.526479025947207,21.95986185146164,20.468648597370205,18.54286566036591,20.26344140248117,22.046048098358906,20.665333120073697,20.150295022275433,22.363274011463933,21.435955535130084,22.143902365586154,19.372422130426077,21.757482211386662,21.401659316488026,21.958126982537415,21.251288547908697,21.482560818666972,19.61457259716008,22.850800163236503,25.096470785731864,24.69520758183322,22.488096348563857,23.55997016926285,26.487876012560776,25.80947911334126,23.826802819876665,24.271501519658717,0
Energy,Fossil Fuel Combustion,Residential,Natural Gas,OH,CO2,17.024394369516124,17.87335520852152,18.78039032727907,19.484228452421217,18.913924660531915,19.71897099034583,20.61140923858177,19.639902485789467,16.349662295565423,17.522995977921745,19.109138139995927,17.08366763253539,17.746125999689724,18.85529175509939,17.807033510456844,17.873614364903545,15.038568586182796,16.482785027999512,16.934132283429236,16.15574155027274,15.597557476808232,15.673368717508117,13.771236600030246,16.355802772772346,17.99945478625761,16.139379720842708,14.522517471681901,14.637805093173267,16.960269165323005,16.331100593182846,15.345759098885104,15.41981659474894,0
Energy,Fossil Fuel Combustion,Residential,Natural Gas,OK,CO2,3.5610599315913345,3.7347754621909717,3.581208717528693,4.246147569973441,3.778336199587785,3.704874292742022,4.159374379832574,3.832247314044351,3.554348260418674,3.343318960618233,3.5993700482439093,3.52878426398336,3.678250409159439,3.594615496225399,3.2557495145889885,3.2478792905071083,2.897939494765862,3.270958843525957,3.6418191616713864,3.4151258668162723,3.5859179878192826,3.3576264292370492,2.6903005570371223,3.6305916765276773,3.7988522121499866,3.2861511619023838,2.801216241631369,2.8088414684380876,3.673136426482769,3.698524050228346,3.300840841611071,3.4645449722494495,0
Energy,Fossil Fuel Combustion,Residential,Natural Gas,OR,CO2,1.2710174355076804,1.4452865107280555,1.2784816539089117,1.6443479647046846,1.606226583030868,1.5581455651740899,1.8410380422423813,1.8137912976325619,1.9180975313115944,2.1739920641951422,2.1309684674252987,2.0948731789970263,2.119373108101918,1.995167232160334,2.0645620361437977,2.190625395695538,2.2607895289575977,2.351134384265793,2.453794630024022,2.4400809149918885,2.1877194426413706,2.5312106068432607,2.3534618595907326,2.4747620946083426,2.2444872789467327,2.064486842403995,2.2300873010625732,2.700281602489214,2.4039083191374577,2.6647744363035466,2.5324639440455323,2.578853963759184,0
Energy,Fossil Fuel Combustion,Residential,Natural Gas,PA,CO2,13.25487333383659,13.378328785063013,14.71271699577345,14.802315934791238,14.79251455487469,14.421988278829422,15.28660321143419,14.424323417526812,11.985973161321054,13.297883420378268,14.518267289808675,13.40028293027168,13.197370334548356,14.638096121284105,13.678387592011894,13.544312644509542,11.366274642528348,12.750347912161637,12.65562847720305,12.56659720727199,12.3284475107486,12.12037576011484,10.942397118069579,12.915100036783018,14.187302458261364,13.064436562233396,11.877241413582967,12.036904825692641,13.86973357543288,12.983318675265618,12.131453600689378,12.414821804903685,0
Energy,Fossil Fuel Combustion,Residential,Natural Gas,RI,CO2,0.9659796291940194,0.9489287152480309,1.0820627069137363,1.075162839431713,0.9563710624910801,0.9479303504871024,1.0993466408973003,0.998689500637107,0.8973980950794235,0.9094410295692706,1.0428700270332545,0.9822926677248418,0.9614654752137682,1.099673798184745,1.0622984537492342,1.0348382424999507,0.9124629925163354,0.9630897062329251,0.9630247165196606,0.9737708690213254,0.9216040001910468,0.917431014869072,0.8692680089911239,0.9965986882053314,1.074977889135284,1.08967253777092,0.9370150235164579,1.0013566255138262,1.1160927474143159,1.081102969235317,0.9924406843856594,1.0096170252911203,0
Energy,Fossil Fuel Combustion,Residential,Natural Gas,SC,CO2,1.0052056095145423,1.0726719175339399,1.2253003980485793,1.329266184868262,1.2873652761954266,1.3731835455668504,1.6058921961135106,1.4091338432784057,1.395911309072796,1.4041174013384898,1.5951692942941325,1.5178613573904605,1.5175994471838898,1.6054504443865105,1.6123878856131786,1.5722296037242602,1.3751824527031073,1.3842224721653358,1.4880597126135933,1.4870138915202717,1.7635008461998654,1.4573057204974174,1.2366511396549353,1.5465870749210204,1.7300748301999813,1.5481536065117665,1.5023312158004116,1.3906529378086179,1.733122637343171,1.644328106144912,1.5830008982238635,1.8074831223858907,0
Energy,Fossil Fuel Combustion,Residential,Natural Gas,SD,CO2,0.5507582765328728,0.6083286139066193,0.5833951795179545,0.6680561638168915,0.6465562213035068,0.6787255719495541,0.756076169810301,0.712902164401418,0.6235130669484821,0.6286069156736327,0.675275696971968,0.6529820300939508,0.6857123895424999,0.7009802982487602,0.6541675849469528,0.653028505969325,0.6140166518005367,0.6599675464605737,0.72298594350789,0.7232543378698435,0.6847690003727382,0.692151145578236,0.5807691971583938,0.7612530934654806,0.7840709728168185,0.6548294203250171,0.6506050625724469,0.6756242774893897,0.8044358873064765,0.8471868963469097,0.7493929099789909,0.7094078329728657,0
Energy,Fossil Fuel Combustion,Residential,Natural Gas,TN,CO2,2.549263506955186,2.715851668250007,2.8688036978926377,3.2363680474961614,3.1475314714123304,3.2873278484792423,3.856710358472118,3.5102521079753464,3.2472360951540167,3.306951953063402,3.789254626642795,3.754300870270492,3.806179840301299,3.827053912921359,3.585675666015982,3.6447213246779904,3.3692741201693055,3.348093081380463,3.813040088535217,3.6078308907789505,4.043529574805444,3.623392916546663,2.9018805179153704,3.8505552062518515,4.271138795965375,3.686039724972542,3.234054616187161,3.107512975242032,4.116014448462513,3.8015189177989357,3.6069049081453097,3.940562325540296,0
Energy,Fossil Fuel Combustion,Residential,Natural Gas,TX,CO2,11.664201364931044,12.30618955458153,12.012729148146876,12.650928838444788,11.843366753669724,11.435223712211947,12.618467522604885,12.851086164197408,11.113415801351183,9.705099548287425,10.681007534937363,11.348023292590058,11.538383599225147,11.297165697759779,10.488729564117783,10.108290604031444,9.071822153187092,10.8852707073837,10.515313750211227,10.45305309734744,12.437878680399717,10.921769964989375,9.287101320698985,11.258080343370143,12.848388804065559,11.57291885244844,9.543422977219084,8.904968518121006,12.32612914732845,12.357325266935508,11.027587455830453,11.387312565091488,0
Energy,Fossil Fuel Combustion,Residential,Natural Gas,UT,CO2,2.512269899498433,2.8924906948449585,2.570178690035621,2.9715443854810446,2.7825331897727623,2.7691684435508006,3.0074782157597473,3.215810984668058,3.1570557341473373,3.114111110371339,3.1231634480860717,3.0803578722885647,3.349676564600909,3.095956479785348,3.3970174109890485,3.2487822907187134,3.3740071430352545,3.3945434999095006,3.724560000630724,3.621633454478757,3.6791312241644767,3.8694474152933283,3.3206314171378724,3.924442159930601,3.4585600051195335,3.241096274870411,3.530451935547854,3.6709903746909434,3.710364160534959,4.198347426014273,4.081240931314757,3.9596156867264583,0
Energy,Fossil Fuel Combustion,Residential,Natural Gas,VA,CO2,2.849677112336753,3.0057399621974517,3.453371209704106,3.6282433822295523,3.58745577441777,3.7579711483706517,4.192390342878208,4.08936566243548,3.4987219988913045,3.8148671916179326,4.394845460057241,3.875757443083306,4.155339418685984,4.694661110890234,4.528966941150648,4.722372400739944,3.9466497297828886,4.456001921038778,4.393395067517185,4.63739596921757,4.805081184010161,4.322716888151847,3.872343562174649,4.711844763922731,5.1586433390287585,4.734200424339591,4.282832936271254,4.280202178307821,4.971671473401082,4.5661937803104635,4.203793117845696,4.552381059252183,0
Energy,Fossil Fuel Combustion,Residential,Natural Gas,VT,CO2,0.11225646400670017,0.11585943390953563,0.13369916929215817,0.1339508863579468,0.12904517174164637,0.12166036289683078,0.13583255535976976,0.14122131049357847,0.13184697865838335,0.13797132252161692,0.15352029327806485,0.14449235731914375,0.14739810964411354,0.16641443316006405,0.1657599987845767,0.1646116268097396,0.15294577261201658,0.1703535920682095,0.16420628926419553,0.1697715335076159,0.16483801065037182,0.17209469260212684,0.16185893567562665,0.18378915613558328,0.2060723128529166,0.20771783598777901,0.19034108474544786,0.19058639245543138,0.22283835134786206,0.22631419645059836,0.20898206334858496,0.2048368275997092,0
Energy,Fossil Fuel Combustion,Residential,Natural Gas,WA,CO2,2.2062222102225904,2.5362828628665377,2.3672586275945937,2.934447844449268,2.9494670882278324,2.922612509816921,3.4559008135242397,3.441765081457784,3.4408664406233336,4.017012458757505,3.9954791040827566,4.647270022553933,4.017090524075717,3.8766117380532896,3.8735242792899682,4.026424825889603,4.134853863744616,4.3630479977880965,4.6261534969596365,4.601668563948455,4.149025901621682,4.669456611499017,4.368491399132428,4.5684202680524235,4.358251905332872,4.044099161701985,4.350525032206544,5.185131478770849,4.795037756515157,5.153333153514,4.986935339089662,5.132373818461976,0
Energy,Fossil Fuel Combustion,Residential,Natural Gas,WI,CO2,6.09777962912153,6.655392033405692,6.63497447863898,6.982057274222599,6.902187216804226,7.307700574666257,7.951485981027302,7.2882407079879545,6.220640240670917,6.864113171555216,7.285245444352327,6.721554636645765,7.364213819364853,7.617085527753805,7.235583331560988,7.063586361135583,6.481848224901127,7.057066100087099,7.574905207309458,7.167936763226649,6.638717945064169,6.976237461765747,6.096668870197464,7.7905915976121385,8.26482975698658,7.022375262219225,6.932600663499389,7.188108480687591,7.99931595512644,8.399915091352893,7.65223446294218,7.326360442139458,0
Energy,Fossil Fuel Combustion,Residential,Natural Gas,WV,CO2,1.8558991258153172,1.8627533537391043,2.0030362991322974,1.9901577806747244,1.9932556692481853,1.9954106615271818,2.105908871177611,2.041231934532746,1.674042616709643,1.761779477100693,1.802568535717438,1.8143473321104855,1.7400530359719384,1.823972301399119,1.7048840900631619,1.6895133959139683,1.5527505802244994,1.5141243854688287,1.5697908688881346,1.5037893150938824,1.5465527547632467,1.444182105470333,1.2939153118434243,1.5141786551810952,1.6351724099583835,1.4422323169283853,1.3473950524262714,1.2794028127910413,1.5138222408626802,1.3665956621219126,1.3137446742879881,1.3667224041985235,0
Energy,Fossil Fuel Combustion,Residential,Natural Gas,WY,CO2,0.6708811972976182,0.6771517810841458,0.6142488339699909,0.7096106582773798,0.6498555205397879,0.6865917727834252,0.7622334876773323,0.7378017112516014,0.7194259052881354,0.6765114095433733,0.6804019398083834,0.6164865377813836,0.7402885210816051,0.675006261282507,0.6715936361012288,0.6457513866169745,0.6464564714435583,0.6811489373098149,0.7286189100651731,0.6929417845137307,0.7081121896229038,0.7298217652308782,0.6318713619499767,0.7540924769926658,0.7314003945252784,0.6490124748161944,0.6812012558172037,0.7019466162204331,0.7371091342333665,0.7972995822237898,0.7351549192890797,0.7160052572063011,0
Energy,Fossil Fuel Combustion,Residential,Petroleum,AK,CO2,1.7558058321724652,3.9060133458464597,1.0427042215976228,0.9598416897584869,4.990190326439113,0.9076050772400811,0.8967799047597104,0.7870998239474912,0.9936780010311019,7.697277737370685,6.209383078719159,7.321087297064836,0.5721858024230716,6.805056438401732,8.893823288869973,13.51775803365536,115.0725454768714,67.49558200383531,58.417211030347,6.245718339477341,6.701068475880277,10.991428413344492,3.5179172698374805,2.44205813695365,2.8794689055399085,3.28749971036361,4.8283153568228165,0.43571414463924113,0.4035725328255383,0.4160901218253467,0.4359372469299404,0.3901215027725347,0
Energy,Fossil Fuel Combustion,Residential,Petroleum,AL,CO2,15.745693882415976,25.26051267052486,12.594000030556295,17.939116256297247,12.082633154673601,27.52778653076046,26.429766627735386,23.806015449344486,16.692249684155115,18.229614681996225,19.18340261270993,16.119917625664936,9.091063552953601,20.499474856983486,27.748906492542897,31.18945245391096,20.793163384976353,13.25286368983257,3.3705213373082197,4.797692869322491,6.3456645342288835,5.128722242253952,1.1048976369779904,1.10401670797147,1.6174779001265946,1.2522412999827477,0.884015405881769,0.29747021627645914,0.9559760550520013,0.8066746299069045,0.4400662781931422,0.8121749881814946,0
Energy,Fossil Fuel Combustion,Residential,Petroleum,AR,CO2,8.198737319899964,5.783157637161849,3.0783393654989433,4.099497379715007,2.708793056652019,5.783710908323805,4.904849503259745,7.832849055955884,6.22233948856216,14.860262604983689,10.321698557398635,10.028980525205522,8.128688839023743,6.735986975733535,4.46757208675101,5.637138165804002,3.8075658901996787,2.563317445918974,0.9521729082788352,1.904861632476991,2.273212345079992,0.8827257636591384,0.36766047934123447,0.5140275561063057,1.173388300370305,0.6620053977790783,0.5169729995234147,0.14910031019369765,0.22231834891870386,0.293060040133091,0.22064455178511239,0.3678925285409287,0
Energy,Fossil Fuel Combustion,Residential,Petroleum,AZ,CO2,0.07719046033913156,0.2949530104472385,0.8076798693440411,0.4422960168604503,0.7341262063497465,0.8074155278044327,1.1749736639769663,0.9544086497685569,1.0997033214729242,0.8065381340645523,0.5870885934541819,0.368633107441819,0.22323325940680674,0.9553650304568304,0.4412651006138118,1.684918769677789,0.6602509437283279,0.14731152686899676,0.07393583764788916,0.14773921384132113,0.0011517458024356236,0.0013360850071353564,0.0014536681722177405,8.077694694618826e-4,8.364513132180234e-4,3.906057716695821e-4,3.648785884826203e-4,3.932945212733317e-4,3.1548822140833204e-4,0.1465300200665455,0.001467390452499098,0.07368477952023372,0
Energy,Fossil Fuel Combustion,Residential,Petroleum,CA,CO2,36.75920163106411,33.17257767575468,13.635975662800643,28.052742812874072,28.050976355960422,33.66542268619327,42.95373687827287,55.9874772370088,98.44646783970515,77.58318816597026,116.55389776293684,145.4233731612803,89.87484107868006,81.22847448862285,114.76582907196418,126.0411561873598,119.01666914183332,63.28498201099498,33.577713553030364,71.38324399047605,59.799834019586264,45.79768748273343,19.715709858198764,18.849931283189523,24.48722281248105,18.182865477214563,34.65110896722469,21.032040895686173,21.038233108453632,30.628698378202685,30.404942050690348,25.86624309253544,0
Energy,Fossil Fuel Combustion,Residential,Petroleum,CO,CO2,9.308221643499243,9.964832104801573,15.306471440091329,14.432074851270192,16.47862469956228,8.28490924635469,8.581993911996062,7.925687780382395,10.035603562486738,6.8113404779299644,12.101432144282812,7.415958108097993,3.742786603169502,14.644834603071798,18.74637072696266,14.936584084048148,6.66530382915848,2.6383353494423747,1.61337425187911,2.932708748690272,2.4932493999704977,0.7382522307486058,0.3710964222937491,0.7372676689334763,0.37744008497163334,0.3841066511116777,0.6627074889209246,0.2296622529728674,0.15612047069577145,0.671917162724374,0.38514580084232947,0.44553842287386025,0
Energy,Fossil Fuel Combustion,Residential,Petroleum,CT,CO2,86.91579193469498,78.07609242284859,87.57856230608647,93.15878422239035,72.63355473848091,55.366225756563544,56.67419110133985,64.51286976706497,56.564803056089275,77.99255625604137,87.84120964784391,72.08051427115709,43.23781054347643,118.24051896981632,151.88263150360743,140.97353562791622,101.77741477074626,58.92414931287946,24.811941788840443,24.22430313642367,22.45216188839945,17.277959961335775,9.315359579287474,9.074480713584142,10.999659866507724,8.183331254054563,8.245326976997072,6.044813572485418,6.671054725802205,8.05211316925322,7.230464128307078,6.5314818343725545,0
Energy,Fossil Fuel Combustion,Residential,Petroleum,DC,CO2,1.4658209977233128,1.7660069921965256,1.544965591697488,2.118137557285234,1.8869869705847904,2.7421866642648793,2.6797307832593353,2.5153011981302718,2.3575837526360335,2.272316713216317,1.3257388327071016,0.15318062472407626,0.13503162757205758,0.14344797653521366,0.15949500743435369,0.13735477823508868,0.07615290813544706,0.082776205402562,0.05096022648110291,0.0714994016384252,0.08738871275980294,0.015290750637215748,0.07010645139650104,0.05533220865813896,0.056042237985607576,0.0699184331288552,0.006567814592687167,0.005112828776553313,0.04296949575581482,0.0032279580488428178,0.002445650754165163,0.02811425391451402,0
Energy,Fossil Fuel Combustion,Residential,Petroleum,DE,CO2,60.4375998435119,69.17058822449611,60.15525250730884,44.32088207125171,40.32506923673183,50.19569261099318,75.23701328945641,50.63906506299987,68.30648656565572,52.08688139842653,54.88690092754463,47.325786422667704,27.53773292510694,36.73921202364834,53.17628959709147,55.84247510317104,45.24013015958623,20.388300773165348,10.52662885434468,22.20208035482169,16.78264722095066,10.520147591424799,4.530333632304549,4.778916434685046,7.800273930657267,5.746394377092146,5.834400756644293,2.9539771721505783,3.5245813971512754,3.6700168422695882,3.3312966680312432,4.068682852716766,0
Energy,Fossil Fuel Combustion,Residential,Petroleum,FL,CO2,64.02229525170287,81.15278235106771,113.82957363853505,90.61047726050032,51.786654855168905,87.4885188890939,109.44631629339553,83.8720240148868,69.50933609353305,66.86998073756506,41.18380296630962,37.89411750869643,26.38850332394315,40.08672795539028,39.28862385914998,34.004244430595634,22.434751353151455,8.292121312743014,5.866109148079106,7.335638604360993,12.755814581735928,4.550085841163413,1.5424560417569273,1.3950734077404254,3.154783655904842,1.39610579594329,2.4199743823242255,0.7349387838257189,1.3944291837498057,1.3219348453526771,1.2469359765723753,1.3948903453948558,0
Energy,Fossil Fuel Combustion,Residential,Petroleum,GA,CO2,46.24247313935555,47.08453009846832,45.250046805305374,56.68306623729925,33.28169185059394,52.25452387899562,59.79133586254014,56.17623370960492,71.18716860405019,99.94032056108294,82.15906602511694,75.20261260086016,33.54749526503093,27.61235830836514,38.59388483286461,28.125753274689806,26.072587047250785,16.262237063294187,6.96560314097145,13.91950455278505,14.50272197590666,7.184234239565907,2.1266161074902894,1.985399130217866,4.177586266232662,2.4932852345109673,3.0060746210144482,1.5406633323303844,6.814321811657653,4.321622899241887,1.687124537303226,3.590845234984371,0
Energy,Fossil Fuel Combustion,Residential,Petroleum,HI,CO2,1.450452218521509e-4,1.4800989616888603e-4,1.406277270782622e-4,7.378887118244534e-4,6.590746774288801e-4,6.460716718415263e-4,6.689636010371004e-5,1.9902372657075378e-4,1.290438769202539e-4,1.2564285184579112e-4,1.2824865640022955e-4,1.381328289911552e-4,1.3193124335325607e-4,0.00013609864946414959,1.4171035756050973e-4,6.733077364465132e-5,0.0013637184303237455,0.0013272134199566903,0.0018353022742293966,0.001124867675727437,7.198411265222648e-5,7.422694484085313e-5,0,0,0,1.302019238898607e-4,0,5.6184931610475974e-5,0,0,0,4.830627820363233e-5,0
Energy,Fossil Fuel Combustion,Residential,Petroleum,IA,CO2,10.419604588635519,14.36287539447484,8.661408094080596,14.010574669982345,8.172534409604939,10.46861359429423,12.599256514284377,11.992035696427875,10.674380218573097,10.00528417750158,11.01353044486994,15.39261433972289,9.446116247793169,8.352587896546796,11.552037850656651,9.238889221164682,6.3957603807493415,4.191851810046561,2.663124064404475,6.076500822211266,6.228270698151335,4.646655096401362,0.7808472028032882,0.8549640206145325,1.664458582219007,1.1488045013900066,2.3803414957264293,2.0311704753199336,1.0823690859196435,2.030119066155226,3.6998276616650543,1.577765018914993,0
Energy,Fossil Fuel Combustion,Residential,Petroleum,ID,CO2,2.3489752862752282,0.9031797892186075,0.8518270060586915,0.8711261572732671,1.1210704171635315,6.387604877905394,5.349377314927749,1.705013053001291,5.8495529462224924,2.735886971365561,4.24710271384032,2.2697540490398187,1.2325296536716055,1.6651687819984462,2.8792245001737187,2.3954310886941963,1.473166576998688,0.9786601407340452,0.5929817870060524,0.8014777463581433,0.7239610725940416,0.5172228194569211,0.2738534033687179,0.19722559593003824,0.12408583829229383,0.11961870260493276,0.11814259621964016,0.10977810721661727,0.2517849487982421,0.9032315725279058,0.3238054902618331,0.32662126169533223,0
Energy,Fossil Fuel Combustion,Residential,Petroleum,IL,CO2,42.606669008445046,48.914212058634824,25.514181089276654,33.743778540231084,30.221520200394554,35.05696059410238,40.0389961844115,45.512053203272025,50.0804236478472,216.13070169128451,50.58968884731369,49.90563091293601,59.24831031935881,44.094604513636455,41.70384706337962,48.61575704132874,28.111118475088958,21.65702517518199,9.880790361840821,13.150492346977355,14.176520606512353,10.00256758636879,2.9530453317596375,4.202385324447342,6.914977060128089,4.638464649865803,7.346078053602007,4.635530565509278,3.4713985323932945,5.95288416156202,3.7521802057239935,4.779559575505244,0
Energy,Fossil Fuel Combustion,Residential,Petroleum,IN,CO2,116.35610959100039,131.93742238364624,77.7791272084267,106.01824144112084,114.83305784414557,89.64146483649812,120.10187147462992,126.10221844154043,124.98522850280334,551.738164241677,149.54919664796657,148.76615960197282,118.10505764046182,86.03799205082123,106.85426280946669,109.27609246027833,72.35906520686612,53.7763121582679,29.489482917343793,53.780312596509795,43.735767440268084,26.690837833821345,7.70363457405811,9.671952006833882,17.212219509575082,11.939077799589969,17.550428593486217,8.251630850118401,7.612402212602532,10.841667778211466,9.287981488922833,10.451403653713301,0
Energy,Fossil Fuel Combustion,Residential,Petroleum,KS,CO2,4.623601862698313,4.10936081027854,5.501871170575841,8.136056403865375,3.1571644950974647,5.275886000026498,7.985743656833993,4.844979600612221,7.397631838496307,143.62679395441714,8.204940583169922,5.947227257148344,3.9666795187930752,4.545787715514571,4.324215425962166,3.9543066501091975,1.9044648043150012,0.9525304109891682,0.5868984454975398,1.0997833568162851,1.0259037960245472,0.44232783211250026,0.1493768456468402,0.14754777355813248,0.3664268093475961,0.14777055367723835,3.8801774919091065,0.07426923043879645,0.22017302901312721,0.2207444295259485,0.14738169377806087,0.8060883971278369,0
Energy,Fossil Fuel Combustion,Residential,Petroleum,KY,CO2,133.68972648063337,157.10046147109188,151.91315986051117,164.71647463989473,162.28058075455434,172.51537723015505,182.16415156262033,201.77828045536177,253.8635811763723,358.8065015423643,131.30100811702954,112.69440995709517,70.50239672132119,75.88859864226644,86.04700299158301,104.23773702660002,66.4268383037552,41.45809184355093,24.89705292545213,47.34545133806224,46.163871218288314,38.985905621934556,8.375522739771077,8.605729787189198,18.487330802440717,11.021857025412421,12.550150195900951,6.324900913512088,7.41993749880052,10.865564018085967,9.686104856682043,9.399866247531927,0
Energy,Fossil Fuel Combustion,Residential,Petroleum,LA,CO2,5.346408658492676,5.637124228425876,3.879690987124463,3.074472103004291,2.12706786334327,3.733804410985541,6.954430675569169,38.211362478581236,28.54905665952775,25.91466415384034,10.76116535514062,11.054080825198268,5.420291285332117,3.9545939369809617,4.027794944891584,3.149559081404539,3.442849250284788,2.490953969235486,1.1190093737416504,0.8887553226291146,0.8798602831114134,0.3663797184151913,0.07366424752026669,0.14721120294585668,0.14723988478961283,0.14881216906835723,0.07551261446525401,0.14887557046725575,0.29331164810704297,0.1483022323286553,0.07521937861038366,0.1472729464840602,0
Energy,Fossil Fuel Combustion,Residential,Petroleum,MA,CO2,76.24200728838467,70.89067497633712,116.63876624472678,112.28137769658258,99.0571789868006,61.493973362479366,68.63832158256879,85.7699253053245,87.99481072682758,80.6694286382204,86.75973474697444,90.65261836743812,61.24862148838441,109.40731503968611,123.92279778126215,131.3677685303685,105.33866667923296,73.46950015098996,31.644085388596064,47.01083756660168,47.718309901913365,31.633266349132448,16.62112845163503,17.431393235828764,27.599554277575873,23.79960077651166,25.599761450191313,19.051322648544826,19.478860004090507,22.438802447551527,24.435765785207398,19.053593561308343,0
Energy,Fossil Fuel Combustion,Residential,Petroleum,MD,CO2,161.80316709735575,166.49725528049183,133.37352396569787,213.43987776116717,165.1471889749641,223.72539877330232,248.58634551546194,249.87078179305027,300.3559002297482,218.96911367131352,211.53840643493723,197.23030735098374,128.18155030101352,169.4588808875318,230.0052711133802,257.7375011952257,182.7306654428155,94.7592879529715,39.15233614534713,49.652358319393535,62.109652574705045,33.06587232732857,12.958479340080414,14.176700235174634,26.112020918289062,19.782276885914197,20.100724592255197,11.492839890962237,10.504466930076587,11.33297896025031,12.954056509359678,13.342793429582,0
Energy,Fossil Fuel Combustion,Residential,Petroleum,ME,CO2,236.04248488306382,248.53114230008362,199.06194728244537,309.75852949634765,317.1017800541583,454.74204496902996,571.6432289202122,546.3827840731797,783.2391122973683,641.4059001403448,700.2083056935465,697.7301550606545,418.37628700182415,581.3108199957935,726.4276507247149,713.2850824602158,580.4371501030724,400.1962039694617,176.63070917483842,226.9963155918214,219.9361959486951,156.69951680926061,63.823930159859835,67.95908252561348,105.39078864345754,99.53515746282923,140.87160983117712,95.10133996775237,80.86355711319153,107.54666152139552,113.3969104798058,90.75058416196524,0
Energy,Fossil Fuel Combustion,Residential,Petroleum,MI,CO2,92.22979769479639,117.76506292489668,86.6339388323397,148.9816979188124,135.07477734961398,97.98747270350493,96.81092675198204,106.97074009003931,114.01960485166269,252.61576205915276,148.87726187339229,93.37402651233663,67.46280364522455,110.5601389035606,92.70906376820182,91.6785145541777,64.01892055341446,40.156205431527766,20.777090915689588,29.869318747361888,26.705765956593776,19.612363041528535,6.543518143497383,9.58731167214188,14.848677202075251,12.05053064643969,12.166357881173694,5.117898142565561,5.078349031455217,8.17329754034484,7.9337568730209025,7.6077743584853526,0
Energy,Fossil Fuel Combustion,Residential,Petroleum,MN,CO2,14.245325049562153,18.59852666862408,17.276916716400095,15.971980721998293,19.92182173388272,21.87610752370133,26.59820566736112,22.58028264351067,31.113451287901075,14.017879590076667,14.47157909477625,78.87917136953088,7.585052700190928,8.495461540571592,12.461755808074539,12.185826676782217,8.181801106099908,5.235638168561866,3.8989928828048925,7.880034282355702,8.757686751818836,5.766596226646751,2.5819240275629536,4.108159901600836,5.4842124620141774,3.8024051696592416,5.620789796742881,3.936283711556717,4.130125537278397,6.0602582156737945,5.959022476617487,4.2384488195840255,0
Energy,Fossil Fuel Combustion,Residential,Petroleum,MO,CO2,12.10593409454876,15.557224875336393,8.710080242031559,15.681032384307247,10.078878163477277,13.560016367737873,23.553191056702605,18.713247358624308,20.606813201462092,22.804542791261717,28.663708572687995,32.59080472191505,21.2666461067292,29.9478915695383,36.3874093023798,32.930727081129326,27.65992180740377,22.530695749063668,9.406097550776536,10.425437029447071,13.129525465480704,5.440531207086,1.6282782412630152,1.9204097364191977,3.1643331417307476,2.498949018200176,4.545378317851329,1.8351557472314886,2.0577876647818627,2.8595506566252746,2.6385022898243755,2.5712382786955996,0
Energy,Fossil Fuel Combustion,Residential,Petroleum,MS,CO2,4.978079351252054,9.370411782073944,5.929760938975225,10.249179474435413,8.345391152960962,8.345189529656057,9.296885611191486,8.930742124544464,10.029022324763806,8.638493610792446,14.567654625526885,13.105317421401194,3.806885064116325,4.758519883931224,6.370675011586582,7.177000117478289,5.929410830448217,5.343865028564196,1.6837618384634891,5.490199059594539,4.758183572095484,2.415730879305355,1.0248901101607737,1.1712947819336137,2.049717772945629,0.8052839850821164,1.2444899976474364,0.3660647686225975,0.5856137339055792,0.5856137339055792,0.5856137339055792,0.7320654736601777,0
Energy,Fossil Fuel Combustion,Residential,Petroleum,MT,CO2,0.5622811711707345,0.4896708519400913,0.1468906457272068,2.946432233847915,2.403617065687717,0.30139782386972946,0.4195085729892164,0.9964533587523157,1.1765796335929823,0.6679098018645724,0.13655655299991082,0.28791183415071847,0.266638638470028,1.6878778997854442,0.5893607413227387,0.43232939573096857,0.4477599148561842,0.44550168221260356,1.1856920230386518,0.11995402951061901,0.4844163231747826,0.33526467940175764,0.03554879439332475,0.10409889894511441,0.3182489277298378,0.026300788625751866,0.3896040657461965,0.02146264387520182,0.021390101411484914,0.023291932587728565,2.432164794951129,0.09407002892216657,0
Energy,Fossil Fuel Combustion,Residential,Petroleum,NC,CO2,586.1542312211425,696.2084869331579,763.0384787539583,785.0933633733781,544.2539857326373,872.1738664894026,1058.3974070505474,1081.9265868585437,1241.4536670141767,824.9702479141002,822.5314282701934,840.291287344241,508.5120467561372,742.6707863281852,786.2707015302946,729.3760918049752,496.64080466926606,353.26308311975976,181.30639506858057,159.80317958124672,229.8596301982609,112.51325596714878,44.15138067086972,44.03388934350988,70.9059147602366,62.81075313499331,91.15314690042602,49.63803355212635,52.10312003495318,62.18518008545541,63.31998839620103,61.0946687261031,0
Energy,Fossil Fuel Combustion,Residential,Petroleum,ND,CO2,2.464187312722975,3.462332035914857,2.822924519567086,3.515494374874595,2.598439540335694,1.8067771529944303,2.5144781762395816,2.428444873538372,2.6884892466943446,7.2045840493954385,1.381683512963935,1.954440213588585,1.04135568639964,1.3759878859299717,2.2162202769237123,2.9619097170982327,1.4367134832250041,1.1413439833124805,0.7494107175128714,1.227737054930281,1.3504617824860856,0.7415042671964871,0.27286226597856944,0.43244762255422686,0.5745185271738202,0.34111178071592796,1.21738460925421,0.4833716566750185,0.4127639381037018,0.5641859325390177,0.711519224396036,0.5529892908584331,0
Energy,Fossil Fuel Combustion,Residential,Petroleum,NE,CO2,1.8396620233943157,2.354136894336976,4.30476321618832,4.457842180436204,2.2522705721306053,1.5703149211004317,1.5812538564503866,2.962831480435588,3.9771529527236678,2.663342979962641,3.335245071923357,4.351569701610055,1.2705515707333008,1.8654966166403462,2.3089321190010623,2.816273253704852,1.0671710803290275,2.5832955005562166,0.971076521703398,1.1124381181682188,1.3291483593119096,0.22984846860262995,0.22634488446760173,0.2272789601744801,0.5194521490536337,0.22500853005602142,0.4438320958832976,0.1511229677316748,0.2244636688242805,0.29723739760806406,0.1503164746830591,0.22414594036573365,0
Energy,Fossil Fuel Combustion,Residential,Petroleum,NH,CO2,98.62313675030337,113.55824842107361,105.55380271915695,147.40756743171903,118.82346750629692,139.0721726616599,164.75462800558978,199.28798579146522,258.998801408882,158.08816709970725,164.6547805678529,148.2942560234131,110.2295627214663,174.4876439966476,219.31584916036897,234.6597858198326,182.0606952989818,125.13508488462433,59.520479892864124,78.01938698113173,68.97325352528819,50.15701405180778,18.99934409169834,23.41388467366137,33.45964385006118,28.527951754964242,44.0505166765991,33.02983651448251,33.5231085953524,43.278639054987124,45.931663330007204,32.334784911896314,0
Energy,Fossil Fuel Combustion,Residential,Petroleum,NJ,CO2,128.23745886744672,141.9712852953343,118.57713579593342,97.33411367224188,126.12157965514649,102.6136420252486,122.4462283230066,125.75479660306634,131.31022381518667,115.49713706355006,127.74712232791086,173.77987663838624,62.62080272757642,61.5934846621223,68.50245349665298,79.79686083009334,51.11523240940228,32.98077677108455,25.438110058349455,17.48319520829401,17.197338493955403,12.582450596438687,5.993450647641705,6.397852345361011,8.947635682355608,5.943476187315042,5.166218383412885,3.174968814745498,3.613018401036376,3.8669372408071814,3.4091554174806973,3.8669929894710187,0
Energy,Fossil Fuel Combustion,Residential,Petroleum,NM,CO2,1.7603222870411892,2.5648722738641183,1.907674408596098,1.6856519087380617,1.3934689167354661,2.3435532574644475,2.7095338610749637,2.1971129620209657,2.4164309156220356,9.377169849322247,2.3447634114375213,1.9783111451227107,1.1007303415617027,1.5384609393473228,2.1976811712578677,1.9046585814396704,1.6849314287546366,1.0994926711687025,0.4400055980813505,0.36657101752885074,0.22010903900315779,0.1467745682005991,2.643033040395892e-4,6.731412245515688e-4,0.07368964667090792,5.859086575043732e-4,3.648785884826203e-4,2.247397264419039e-4,2.523905771266656e-4,6.962262458288429e-4,0.07381312942673869,3.381439474254263e-4,0
Energy,Fossil Fuel Combustion,Residential,Petroleum,NV,CO2,3.603682963592735,4.3406479192077905,4.054144667359009,4.49594407028314,1.919545259649777,2.4086126748188894,2.639258485396591,2.36969385956016,4.128426214998619,3.223750566535115,3.446344266627823,3.0158520823517754,2.9346853550184187,4.752278702729388,7.683266878122543,7.546496735612337,6.580483049009337,7.08674014407554,3.7897536869518587,10.369108327844785,8.605055929679649,1.1297948834648461,0.9715111412255455,0.3040483254028008,0.229851678801513,0.08544069758384432,0.15984312815217133,0.15994400199451952,0.3069407392718829,0.30964288344283253,0.3085813143171549,0.23284107044238747,0
Energy,Fossil Fuel Combustion,Residential,Petroleum,NY,CO2,745.918077527129,883.366272830609,533.1384459899568,661.336154273319,590.6638510582147,525.5908402296191,613.5647382011733,735.3036919497191,784.6947977455399,976.2590465664965,986.1427061651435,1006.7730568565516,694.2804701174877,694.0003499417824,871.389505203907,928.0210146987231,759.6487277044178,559.0519808515149,284.090398110799,412.2104278897983,422.76449898135166,309.2753013517024,160.03539033231547,170.73894378970627,286.6585539686969,198.0348716445726,255.41422906713484,171.59607548682013,162.85965725035533,245.76532582404027,233.57783686438728,187.7238587227657,0
Energy,Fossil Fuel Combustion,Residential,Petroleum,OH,CO2,261.209628257626,282.6168307644443,304.0711531206137,349.7545874374373,296.0538745324778,312.0982929005469,341.19968316977395,322.4930351073182,322.5148359875241,538.6285977364911,175.11970671110006,184.48130277276036,137.66684679171902,154.5340720058387,202.46530390728887,184.41755011666694,152.07660013112488,101.88784275820603,51.029477766629526,86.88867063509466,72.06387304700628,49.787804746850114,19.227741611713647,18.735516406470044,39.79933072257395,24.98196436022941,31.26228405445486,18.587436313516168,20.23459561748453,21.31487507595377,25.926765096950962,21.452458655588103,0
Energy,Fossil Fuel Combustion,Residential,Petroleum,OK,CO2,4.172570376688179,4.0992961373390555,4.466078173528972,2.9281357503198806,2.122915692875468,1.5413063030347471,8.354026716768505,5.78432878840359,5.197773541981237,3.734041410759142,24.450271131152736,2.709499515530738,6.369274978061617,5.856545635004185,6.954517366022655,2.342858920264185,3.5873147680970385,3.3794334507503687,1.1715945282660043,1.8312380903603955,1.9775261136211133,1.3231236952057766,0.3687837683834027,0.4417009229600252,0.6602792404419082,0.21999575598626178,0.2210646645685227,0.5861193982900735,0.1471606052077748,0.1474161261976004,0.30931500954340446,0.2207645008914794,0
Energy,Fossil Fuel Combustion,Residential,Petroleum,OR,CO2,6.235687597998648,6.20154914438324,7.599443385415284,8.213418709821683,21.270038103288844,11.094086357715327,17.23260489189494,14.614903374750893,27.736313081801057,34.2172925091206,77.44813475829832,72.08758154189516,45.830971856893534,31.686981274869296,39.03695889989393,31.72067759033946,21.645276410028885,3.446292257859646,4.627449932590527,25.40284888159875,25.06674436980138,26.159929358263476,12.950711559455579,9.946822051584158,11.46378750392773,9.260365419885497,17.67611201386783,10.724259023131937,8.804893586536611,11.063424900458621,12.229256672523222,11.216558927942964,0
Energy,Fossil Fuel Combustion,Residential,Petroleum,PA,CO2,580.2416091217646,634.4516079335651,666.1181034251778,695.640918416107,626.782129613224,864.2424103598811,1008.8016140240337,1061.9452920154272,1212.3123726312067,1052.037197216131,1166.0000822384932,1205.305933106029,831.6824784939122,671.7737381420567,814.6834604320974,763.9674729472686,596.3136931530914,399.28583295535526,213.6876895817148,289.9388669713382,314.4021758966543,194.25513194258158,83.44196025110695,89.66605102248508,154.9457805004781,104.47236498280506,115.1965334265705,71.42195749312624,73.5094834697994,81.5205236850297,76.82739398124725,81.21611431986683,0
Energy,Fossil Fuel Combustion,Residential,Petroleum,RI,CO2,17.020278769441752,16.05473673851204,16.71020744219862,17.764022766823047,17.38555148016214,12.429852113477548,13.872144854331884,15.593901085752432,18.355054025542145,21.57887909980874,28.00897219974663,29.98034723397582,15.342708376970064,20.76376725106896,22.24747049882932,25.838461415834274,17.592591415516328,7.858502727976899,5.399133362161514,11.118953464889234,8.611416560746262,6.572492115909011,3.575134650220655,3.8009044126380456,4.615707008598221,3.247208499158617,2.785286862797922,1.751954920937038,2.300132769768845,2.1394024188819074,1.534955545814007,2.122690438070475,0
Energy,Fossil Fuel Combustion,Residential,Petroleum,SC,CO2,228.6764665555018,303.69956403022195,183.405929618823,268.19215756278976,154.52106696536993,195.4158852791177,233.20501428085382,253.5575955765973,282.2978839907935,229.52479403302289,213.34339613088858,206.6705649698241,120.9311233355548,156.46191298710755,225.87270598987897,197.66576389027097,150.15144326473344,79.6395606056099,33.0681156660168,32.93154766450764,51.15663263603006,22.666761489856302,8.38616094775867,9.61931236307395,16.413843871344483,11.892009804103784,14.377213272549945,6.687313661580005,11.227373233851008,9.616261249815809,8.80927392881388,10.56423422383817,0
Energy,Fossil Fuel Combustion,Residential,Petroleum,SD,CO2,2.078960237136578,2.175646026009284,1.7298257237358257,2.5744873950951157,1.7245450748274331,1.7256951581783186,2.3654828835038813,2.594313617578861,2.2664110984815076,1.8797199108219214,1.5948479642921822,1.6844165807922213,1.2006022927801177,1.076016483206799,1.1263595055268691,1.3341137750440315,1.0429914524282573,0.7302055619698681,0.5895558894274909,0.5635231921832473,0.7117237734431632,0.41811589896926593,0.18789905221061032,0.18228186074499342,0.25389965405653114,0.17732639040023673,3.100135230394235,0.09443962088695733,0.18779548812516797,0.17994887986632996,0.3183639173338156,0.6104431609022463,0
Energy,Fossil Fuel Combustion,Residential,Petroleum,TN,CO2,134.36812972055765,111.30878143938551,149.87604261393352,128.98851888397056,182.52426187491204,154.69984100218971,189.2577950623442,181.48520596774915,176.28299158637773,175.6951619870982,157.08270447222836,102.47591987314091,69.65889765330571,95.86888588558706,121.12715119995177,117.89462376649547,117.67973085855856,84.67252675270717,28.898003704896045,42.74353048507488,53.13495057489035,21.02834016341096,7.1894942869337015,9.531436167640528,16.193123452712264,11.877817794399789,18.165945118296722,12.603449258445533,12.383394169390288,15.601966005857955,18.45685978611782,13.702391706774543,0
Energy,Fossil Fuel Combustion,Residential,Petroleum,TX,CO2,10.907781020100675,14.275370833221677,9.443724597862856,12.5917685716417,8.273837122916337,9.152540450293305,15.957974248927036,18.59330239274433,12.664026039585073,13.030659436510215,12.445317834744761,23.93730670546303,7.175285449641908,7.613046590097263,4.8179133588733665,6.370434617885224,2.9282122188363515,3.953032410538445,3.3674013234420297,1.2451322268466858,2.0499360051201365,1.1725635528182938,0.2937319285169282,0.5125466454122922,0.6593730848525887,0.5129979258248863,0.5127768957558646,0.2931439765424525,0.2199837360802822,0.1467831932468469,0.2928068669527896,0.29314501090021505,0
Energy,Fossil Fuel Combustion,Residential,Petroleum,UT,CO2,1.9617703822104755,2.178945536055733,0.9907168257243233,1.44161277755767,2.305700048545937,1.1983624780285027,1.7858742220017478,2.1567501601669434,1.6367627191320748,1.8588779529535442,1.5667973668023985,1.3540979681412184,0.9832858160013478,0.9791822941130567,0.7668779153418595,0.5225789639877243,0.6708735925540077,1.036140275073342,0.37206508119594406,0.302087025277541,0.22795530728225047,0.08329658123655344,0.0830470148136721,0.08026969959598888,0.08135711704207313,0.08153463986714848,0.22878792802473816,0.08050575784755928,0.08272946102472903,0.08180960486844492,0.07943812616131857,0.07933661407005871,0
Energy,Fossil Fuel Combustion,Residential,Petroleum,VA,CO2,483.93816356662296,551.0118539018068,534.9657962329867,620.0353165009309,523.5857443142228,508.3502756970616,643.054341891183,658.998599060827,853.8797895479922,644.4478193468996,683.4806960731707,699.770124754065,389.99017914835076,525.4179182840846,605.7840522109691,593.8740365115367,474.7674619008458,308.8420646583312,128.92928859750455,120.11005261161894,138.95568450331237,65.69934978919554,30.078816597652512,33.63455270956827,52.00038401154089,35.98040229921716,47.66795613114556,27.219346719954615,28.97075897065548,31.195236662422136,35.18495517002203,32.133383142306556,0
Energy,Fossil Fuel Combustion,Residential,Petroleum,VT,CO2,81.12434677463297,103.79122423268048,88.15336002564855,98.56618972031802,76.76212166547944,75.61179561835746,85.32347813773085,99.8601483013533,136.10384857789515,109.44150750372464,136.19112132799427,133.8995811229296,78.1123240565373,115.57262884669612,166.91332274636423,159.07309759074616,148.2378122663362,103.64684025065125,45.75327221316456,70.58245975901289,62.91776154915279,43.946795755416744,21.62642707527039,21.564808775590357,33.57750886754444,27.64535840830248,36.330872814535105,25.61206255703471,24.821868084911035,28.397868647224833,30.52436390586153,25.57506902003982,0
Energy,Fossil Fuel Combustion,Residential,Petroleum,WA,CO2,21.62638296492353,20.17057927160466,13.07822668478048,19.03332077239977,28.134893639235404,36.40255562086936,46.68168532556083,55.9089213052008,51.754470582078135,36.56019099399819,27.43986878697061,42.706662508531316,15.075401150266606,42.318981096358804,29.32647177654243,22.962623755344154,13.541874188004364,5.715768780876736,4.971427400255398,7.934464769755198,9.1775991842281055,5.6435140029755,2.2904283786495934,1.8459025685884818,2.8978378106494644,1.8399837600581674,3.0698412545040425,2.0998991449800513,1.684434406239809,2.4986281202371856,1.751169351222743,2.247607196748013,0
Energy,Fossil Fuel Combustion,Residential,Petroleum,WI,CO2,14.352954953498928,14.795820717042103,14.009734779358963,21.48394625029778,15.730888333371029,15.577071886731195,18.415901906978842,19.55109428231997,17.375819473395012,26.439090260454304,19.50311681820437,18.105913297255732,13.466911036047508,12.619109356860541,17.893112351997736,12.673071652234297,12.184898015563311,6.436632321061407,4.534920743027913,11.851120768133018,11.510054454020882,15.556475717796264,2.909013949734111,4.262335724789017,7.106360548639573,4.244610114337893,6.252543418740863,3.8152196822366475,4.268507120559556,6.018541892252027,5.20791361543322,4.390455781332041,0
Energy,Fossil Fuel Combustion,Residential,Petroleum,WV,CO2,87.61756283404603,82.03443752347644,102.04360006184653,134.41540781523554,126.30261826617954,119.28571402470783,156.66540317356962,165.88847542111293,196.60557933870223,228.7115968278105,141.47502075438774,147.19804218056402,109.04429802683374,91.03591006109475,106.0268203503841,103.87630693551687,78.19143670479868,51.301350022036694,19.665193021545683,28.35070306685397,28.077798469559056,13.865023973165057,6.660441460092595,7.422017941094393,14.882659865031544,10.942637784663196,15.320217383569739,8.26331731589338,8.946943282557571,10.348876682517442,10.483971170619915,10.315289457494279,0
Energy,Fossil Fuel Combustion,Residential,Petroleum,WY,CO2,0.5227102279188847,1.2746232033678089,0.5322405266854169,0.6762564565596274,0.3149517761144,0.3106384450956157,0.3035102845693832,0.6761305148554323,0.6683001755974153,0.5227775524446597,0.5953606317919967,0.8151644478075347,0.45075428422259434,0.4508467349583692,0.3069070475300604,0.37819545372066893,0.5282024410974464,0.3053106144355395,0.07901350727325716,0.08262248352241469,0.08371139718542248,0.08277699262266747,0.08192372577150385,0.012183856164383396,0.008434217408281737,0.08270645718215724,0.08025603611552806,0.006573636998425688,0.00719313144810997,0.006772382573062382,0.004402171357497295,0.006183203610064939,0
Energy,Fossil Fuel Combustion,Transportation,Natural Gas,AK,CO2,0.08521083540667122,0.1375497145657901,0.1514644770914009,0.15015108700365673,0.16021108957617816,0.12873150845917433,0.10503693284881357,0.25910194991177987,0.2946729585794723,0.38505723099664063,0.4008932700821929,0.27333682356709493,0.23307735667555263,0.21718591440850693,0.20292702116108705,0.14104181976890293,0.15150328045944425,0.11403427325882651,0.11035703654348725,0.12437713231673499,0.17572905196854588,0.18328425868810014,0.2134103896441532,0.029348102715136014,0.017790113725213465,0.03300499281360726,0.023987056676221703,0.018412921023408305,0.02914794776808738,0.01890234262364592,0.020194056045348345,0.025732095617601255,0
Energy,Fossil Fuel Combustion,Transportation,Natural Gas,AL,CO2,0.7942641174076044,0.8948660907646787,1.0115927166857048,0.8483536415706607,0.8136521572694375,1.0908412577466755,1.045513349683065,1.132031876207079,1.1006029708783058,1.2183575792005856,1.2539094716907455,1.1018624601115916,1.1932541512335282,1.0378899142168247,0.8699370131707279,0.8248697196690886,0.8142376234880739,0.8564206644744522,0.8926963732669244,1.0283465325277303,1.194904622948772,1.2520896933011554,1.373564737513745,1.2034841109791696,1.0334630753664806,1.181483840191893,1.1607833373933718,1.1560043339366746,1.3842894685940297,1.3041027978162436,1.3897951136968794,1.3689898442154285,0
Energy,Fossil Fuel Combustion,Transportation,Natural Gas,AR,CO2,0.4592210182900369,0.44817312839691326,0.42958914408501864,0.5172281986467514,0.6417441232610374,0.6570055224762696,0.679942597466541,0.6189104615486237,0.5573162477481324,0.4902609357453783,0.47763191584050047,0.47456083639949104,0.4338816473390952,0.4658150044137533,0.42577585954321034,0.4783778644994798,0.5797934333842236,0.5471635235911689,0.5303592000711697,0.4888851891701183,0.5097730420208029,0.6072084736445259,0.56814164743064,0.6190118776649177,0.6252406734760484,0.4712438111310251,0.44228117056531246,0.36382665724190166,0.39288894387220497,0.41622217188930133,0.33272614855869753,0.28162349092596933,0
Energy,Fossil Fuel Combustion,Transportation,Natural Gas,AZ,CO2,1.3759229821173757,1.2765903370673577,1.2800067691201524,0.9523491303510102,1.3663195498543241,1.0191947870550533,0.9392096397546678,1.0162350492495391,1.0867852126696744,1.0401532200220636,1.1466870604449997,1.236402080434336,1.1430928890931507,1.0408062289854938,0.9268943363425735,1.0531828192874926,1.2174181957365673,1.2156074686027876,1.3137037063508514,1.2358886380481693,0.9397269845330012,0.7970008050285371,0.7605391589277871,0.7800026432809796,0.8536087208804207,0.9599918676520143,0.8903213481299822,0.7842638137907291,0.7696433613029097,0.9570833200700941,1.0040463520138772,1.0220301269682242,0
Energy,Fossil Fuel Combustion,Transportation,Natural Gas,CA,CO2,1.095718539449646,1.0047155553564207,0.8238717602347942,0.6781119161651061,0.6864148069750429,1.0552290576606336,1.0588145090186936,1.2802622940635855,0.5753163925409855,0.6159960745524931,0.6100457721765595,0.7364021860782503,0.6713647021708925,0.6537847472306861,0.9083500915889495,1.0930344103891751,0.9143587725425706,1.0893023459023805,1.0573854695084755,1.0425247849568609,1.2604854348129375,1.3447371346876633,1.4892149610684262,1.3367689962341915,2.0921068161541094,1.9416531475187135,2.2536737941062484,2.4229610257880414,2.4013994354488677,2.6607297521665396,2.313065241529363,2.568497305566779,0
Energy,Fossil Fuel Combustion,Transportation,Natural Gas,CO,CO2,0.4825801767585738,0.4549924647454862,0.44901037320335857,0.41291548926005606,0.536154059268809,0.6135850177787695,0.5956491392959101,0.6727219281935979,0.5123158857659995,0.46967644888581705,0.5175889348387916,0.5763702880123907,0.6154707243573292,0.5556374992887558,0.5883823942542745,0.732517758882321,0.7128477798309861,0.7603695326386318,0.8609012730930815,0.9295219969396146,0.7722021503521433,0.7765770972186045,0.6085795288017048,0.5135388226002321,0.537557056569284,0.5171133698336421,0.4207773554392723,0.453675380745811,0.6048595912528331,0.7262841282032242,0.6283417543324878,0.5706065729853678,0
Energy,Fossil Fuel Combustion,Transportation,Natural Gas,CT,CO2,0.026470197632517917,0.02849319606109179,0.03335385000758375,0.02664653093304331,0.03985429483014938,0.06468230711924088,0.07885687320408416,0.13885139884048872,0.05045334702232072,0.16637358451439307,0.17147118086683896,0.16854706390907123,0.14491031284997916,0.19401446797381025,0.19476755346949243,0.18581532052856214,0.1768243102361623,0.2409740950682809,0.23245868579677997,0.3183229286047615,0.36797240038714785,0.3440812743212227,0.2606232040197943,0.2390757898075972,0.2558186679892714,0.27706267928994593,0.23670047116624057,0.30547510809608625,0.3275044367191088,0.36941637110694003,0.4176786304039195,0.38868171590290296,0
Energy,Fossil Fuel Combustion,Transportation,Natural Gas,DC,CO2,0.013446016725681412,0.014114440349372,0.01414372120574754,0.014645017992962295,0.01296720084115086,0.014719709368897391,0.014409589280264376,0.015561836020990621,0.01646483832522743,0.0163933155659909,0.01677665565888517,0.016870672326863144,0.01719814701955797,0.0304887453088114,0.030889413403893923,0.030589933143124165,0.02870421538362814,0.01618482728070543,0.013490433518019778,0.0551258919072896,0.05880571588465497,0.1387859730193091,0.10554075321191504,0.12523269822848654,0.11603166162616974,0.08968289580822035,0.10265826238303694,0.08299004232040477,0.09622525769537374,0.1284512134592857,0.04271412901738602,0.06427729234520149,0
Energy,Fossil Fuel Combustion,Transportation,Natural Gas,DE,CO2,2.1091790942245352e-4,2.1145228987823225e-4,2.1110031650369463e-4,2.1148040423050243e-4,7.409829052086206e-4,0.0010551762988456911,0.001319559457899668,0.001938679908338899,0.002541196911932208,0.004615593703045981,0.005609859620952139,0.0037786048429251833,0.00520190866640951,0.004984247059179602,0.005563273426087243,0.00269911174792272,0.0012686946025912988,0.0011636150332533317,0.0012167841996645287,0.0012696942473847893,0.0076219829769489785,0.02534444570196304,0.05695178056971946,0.053822513282632115,0.05806862046805583,0.06253022600149874,0.052729256746408056,0.04806352737055864,0.04062726658056462,0.03129211341897686,0.03219418882622288,0.0379627830407821,0
Energy,Fossil Fuel Combustion,Transportation,Natural Gas,FL,CO2,0.15945393952337486,0.20183121068877266,0.25595913376072976,0.25763600245380963,0.3226451278679822,0.43135607096811857,0.3480470026156164,0.32664136617796485,0.2284430140622391,0.3967288472572167,0.44047982665268526,0.3971260470127848,0.6369153274310989,0.5610459375870145,0.6168875476184169,0.5260621720461144,0.6637915885307891,0.566098713677746,0.5285075719412453,0.5719972584468476,1.239207399002288,0.7320788115498135,0.8866164278098241,0.6830585494746639,0.20440154404755648,0.9270923220997923,1.0473995849106144,1.1526805115169763,1.148249281767885,1.1769752778179976,1.1646472479975636,1.1180224918956134,0
Energy,Fossil Fuel Combustion,Transportation,Natural Gas,GA,CO2,0.3975802592613249,0.4035038321601367,0.405787583399227,0.3871677500449924,0.3872694226722483,0.4231784546520645,0.46886586658091006,0.44636794970646165,0.43200347502847536,0.504797403269914,0.32844140384555637,0.43661512861067897,0.463182194113157,0.43209180090696364,0.3795212147720278,0.3631628394950138,0.3845730514104875,0.33861197467671955,0.3822289496772269,0.4216972019126731,0.507602894089866,0.621229931078806,0.6240348447183945,0.4824955226163517,0.432452853522103,0.48521557326458087,0.4261136830258327,0.47799731940423856,0.9385004380283813,0.4069033699235823,0.40721155423381744,0.42897415369095754,0
Energy,Fossil Fuel Combustion,Transportation,Natural Gas,HI,CO2,0,0,0,0,0,0,0,0,0,0,0,0,0,0,1.0596711287785224e-4,1.5877127928957176e-4,1.0572455021594158e-4,1.5867477726181796e-4,1.0580732170995902e-4,1.0580785394873243e-4,1.0586087467984691e-4,1.0582232025871831e-4,1.5878749229475685e-4,5.827240611308594e-4,5.278965497095984e-5,1.0544726138532671e-4,1.0566985319921453e-4,1.0551817205391581e-4,1.0580017338688704e-4,0,5.2864021061121306e-5,1.0589339760329734e-4,0
Energy,Fossil Fuel Combustion,Transportation,Natural Gas,IA,CO2,0.4857966748772662,0.35423544861850853,0.36815895198244347,0.389335424188355,0.5733619865803562,0.5867307809731467,0.6727641940155668,0.5995236624652347,0.4711273191517649,0.421080083000873,0.4418029067519666,0.48222448565838144,0.5864355810866557,0.5289664751316565,0.5448299108614773,0.6190492179500403,0.6705579597446094,0.658288759266862,0.7534539378966182,0.7375865498766138,0.58784543709719,0.5771020235309203,0.5442176652582299,0.6222433474584614,0.6987766628505955,0.6077452909943305,0.49807485305449783,0.5848344686088283,0.6871721261478312,0.6735481807154055,0.5639533766800422,0.428762366895751,0
Energy,Fossil Fuel Combustion,Transportation,Natural Gas,ID,CO2,0.27540606022836867,0.2505709635057052,0.17827421728737014,0.20751514665118057,0.26109061938529465,0.3469947258754056,0.32450606188668635,0.2819469347776113,0.3038847973852265,0.2504622743917251,0.32431339393579905,0.3587013611452921,0.3302150389156485,0.2527649545862677,0.3231467107210105,0.3025651345661606,0.3644325245943506,0.4127130956579885,0.37540437742693455,0.38418831768784745,0.4189973419828341,0.28709595486190287,0.31508731387689587,0.32992776842936306,0.21759895779029645,0.281280569745359,0.3143678132676633,0.32652598342084244,0.3633177954105701,0.4115627709064418,0.3610083998263975,0.3388588723305515,0
Energy,Fossil Fuel Combustion,Transportation,Natural Gas,IL,CO2,0.6529491180945605,0.5966654989639019,0.6116103919903293,0.6309517860217041,0.751144956480053,0.7164119481012821,0.7811791990766035,0.7883615648882993,0.7138645658436227,0.62803906042136,0.7313986788826279,0.6053750716658305,0.725613178263449,0.5825736429702797,0.6221329197058706,0.5999966644352916,0.5981366428466894,0.6251257308191421,0.7245156354089444,1.3327557283382339,1.0751230432485253,1.181347472208202,1.3377316934192283,1.4653920890001668,1.6778663935969873,1.463871606181798,1.3114685480554518,1.229181186256065,1.434280050519334,1.5725478317150805,1.1391667898461033,1.0203358326065717,0
Energy,Fossil Fuel Combustion,Transportation,Natural Gas,IN,CO2,0.4546862832374542,0.2501480589259487,0.25527305773209275,0.3658082292177116,0.37244976456807594,0.4107801331406276,0.6701778574780834,0.5814991789931109,0.4062738562951617,0.4075516186988417,0.32103215528958184,0.3992548384735878,0.2983666185090597,0.4094505935211158,0.3917074327529808,0.3634274582938298,0.34645935105764053,0.38764248085062136,0.38492703638083087,0.3584241052513311,0.46774627477290365,0.5503289765054648,0.3869651187223225,0.40033142999690047,0.39560567435237304,0.38651693660791503,0.4982333578342965,0.5017916672023964,0.4400758212027565,0.62393614979564,0.5362526296440147,0.6674460850935833,0
Energy,Fossil Fuel Combustion,Transportation,Natural Gas,KS,CO2,2.1389185194531013,1.7573271181055188,1.5211361056464976,1.7411181680297267,1.6775852973923169,1.8327884722800234,2.0133310384849974,2.054057561262203,1.7311374546514848,1.6766807286329333,1.5643040629821068,1.3692918873749587,1.934419974795528,1.79045819624806,1.5364701531724185,1.5441565386106118,1.3504725421833297,1.3343490935870481,1.2932828932608291,1.428882163650657,1.3117750285953231,1.2541532285462003,1.073985668717637,1.2185819616539237,1.310661553618991,1.15311852687924,1.0120530190154773,1.0743332687669436,1.623186260101621,1.4851311155480234,1.0597121661912379,0.7454895191272133,0
Energy,Fossil Fuel Combustion,Transportation,Natural Gas,KY,CO2,1.3504019150772588,1.106054065280563,0.885618602812125,1.0546527758975157,1.2884104901066749,1.4478073996461729,1.4688808061555945,1.2602467339288432,0.865224606910585,0.9143119756125799,0.7650578366083407,0.8274080210275752,0.6644111303821206,0.7906924696434705,0.5623674680427618,0.45085750942262065,0.354758728249592,0.6461236930101227,0.7101258396563899,0.6888620331332224,0.7480129404877983,0.6770512050152799,0.4696934022078907,0.38984239689654504,0.5071502153060111,0.6190808715932531,0.3051745360393316,0.4098853393434359,0.7908033959802871,1.0670557728132666,1.3167899006114707,1.6840756487840394,0
Energy,Fossil Fuel Combustion,Transportation,Natural Gas,LA,CO2,3.0623698563819586,2.9719619342385544,2.9786254658671316,3.078996075292943,3.479126449355962,3.5301450666032026,3.7373618614200717,4.256659920906589,3.4477689102640228,2.672057384455332,2.8563182415321497,2.634911630608815,2.783711185637897,2.5791887814107892,2.4673912398043507,2.3123449115733234,2.63449720455594,2.8593194862579594,2.927582784392856,2.718521191504782,2.5426723489352434,2.7969368355980553,2.64354710088721,1.9822683312232396,2.7396247240279026,1.9745526930709354,4.580312621846555,5.451965672767748,7.203933805913136,8.894266998894366,9.73300637364729,12.112775124949573,0
Energy,Fossil Fuel Combustion,Transportation,Natural Gas,MA,CO2,0.06744100153782953,0.08310074992214528,0.09805609701596617,0.12461482819282357,0.10029732895502398,0.10388210662135833,0.11881313358928614,0.13324494613258975,0.10673027030115272,0.1550202850609237,0.13828833197686735,0.18424690093249277,0.23886315304941624,0.11675863855652643,0.10501340886195158,0.13866025057955933,0.11820004714142267,0.13090669124099982,0.10263310205866025,0.10152263586380877,0.24956701205773915,0.29487389540091863,0.24479738395441683,0.1891734202089363,0.4610120568613922,0.6050563858290047,0.48227721000121515,0.4549943578964849,0.4506558385414453,0.6206004422738202,0.4670536260750068,0.40477751233860415,0
Energy,Fossil Fuel Combustion,Transportation,Natural Gas,MD,CO2,0.13013635011365382,0.1364924531163989,0.1310932965487944,0.1339728360800233,0.1370818374635948,0.15584953933950857,0.14652388220517915,0.17348565341919173,0.16951901066681105,0.18404016730881048,0.18597213875496052,0.16295898632446354,0.1484667197953816,0.16368479437965353,0.15063225095586696,0.15379644587183186,0.177352932987242,0.178403341234704,0.18706734478320755,0.1494535937025846,0.35484565192684686,0.3418590055957896,0.41845797136078255,0.2390757898075972,0.36593788825869367,0.41266785743147605,0.4214113745584676,0.461167170961639,1.2722999850640098,1.4276298716004618,1.4001564618248592,1.5258179660659115,0
Energy,Fossil Fuel Combustion,Transportation,Natural Gas,ME,CO2,2.63647386778067e-4,1.585892174086742e-4,4.74975712133313e-4,5.815711116338818e-4,0.0010056196570688422,0.0058562284585935865,9.500828096877612e-4,0.006444800776369854,0,0,0.04932442610120182,0.07291110753250003,0.04851576041937032,0.04761546658663066,0.03629373616066439,0.032389340975072636,0.02748838305614481,0.042630623491008435,0.05327398648096436,0.04618512824862171,0.09638632639600063,0.1322779003233979,0.04154939381712805,0.046141150658634424,0.07126603421079579,0.05430533961344325,0.03555790560153569,0.03714239656297836,0.04501797377612043,0.06411971125275967,0.05122523640822655,0.10123408810875226,0
Energy,Fossil Fuel Combustion,Transportation,Natural Gas,MI,CO2,0.9873594634838605,1.0725388773348634,1.1866476541463935,1.3087993516815222,1.2367004687931877,1.367877795008612,1.4188431115120388,1.2982867775357094,1.1583622590224314,1.2465286166295215,1.4579813462038722,1.223097133804318,1.4601439142407426,1.4987736954762831,1.496626518730346,1.4956783746675293,1.3796525180429295,1.4091378052697847,1.2828608720723982,1.281491823100073,1.3536430045312027,1.2803442528102331,1.1210396956009834,1.0307858892258421,1.1276398198346729,1.0781982476649656,0.8974012282943296,1.0612490154322582,1.194907158231502,1.6050047953797724,1.3118206826317254,1.455081176466909,0
Energy,Fossil Fuel Combustion,Transportation,Natural Gas,MN,CO2,0.6360756853407642,0.7131757106868079,0.7975369957509584,0.8680213191640974,0.9269696144159841,1.0258951565527232,1.0629843169056568,1.041437888057945,1.0862557966463549,1.193475815445085,1.1332974898402743,1.0290577921521318,1.2364618415851338,1.0872551696646566,1.0985080756482553,1.1930603163416054,1.0925046396564322,1.0749687243563961,0.9530594503024558,0.6851058543180425,0.8274615269350235,0.8139852874300615,0.6929486163743189,0.6320437066683896,0.7075925352307456,0.5597140634333141,0.6315358776451058,0.7271784827095606,0.778636376040795,0.7383032648294641,0.6200949670469531,0.8664727258889807,0
Energy,Fossil Fuel Combustion,Transportation,Natural Gas,MO,CO2,0.2826299986260877,0.1366510423338076,0.12206875801826143,0.5225680788535716,0.15454786308636942,0.38012726165916033,0.40014321001349534,0.3968006201581212,0.29790239632171944,0.36723148979866993,0.4113720644684998,0.10872802386050916,0.14353021463236035,0.1689871848681425,0.18342907239156223,0.14215321872392994,0.13347724464762623,0.14973609814273556,0.38725479745845004,0.20722468195859248,0.3100665019372717,0.3763041708400024,0.26570440377322646,0.30449980939819826,0.34307996765626797,0.34344173033200914,0.36910479722485645,0.3763833197163176,0.5279957652872598,0.4642987183942606,0.2589808391784333,0.23730710402898936,0
Energy,Fossil Fuel Combustion,Transportation,Natural Gas,MS,CO2,2.0547095441161867,1.8870002348733443,1.848763796860232,2.0284671672779218,2.137365190074266,2.2456789580183423,2.6733218969480954,2.4444657773982343,2.02395745714934,1.746975690202312,1.7063499424409327,1.6471523927962597,1.4856757312666913,1.4297365713161574,1.1932956581174943,1.1705147946824863,1.1985992257981297,1.4868884461280756,1.5588592707528262,1.566379469857035,1.5175156385356054,1.5505615475908705,2.606814261003023,1.2707092776678117,1.1191406853843486,1.1858071779086916,1.1053594993903837,1.0683187329598702,1.4412099618761751,1.5217709505496004,1.631066505819837,1.7873746581460561,0
Energy,Fossil Fuel Combustion,Transportation,Natural Gas,MT,CO2,0.11104827931092179,0.12634274320224376,0.16339164497385966,0.20048342321051635,0.19254970065349725,0.21441182392544444,0.18679683686027698,0.18737079330324063,0.20530753384318964,0.3264869384890227,0.41719361690533685,0.40984557599108223,0.421248440577815,0.456323725439358,0.45110199952101704,0.43815580707945484,0.40830821293396635,0.42001213541203214,0.39392065872617743,0.26996873935019083,0.39861912360696355,0.37032520974538474,0.37865523995889683,0.370877377452468,0.223511399147044,0.24479581730603595,0.2520754348067263,0.20818735346237588,0.23773298960033515,0.18865279206736807,0.1870329065142472,0.16551138045395375,0
Energy,Fossil Fuel Combustion,Transportation,Natural Gas,NC,CO2,0.3418979311737972,0.3386937053124585,0.351904227611659,0.32642000392978054,0.3161879911225928,0.3334884692501807,0.40447136503540626,0.39690541366668003,0.36921473466281707,0.36235063208970175,0.3936957143421034,0.36721652698850377,0.3352577054800251,0.34126185183914814,0.2774219015142172,0.2372042912586202,0.2560648606230104,0.2732908580372711,0.29044109809383756,0.4305850616443666,0.43143599475771616,0.3942939652839845,0.29343928576071066,0.22026969510746494,0.21717664055052877,0.24458492278326527,0.15316845221226147,0.18001400152398034,0.23265458127776453,0.23037560995933723,0.26336855292650635,0.26113311848973125,0
Energy,Fossil Fuel Combustion,Transportation,Natural Gas,ND,CO2,0.09638948460606127,0.11127676754841971,0.15204500296178605,0.23966016809421695,0.23981382453573286,0.26131441040913544,0.2677122228186846,0.2786983360122866,0.025094319505330552,0.5299974838325213,0.5820493972757699,0.746407505944024,0.7612303284181506,0.7593023179516158,0.7642878016315093,0.7297127996148717,0.7188212169181868,0.7367798824190415,0.6330981094515399,0.4950749486261191,0.76759720230357,0.770756869604375,0.8804766447744268,0.8454266628715806,0.8851241448980837,0.8194833918560666,0.826972271137053,1.0659973331746841,1.177238529275892,1.7041759094808617,1.5546251313654555,2.009486059618972,0
Energy,Fossil Fuel Combustion,Transportation,Natural Gas,NE,CO2,0.183445851720179,0.12332954807147896,0.1329404243182017,0.1310649805218539,0.17233145281137635,0.17753341228078756,0.24496301776449436,0.224729679104474,0.15294828913691977,0.15661186909645677,0.1689837902801904,0.16583285479654752,0.14209703571406385,0.2868593254272515,0.21633186094013535,0.23815691893435764,0.24247925592026198,0.29079797512849176,0.5323695391836587,0.37371334014692303,0.3911030015046944,0.4978940168172698,0.4119476841766975,0.3840681311998847,0.39344129849856363,0.3963762555474431,0.3599115199965247,0.41595263423653606,0.5287892665876613,0.4021380734638397,0.3552462215307352,0.23397146200448554,0
Energy,Fossil Fuel Combustion,Transportation,Natural Gas,NH,CO2,0.0011600485018234945,0.0017444813914954161,0.00432755648832574,0.018187314763823213,0.052927350372044324,0.0022158702275759516,0.0027446836724313102,0.010374557347327083,0.0012176568536341832,1.591584035533097e-4,0.001852312138993631,0.0014369342360419713,0.003397164843369476,0.001431645431892013,0.0012716053545342272,0.0017464840721852894,0.0016387305283470943,0.0015867477726181798,0.0012167841996645287,0.002486484567795212,0.015032244204538261,0.013121967712081073,0.003493324830484651,0.007045663648218574,0.008446344795353574,0.008224886388055483,0.015903312906481788,0.010235262689229831,0.009892316211673937,0.01016596578078436,0.009409795748879594,0.015831062941692953,0
Energy,Fossil Fuel Combustion,Transportation,Natural Gas,NJ,CO2,0.14173683513188876,0.1580605866839786,0.19305123944262878,0.1597734453961446,0.1409984613911261,0.1400746536717655,0.17565975503560385,0.18936186996585896,0.15866598218876724,0.24011697816075994,0.17321764659789007,0.22309734509214607,0.09618222962789827,0.10472221214765653,0.1034768857252227,0.08309030282820921,0.0658663947845316,0.09234872036637806,0.11305512324709122,0.09887743951509045,0.29921576228258734,0.3173611384558963,0.2608349206761873,0.3192798105850628,0.6678947146925839,0.3671673641437076,0.3563187449877514,0.3342288099807783,0.32380143065056777,0.49638504788986126,0.390030747388953,0.43241568911306477,0
Energy,Fossil Fuel Combustion,Transportation,Natural Gas,NM,CO2,4.238606307753626,3.955320808317273,2.7712194049022516,3.435816387330858,3.132716941170932,3.060802648876639,1.4778010280909963,3.341864987942027,2.7213042430654033,2.5186286834299416,2.354447498272818,2.3658323899633262,2.155872658022676,1.598140493230566,1.485341021208855,1.0810736406826942,0.9576001135808909,0.7431268735095141,0.7460474253769209,0.64315304022737,0.4806613014838449,0.39572256660747723,0.4176640338993088,0.4879519388251225,0.475845949908232,0.4823157735764843,0.47007234195670583,0.49071225913673544,0.5543929085472881,0.6776251565754075,0.7215410234632448,0.6077222088453235,0
Energy,Fossil Fuel Combustion,Transportation,Natural Gas,NV,CO2,0.04302725352218052,0.019136432233980018,0.029184618756635784,0.039018134580527705,0.04085991448721822,0.04616396307449899,0.04792639951091595,0.03536780913861505,0.05987695223740265,0.06339809741540169,0.07001739885395925,0.07205959094817885,0.07240207572431194,0.12423500914529582,0.1586327679781448,0.1490333074931447,0.17428692103097967,0.1854379230266446,0.18865445460885694,0.20066459501377107,0.21023969711417598,0.25751861634959106,0.3753736317848052,0.3042879097396052,0.3211722608433196,0.3113857628708698,0.31626987062524914,0.2701265204580245,0.2838618651970179,0.30736162165340214,0.27589732591799215,0.2529793268742774,0
Energy,Fossil Fuel Combustion,Transportation,Natural Gas,NY,CO2,0.256950743153904,0.2734606738850238,0.326308314235586,0.3401662302047632,0.33809991417661917,0.45340925561399353,0.4424218950446007,0.40602244891130074,0.43242700784713073,0.46781960084436164,0.450694005019136,0.3304948742896534,0.4864846217106444,0.4546269604830416,0.47324912611248815,0.6939363380149549,0.768934653720543,0.8438853570707685,0.8633348414924106,0.8361465658298581,1.0136178750595344,1.2332004091349742,1.1726985597608777,1.1036263968671998,1.819289879264189,1.9108098235635054,1.5121355992807604,1.4112000330490695,1.499294257065576,1.6835262914886433,1.5088448891265245,2.0048796968232288,0
Energy,Fossil Fuel Combustion,Transportation,Natural Gas,OH,CO2,0.5513394152302936,0.5030449976203146,0.5289646180791329,0.5709970914223567,0.9892651058038805,0.9781484290299558,1.1181419022458627,1.089485711732182,0.9901667884139184,0.9830153531464252,1.0455508176559474,0.8892494129639,0.9234449496890431,0.8531546295978704,0.7475449977968086,0.7621550643497076,0.6941345344427643,0.7706833931606499,0.6317226142693103,0.920369617573049,0.8739344509194763,0.7828206141138689,0.5279154827159683,0.567944059943995,0.8538726691552755,1.1481625055941298,1.0524189029375774,1.6848086531848734,1.6443462947789982,1.845917005288985,2.580504324077576,2.968138988121623,0
Energy,Fossil Fuel Combustion,Transportation,Natural Gas,OK,CO2,1.4013913196801369,1.343885028321105,1.3882484564074218,1.443142278468949,1.4272918574829192,1.65050676665443,1.8269036782729327,1.3788205888631926,1.3186164892811563,1.3242509703647212,1.1570600084233642,1.3279401132488617,1.3185246048327777,1.7130432951161212,1.7175679490806683,1.725843805877645,1.7212485397906367,1.5604606511851387,1.5224615520846003,1.5914030273159103,1.683293768284246,1.6996651968354048,1.8085895372372807,2.312355024396547,2.5985179762905273,2.614512122418483,2.7824985744417177,2.8219779934099236,3.173053000046129,3.2144042530501964,2.4810142364405454,2.386678341881917,0
Energy,Fossil Fuel Combustion,Transportation,Natural Gas,OR,CO2,0.48611305174139985,0.4805253287482828,0.37438641131930245,0.26974325559600587,0.3220629270138898,0.4020221698602084,0.44015225277701336,0.6985011312990774,0.7442001039798135,0.5790182721269408,0.6457689348571509,0.6055879508119107,0.5000732810841223,0.3836279518421747,0.5237954389552236,0.4091535867292264,0.46090617666639727,0.5299737560544721,0.4087865874264267,0.4477259339840613,0.3508758691263526,0.2805878821659916,0.25421877516390573,0.227209408926387,0.20983887850956534,0.2644617315543994,0.285889787830475,0.3025205992785766,0.3633706954972635,0.3285936647684778,0.39489423732657625,0.44236966848777465,0
Energy,Fossil Fuel Combustion,Transportation,Natural Gas,PA,CO2,1.88518427441789,1.8675994872770167,2.1109503899578206,1.993572900579889,2.0857080961111505,2.074318327085802,2.22609680547674,2.126312685413537,1.7995909464666584,2.0298532261177273,2.128200801295739,1.8764764529112543,2.069351115918109,1.8791671891204798,1.6283436400375166,1.7100725254682143,1.5225392476597746,1.9313364972384275,2.061973085483681,2.293014906849955,2.62095646576099,2.8335513584075716,2.0706418286877275,2.1216453316628114,2.356635777213589,2.4094699226547154,2.2479676220334905,2.4378918471336704,2.5864439387025335,2.78933980884115,2.6171390906729326,2.9335118471053447,0
Energy,Fossil Fuel Combustion,Transportation,Natural Gas,RI,CO2,0.006802102578874126,0.009198174609703102,0.019526779276591754,0.012107253142196265,0.020588739294725242,0.03424047089754268,0.04085356081657372,0.04647592104585415,0.02022369209079382,0.015120048337564423,0.018470198185965063,0.01750930976510402,0.020276827658861556,0.023383542054236216,0.019656899438841594,0.044773500759659246,0.05143499368005558,0.051675085794932046,0.052110105942154816,0.05348587017108424,0.08421232580781822,0.05894303238410611,0.06044510540020412,0.06335799791931891,0.1687685269421586,0.17335529771747712,0.14445068932332628,0.1592796807153859,0.13426042002795963,0.1359168445795492,0.12370180928302386,0.1257484096539156,0
Energy,Fossil Fuel Combustion,Transportation,Natural Gas,SC,CO2,0.1549719339481477,0.15245710100220547,0.15716418563700066,0.14988673649836862,0.1455502135231219,0.15933162112569937,0.17106768812211295,0.1594433232723046,0.17380728045569666,0.1967197867918908,0.18935922380912032,0.16242678845926284,0.17410469822268562,0.15567818474203524,0.13881691786998643,0.1336324934020562,0.12618225068272626,0.14354778182952468,0.14294569163015464,0.1558549688664829,0.1872149568713093,0.1846599488514635,0.18482864103109697,0.13736395368293808,0.13234366501219633,0.13987579222763588,0.15565169376244303,0.12852113356166944,0.152669650197278,0.12643919939850548,0.10874129132272653,0.1467153023793685,0
Energy,Fossil Fuel Combustion,Transportation,Natural Gas,SD,CO2,0.005905701463828699,0.01834348614693665,0.09351744021113673,0.13762087305299947,0.136129145156898,0.14619467620507054,0.155127409870685,0.15771423038108343,0.1503012090203237,0.3215530279788701,0.333522031426796,0.30649275056910047,0.322465256616712,0.33691389163858715,0.3312531948561661,0.3064814927886367,0.28741218976203714,0.3016936431671366,0.2485943023575487,0.17177905088576712,0.30884910187845344,0.35588046303006976,0.34488643326421187,0.3762278438319422,0.2869645644221377,0.32625382672620085,0.35721693873994476,0.3644597662742251,0.3676556025194324,0.37455230173577375,0.2961971100054627,0.3308639208115026,0
Energy,Fossil Fuel Combustion,Transportation,Natural Gas,TN,CO2,1.0695647186812618,0.8605050936594661,0.894537591184406,1.0244639481936115,0.9928112382788075,0.9680187365610372,1.3264739494590625,1.257522102706313,0.8993719404146738,0.8320270809755188,0.7616178283502095,0.7634378376304473,0.6331996783836636,0.7055360783983382,0.5797990581111687,0.5042575830236798,0.47824500290181166,0.5493849704728344,0.5625246258709972,0.6382329750187541,0.5467714177214094,0.626838514052518,0.5317793116951407,0.36414956329213893,0.40352412259801695,0.4474127300579412,0.37782256011379156,0.30579166261224794,0.4652562624688357,0.8304323297178223,0.9564687330588679,1.0146175891359936,0
Energy,Fossil Fuel Combustion,Transportation,Natural Gas,TX,CO2,5.827978214206524,4.506418338812416,4.4931646866228885,4.479842272915791,5.293793584211874,4.520902852404364,4.158987499408174,4.445183442803978,3.7013591854339247,3.928294663701606,3.4493756652339393,3.88520407532489,4.978757400760677,3.1868957552965065,3.171913589772751,4.519530312497186,4.726627466504099,4.968530408806886,6.053131067705046,6.47295417709463,4.491676912665905,4.77311575526949,7.656097728483997,16.138436923189857,5.755920029758607,4.8726125013545625,4.865462720704635,4.683213030268945,6.51327027404354,9.52572172754871,10.859432934417663,12.319637877167615,0
Energy,Fossil Fuel Combustion,Transportation,Natural Gas,UT,CO2,0.05025119191989955,0.049374109686567226,0.0816430474078039,0.1544335651893244,0.17016143144612253,0.17489547153367332,0.21894130525471295,0.17526714306469238,0.18968976115527295,0.19327135471490242,0.19597462430552615,0.25965933843143624,0.3638682031452774,0.44895340266035844,0.5003237234527794,0.5044692780627327,0.6338186785445697,0.680185878528993,0.6598144581833044,0.5751714940653095,0.5846696108567945,0.6413890830880918,0.7298402437508008,0.7598192007999925,0.7948538348977422,0.7884291733780878,0.7030215333343743,0.621343756139483,0.6982282442667609,0.72247189103543,0.6812057753936093,0.6816887470712266,0
Energy,Fossil Fuel Combustion,Transportation,Natural Gas,VA,CO2,0.38170868657728524,0.3657067353444027,0.35401523077669594,0.3204985526113264,0.35196687997409476,0.34641437891104043,0.43276271981277514,0.4128340269676267,0.38822076989997667,0.4523281828985062,0.4494238481238261,0.4312399301721516,0.4462494505969872,0.39497506748754097,0.3177953715206789,0.28197779201827944,0.3053853632987472,0.3872193481112565,0.47205936580898206,0.49126586588396476,0.5554520094451568,0.7723442044082558,0.5318851700233372,0.47703910640758096,0.42284513631738835,0.4540031838945242,0.4865568390557834,0.5322864189259782,0.5904707676722165,0.7770080616302629,0.610949491403379,0.7704274142627899,0
Energy,Fossil Fuel Combustion,Transportation,Natural Gas,VT,CO2,2.63647386778067e-4,1.585892174086742e-4,6.33300949511084e-4,7.401814148067586e-4,7.939102555806649e-4,0.0012662115586148295,0.0016362537277955884,0.008697861210385332,4.7647442098728903e-4,4.774752106599292e-4,8.467712635399455e-4,7.982967978010951e-4,7.962105101647209e-4,7.953585732733407e-4,7.947533465838919e-4,7.938563964478588e-4,7.929341266195619e-4,8.462654787296958e-4,8.464585736796721e-4,9.52270685538592e-4,8.998174347786989e-4,0.0029630249672441137,0.00624564136359377,0.004926667062288176,0.00680986549125382,0.007486755558358197,0.007502559577144232,4.2207268821566323e-4,5.290008669344351e-4,0.00121779798415646,0.001744512695017003,0.0019060811568593521,0
Energy,Fossil Fuel Combustion,Transportation,Natural Gas,WA,CO2,0.2771461329811039,0.2812844086105185,0.16977742954809644,0.23527194970643397,0.3586886534713444,0.4795776278253666,0.3829361546824837,0.49273907724375693,0.5136923674266295,0.44012603862608574,0.3468586788275502,0.5141563575704254,0.3631250733357903,0.374348768487319,0.501966213702386,0.4740381161988981,0.3840972909345158,0.4288450313462733,0.3868315681716102,0.436404493611547,0.4385816037986059,0.3895848720324715,0.528285986864656,0.5780622686418128,0.5236205876569506,0.6989571720926381,0.7101542484253215,0.7128807703962552,0.7790066766476491,0.7449217321346622,0.7749865487560385,0.8232682196668352,0
Energy,Fossil Fuel Combustion,Transportation,Natural Gas,WI,CO2,0.23411887945892337,0.23545212477941163,0.21358074522261308,0.1958837244185029,0.5297498498737916,0.22670462780699677,0.22807265670337862,0.24107746643965608,0.23627837120736342,0.23157547717006563,0.2265113129969354,0.1649281184257063,0.2151891605471852,0.20218014932608322,0.19137660585740116,0.20163952469775612,0.16989935219701807,0.15682357152709678,0.14548506735119365,0.09194702508144849,0.16191420782282587,0.14307177698978718,0.09924218268422304,0.1579711954811112,0.20952214057973959,0.19339027738068917,0.20399565160108366,0.21905572518392918,0.2424410973160516,0.25632000179571396,0.23043426780542778,0.22925920581113876,0
Energy,Fossil Fuel Combustion,Transportation,Natural Gas,WV,CO2,0.4912278110448943,0.4711157018487015,0.9393436333623151,1.197243438449932,1.7003969854026677,1.4824171822483116,1.8234200413040775,1.815233155256563,1.7453787456787715,1.6794925270957086,1.852206292585688,1.7315057544305759,1.9144616313407323,1.0427681134662345,1.0675126951314835,1.1128808203003717,1.1202044718130089,1.1867286591411366,1.0388162845483777,1.2672606667439683,1.2299975029051413,1.2301844730076006,1.8255797989128197,1.6874629312056726,1.6876324797666151,1.6868398403810716,1.1814417936938182,1.1033507660817703,1.11391712550384,1.4337718092596858,1.708195112548013,1.9463206479486053,0
Energy,Fossil Fuel Combustion,Transportation,Natural Gas,WY,CO2,0.2931758940972104,0.4374419246855929,0.4414107618092255,0.377756872056735,0.346250726133914,0.40698149846478315,0.4562508781633892,0.5859529031068624,0.652028774319939,0.7662946603080018,0.7808289513917722,0.7399679117750952,0.7266747922770018,0.7947753103196069,0.69572707959953894,0.781948550501141,0.7638070130350698,0.8037406384235287,0.9336967104295333,1.0618347183025043,1.1365752810001764,0.9804437971970253,0.9130280806948519,0.8450028635543946,0.8450040071201542,0.7240008966716531,0.7140640329936924,0.761893961315299,0.8559234026999161,0.7551935933923297,0.7592330704798244,0.7284406821130825,0
Energy,Fossil Fuel Combustion,Transportation,Petroleum,AK,CO2,6968.598117860561,6837.786448993313,5896.746667316987,5914.481323838976,6469.008028526356,6804.396525533297,7639.233584446272,8644.428136662222,8971.183327391584,9687.23984390655,10595.524844518499,9938.858706644849,10340.73672822523,11206.385656206194,12677.375112081148,13081.293424086414,13002.007017578502,11899.300843543806,9755.783314604234,7679.9368894770305,8130.627646135658,7471.330524056806,6742.9309601399,6284.338860373612,6304.210533397377,6742.478139780173,6563.876015866613,6669.059798054786,6820.57033557571,6737.134690313704,7543.72809186269,9152.819788561415,0
Energy,Fossil Fuel Combustion,Transportation,Petroleum,AL,CO2,775.7614778488332,924.0995644220807,857.0396649647388,805.550865292742,1418.4211552418774,1571.561726125269,1463.9718251584484,921.9871509169395,1472.514125021295,833.7183823801233,991.3555459334951,988.0435214133767,954.0577899404307,1081.7845354376639,1076.9662782855055,1041.059121238709,978.2500850801023,982.4375924322384,917.6357726925748,742.3970505541429,901.8052363494214,1009.415121873297,965.3073592578404,853.405764694183,868.5806885327521,831.1551985816943,785.134362229387,862.9238451867766,856.8008458994685,904.3475979010515,664.5567405171948,729.4439845646458,0
Energy,Fossil Fuel Combustion,Transportation,Petroleum,AR,CO2,673.114574569235,707.903362976917,456.9846008724072,417.69780799244256,660.4005233726442,490.3959001281396,645.6938794901713,648.6365599166152,644.5248669674645,1892.0630823566187,2012.0222186804879,443.1399672084812,343.79695833310666,355.82689534673807,314.9632099701233,531.5066820050882,503.46739643863685,521.4738866070697,462.8399937951965,345.90492346399924,585.848434128709,580.1860042693745,599.4182007549374,567.1018543753106,584.8893564000816,550.317830442389,533.9478193857709,567.3166331646363,492.36260973293395,524.8337503263429,399.5036628887484,427.87171989808957,0
Energy,Fossil Fuel Combustion,Transportation,Petroleum,AZ,CO2,3383.072213421814,3839.6706358939523,3319.8497317439987,3162.804379198865,2996.7910221211746,3072.757895311722,3267.606379481594,3292.230642979159,3578.937676383898,3969.8009501077363,4299.6922169333475,4088.0148869524332,4265.254130331172,4391.589945547044,3412.4122399090215,3316.4784741141284,3195.145784065589,2741.102970878623,2800.1579904356076,1947.6591225963655,5254.221105599578,5394.455107881853,5281.342381763817,5335.64390994813,5435.291647425811,5485.694422165924,5470.54281447797,5716.312150046818,5532.666460841644,5747.309817080334,4049.2591772224337,5239.318712368335,0
Energy,Fossil Fuel Combustion,Transportation,Petroleum,CA,CO2,38162.083935067436,36267.24007392391,34939.82968580404,35975.66064727754,39870.805284324204,38448.92447024412,42627.64035819705,42391.182903447814,43333.71289867164,40551.23066249317,42326.12192519162,39959.95625340373,42234.161648811656,40991.69400943721,43323.014912496736,42997.77699134374,43729.26065338768,45525.276904358965,41437.098011915514,40264.03912069246,31569.81280215027,31422.893671879545,31571.26920120238,32359.7452901378,33070.75342981577,35644.19731515584,38580.5941880859,40999.45106029132,41773.056709663666,42633.99200693341,24505.63432187173,29026.01403233283,0
Energy,Fossil Fuel Combustion,Transportation,Petroleum,CO,CO2,2473.018286643077,2635.1858611460993,2976.066855786743,3617.07336871246,3200.4923571582717,2996.29058441495,3196.6909805707614,2957.587677941145,2804.314477826588,3216.0664199977846,3127.2945898840753,3183.889787372101,2943.5725190519734,2337.038247363903,5081.569317537305,5067.9833586353525,5341.402486028997,5563.661188838658,5412.413994369248,4461.422815837123,4701.537781199771,4583.546185995381,4595.5404529248335,4529.453726310534,4586.599864056193,4474.394735144673,4883.053169915631,5220.2872307308635,5447.285735367414,5658.759986421827,3136.9594110707462,4737.174830215496,0
Energy,Fossil Fuel Combustion,Transportation,Petroleum,CT,CO2,957.011485627715,915.6248872532689,935.5783865651266,943.2556684908832,999.4796982152523,1013.6530143347427,1126.624971340853,985.526918322741,921.3064047699546,1021.3809518263186,1079.9710898769001,980.3056679206617,917.123896448832,880.3354426651618,993.9618385812037,1024.6545159244415,937.2448840642284,858.060985051327,796.4942356926956,591.3405286254067,808.1119059551988,831.1820084016664,883.1778146957307,647.7832462214335,745.3223298883632,657.6854808304528,692.7499478026963,895.4306338108253,1039.6860903590557,827.0295385897535,443.1518170331816,647.8561715873918,0
Energy,Fossil Fuel Combustion,Transportation,Petroleum,DC,CO2,5.733371325688314,3.4737492838184183,3.6455954031249793,44.52133191549448,3.7683389730513634,3.8085972640772634,3.7820861234030176,3.8547638777550985,4.020447911904635,4.032907512756315,3.941760760479589,3.9924649747706,4.269281264184025,4.311969568066901,4.319389033705499,4.506900539005974,4.520097209718787,4.4934950106256695,4.1875266040922074,4.197880551966552,4.092353874995546,3.9480522836665743,3.896990422502672,3.891773391988974,3.9913754894623716,4.224848130452279,4.967044093534503,4.587809726342155,4.862567453963813,5.099588970717148,4.27673948219605,4.561140434473593,0
Energy,Fossil Fuel Combustion,Transportation,Petroleum,DE,CO2,499.1984234655877,914.8614161596311,554.2899832695227,549.6005036169066,216.2088136920343,30.41497205993127,25.416633449431735,29.96537436050373,35.453185542536765,43.17892886173104,42.74502952604595,52.99871432909922,50.832629445981055,58.341539335331504,68.16167072167259,68.52203601739828,59.13500513746266,46.2101927549894,48.015775820722084,32.63595162279318,1197.3830782651848,973.0350528745234,767.4795366317712,531.749579324174,526.6176633496314,542.5766725983788,547.9945059661363,743.9417446834617,799.0958740756993,738.3890160207394,602.5423664041552,820.0190440212542,0
Energy,Fossil Fuel Combustion,Transportation,Petroleum,FL,CO2,12831.881993111172,10074.000124980443,9838.15821557438,10740.30215381092,11569.01868347414,11340.531763461337,12083.840750190731,12567.045096566719,11746.567626536822,11941.207099604544,14463.407200972793,12631.725266392907,11151.174251276041,10588.306151392473,12063.13915166008,11510.471255268412,11404.658695996839,12846.557445916658,15893.109392230599,12966.268637201088,17490.64736235458,17752.75506952387,17664.69902454644,18239.86054515204,19076.1714544198,20115.690958575058,20733.26179680109,21617.94905998556,22416.174110025153,23165.035077727083,13860.361504681014,20085.08583650255,0
Energy,Fossil Fuel Combustion,Transportation,Petroleum,GA,CO2,7450.363061356862,5836.973066912584,5015.26388152655,6139.770168830204,6849.167739879574,7465.460537807674,7131.2562219418305,6290.438782140685,6255.75032111372,6326.813300492297,5398.2975984997065,4112.207303974984,3101.1364855440943,3658.49834850085,3817.195685404134,3983.0739571172558,2742.0169953456116,2812.713538436111,2646.7825245198856,7431.200520650462,10312.339356016624,10216.934577728452,9797.222815335106,10060.000093656196,10163.726878560816,10660.138720473456,10745.236813142366,10750.304484140297,10606.616967494207,11102.94815033318,6053.514023143474,7190.212643889011,0
Energy,Fossil Fuel Combustion,Transportation,Petroleum,HI,CO2,5056.712506922192,4452.505513862538,4019.7368274160126,3582.998859159827,3813.2749792546124,3999.301919269204,4133.486155691641,4188.360405317859,4097.390594416727,3882.510802007984,3867.4831798452983,3645.7165453213433,4175.789636799529,5207.070487460269,5481.890369722254,6707.20692406195,6282.3811303380035,5226.862274954952,4385.479209521196,3812.6937999021948,5503.856594018938,5707.552869349063,6028.554780971629,6330.805230146773,6444.086665835124,6664.343499863678,6609.42533941546,7043.244876276674,7145.766916264061,7299.76060927074,3708.510010090299,5519.916261907077,0
Energy,Fossil Fuel Combustion,Transportation,Petroleum,IA,CO2,373.09480818944166,372.0299741418402,336.59172311512833,303.56589545696005,375.10869536414936,437.91556162365515,353.3945207637799,342.84645127903946,504.39329334093134,381.458329558673,334.9001466453399,336.82746374559537,339.3207061884936,344.03081415343445,392.5925761356467,425.4169562394155,443.0738353203967,388.7649181784665,341.91941423009285,234.38180555492386,425.2049005766442,436.6388268875783,454.80487826197,418.0902715353287,410.27817325654047,449.6914442467206,448.7947082577134,486.09910380988447,487.977474886852,486.2439146025186,349.3144637065715,431.03297908314715,0
Energy,Fossil Fuel Combustion,Transportation,Petroleum,ID,CO2,452.084359501656,379.4070508312349,385.8771388351741,426.63244802256554,475.75926134466124,617.292913802492,362.33026445612455,318.888377720507,301.7299635050502,358.83053053431905,368.3867228718043,304.2018451804699,332.5984093378315,288.8390746212891,344.547607405149,343.090446379486,410.00223684846424,378.27299807926727,352.6859646988066,243.77213826144205,519.1429456409655,441.56780754966263,442.111546802353,463.7166536752085,547.5531679695473,538.1105507525932,488.14970760660105,561.8125149422715,612.0612754001198,571.3256553920887,385.35829247054716,606.0423196996513,0
Energy,Fossil Fuel Combustion,Transportation,Petroleum,IL,CO2,1634.3106393413877,2634.100336856763,3023.196994125589,3734.699254111535,3913.3455644254377,4218.42641273325,4998.824791094824,5177.469334797247,5444.006509731685,7528.932675932291,9352.204506857839,7699.852475297436,5621.056259290558,5532.875544190426,8882.643881447819,16242.727408401643,11760.817903943022,12167.725357278654,11517.15581476853,10277.379929201532,11572.80401211997,11518.210628119332,10936.061700651695,11195.098050191258,11619.474970354077,12473.879707193975,12744.932066189307,12822.260187708516,12617.156628173709,12872.599794016665,7609.0678495132015,10624.028540955682,0
Energy,Fossil Fuel Combustion,Transportation,Petroleum,IN,CO2,7233.780439207683,6963.837733110801,6467.981754425919,6614.258765901349,6986.755994308955,7008.620528253011,5185.725762482318,4539.620901163855,3992.421937134877,4622.373424584645,5776.633210872225,4854.6210355599505,4455.425830015778,3872.905773792262,3546.126541197795,2888.133679563943,3262.553602220039,3091.97515569358,2604.020599728698,3087.936809792501,1592.0596379452593,1629.9881334464892,1617.2433712230877,1627.604809029811,1776.527425197465,1891.2497600173983,2001.0819222853536,1822.543991321305,1888.3753961327511,1946.2303157238032,1386.5094655640928,1836.5965965629255,0
Energy,Fossil Fuel Combustion,Transportation,Petroleum,KS,CO2,1487.9548235203101,1316.1162655471799,1662.4294752563023,1450.561966946078,795.3139130276443,984.1502972859406,837.9035210047393,887.7892354612193,899.871354515295,1439.6579142130188,1340.0426105818053,939.9216775860734,889.136707566597,1338.2512752032799,1286.9521694398668,734.1328821516737,733.2480794414254,647.9051881655787,726.3845608840209,1017.111852018697,796.2022162562563,723.7974297375986,792.7416091318509,475.34243576198776,707.8796713257284,525.0284992826759,638.2237795735476,504.63427340901234,574.8290471186067,547.4755303176315,471.585112437152,545.5532037200321,0
Energy,Fossil Fuel Combustion,Transportation,Petroleum,KY,CO2,2320.6189322720898,2584.5220004313655,2791.4492135399382,2315.957901843596,2570.5182121482953,2557.2570116210804,2311.377689447785,1892.1175682777093,2217.753871650562,2877.540233426975,2750.7079581065677,2484.9207859851917,2629.7783099869803,3322.1642345267783,3731.2465831863337,3420.0629525367012,2937.1771399805484,3294.9807107372812,3066.633223963092,4056.1502635896472,4071.270109283709,4263.426584848904,4229.7878606703225,4388.548849773043,4387.703027576501,4575.522884370353,4819.081783453615,5347.304670358595,5862.379257281795,5599.1988601003695,5433.28467333257,6030.36035551973,0
Energy,Fossil Fuel Combustion,Transportation,Petroleum,LA,CO2,10409.95386359846,12954.198617772943,10844.134174818493,10105.756420715803,12971.74840566712,11618.300260972032,11908.91160972307,12498.24620926885,11762.194665487199,13951.647643031683,14518.107002046054,14133.861275830917,15451.922596644568,15635.274842347846,14699.737774345442,11595.082649116253,9554.997107065657,9203.56802460029,7998.10564812205,6606.528712690109,1674.0786794968844,1682.4910547836134,1717.7349202483208,1523.9599964080367,1645.987890475875,1659.9143950997106,1579.1689090871441,1613.8132221733008,1628.3862912981078,1746.420163109724,1035.228501781907,1181.7327269233788,0
Energy,Fossil Fuel Combustion,Transportation,Petroleum,MA,CO2,3968.305250653536,3781.3666811788257,3188.667845085483,3126.468755054649,3011.124639659829,2692.387386207039,2839.5184248121845,3015.5211236031205,3194.0571628535595,3336.180542430933,3387.260959753832,2895.666477947301,2325.006011347973,2647.6525446354435,3400.6433283752854,3723.5488996666054,3461.634482987768,3400.228165297056,4554.897452755981,2566.867572784343,3527.983258752917,3553.9630326380834,3533.445926930112,3626.8774723389115,3820.6610852558224,4041.351928574207,4693.432048380761,5049.464206396851,5202.526698399805,5607.274867903973,2313.739571961744,3152.9097844373337,0
Energy,Fossil Fuel Combustion,Transportation,Petroleum,MD,CO2,1465.0505230904798,1329.0289018604676,1238.1773246917758,1215.4971908586888,1316.7706281758662,1401.3731119047375,1618.7967276107474,1702.1221812949161,1631.4649268539172,1638.8533750803367,1708.7134508259169,1226.424661479831,730.8806066659749,987.779653037046,1314.3291796431179,1815.1155628642298,1725.7498642542125,1471.0790834878185,1598.0505555681739,1397.5602563446942,2636.113582589185,2707.3219330316615,2595.7397487409426,2573.6500635443685,2485.852090521958,2640.1553883983142,2786.40803228037,2977.279601719783,3049.8020818706063,3046.6126125750793,2425.981906306357,2301.118730734778,0
Energy,Fossil Fuel Combustion,Transportation,Petroleum,ME,CO2,1003.2608051733912,942.3128029322964,756.011642230564,593.7602203651654,404.31337223812403,344.3906573456089,371.8319041630028,398.03054767427244,388.02530510861675,361.45965971085144,379.6758520486092,298.5943223880646,282.8741338265564,386.5575153031932,453.5570863790648,591.7411220395281,740.8517837430115,730.5139616922403,581.1923994351125,511.23953811519317,356.2679305680313,343.5491272672942,323.26412759607064,314.73865929732534,290.0204983237512,293.8880845875515,229.0229619483609,225.69583526000653,225.28257942425847,209.53197271982546,150.56965746362778,212.787680112719,0
Energy,Fossil Fuel Combustion,Transportation,Petroleum,MI,CO2,4066.5810505567133,4129.270480596466,4095.9592245502076,4176.147834897085,4172.557804421895,3593.232484089148,3752.393620885455,3934.641076652911,3750.8164398408335,3787.2094890802937,3007.3653207272732,2599.5857310339225,2517.5293941179953,1157.3496592336257,1581.7906683277201,1457.0859692401316,1739.6126501939393,2206.9854121653893,1946.1983094991194,1793.0412525468398,3558.3194980172207,3645.0636585546526,3587.296684717431,3627.553981656124,3631.242417796214,4055.7958018613863,4145.602056902389,4257.561214213318,4161.370941246949,4146.340783229587,2252.25014487757,2840.355894354437,0
Energy,Fossil Fuel Combustion,Transportation,Petroleum,MN,CO2,2073.8272435623194,2024.2967803373133,2687.10606364833,3819.647180624795,3954.6651907552073,4032.2738650756755,4375.831071456247,4484.478044529127,4411.581800967843,5183.446196382817,5475.247512824037,4773.753945007691,4559.925848770027,4934.1252418346185,5150.379280541525,5211.594988269089,4849.04457183816,4645.149759024539,4219.8862114587155,3792.951016317501,3454.0937801434225,3354.0124254258685,3283.164191695764,3747.823086951602,3504.709035689771,3677.3506773922204,3795.9950725089025,3915.4784576932016,3799.1615179569126,3958.088224105315,1916.1684441852867,2669.630684649419,0
Energy,Fossil Fuel Combustion,Transportation,Petroleum,MO,CO2,2707.2613575167607,3051.5654695001076,3059.383311765675,3665.612547995116,4302.9532128178125,4625.96954566383,5001.805569724299,5081.856061305622,5260.71686482351,5260.347713099159,2046.289523148014,3104.256339448463,3941.0158772942177,3334.2316320162654,1676.6235172667489,2740.7810396250916,2730.220108814349,2634.215561886691,2324.0784847958716,1524.3754417120376,2174.0025193799224,2177.1991647345267,2053.9668218288502,1961.9918681441045,1849.6640910022088,1916.278749094372,2131.035580390068,2283.3885755843708,2193.3137504106035,2333.9407989301912,1302.9965961867586,1693.6113615456366,0
Energy,Fossil Fuel Combustion,Transportation,Petroleum,MS,CO2,2785.3840797351045,3250.142181922893,4435.819255180764,3354.1602051773602,2725.438869386794,3059.9460831796673,2947.165069703196,3258.690157502169,3167.774246920151,3974.6144892576244,3705.8240731842657,3462.343970451847,2977.1080129901684,3784.462359925991,2526.088287580853,2436.9878313787617,2926.715245634527,1808.5525496983207,1700.6902359693593,2005.82677381051,549.2896229059165,485.15841224013195,499.04478608552876,563.0374096488065,519.4478839834948,489.5485414169546,473.58292455625065,482.04500769098485,452.60861085290014,491.0263651415385,460.78781552129453,480.5832877145066,0
Energy,Fossil Fuel Combustion,Transportation,Petroleum,MT,CO2,287.4253517281286,252.29142316938498,347.31883985620004,362.7683061004196,344.6816339677833,422.8482074361449,413.8859264802133,330.53807521749764,332.8149301523574,348.6413957953868,312.1469243502622,316.1556541599695,320.94179312623845,347.30082662598556,419.4961711609418,462.2900830543243,434.8389598823975,427.1246658420255,347.4750424685271,330.935102762708,467.6520174212626,458.6443740866343,466.64190659740666,357.74727569362517,395.28454867752333,356.52896830988016,453.0815900525855,539.9053836905894,553.5029979742943,490.39669959472263,544.2205019885861,552.3585947307547,0
Energy,Fossil Fuel Combustion,Transportation,Petroleum,NC,CO2,2227.965928967857,1763.513581371991,1882.1802843808746,1971.6071124758728,1779.6935568160259,2029.0538469710266,3778.50028417658,2972.675507673593,2813.2089748702565,2830.9458394679236,3027.3011218592874,2524.231957059034,2022.854150983287,2196.8989628075024,2259.571628847116,3064.916806139532,2228.4758928659976,2980.8400342816976,2185.7616577569543,804.1643762358061,5140.017448426566,5162.959999716359,5313.738849756889,5692.11982042465,5926.089480122241,5915.919204493977,6130.707975264763,6492.666219479239,6524.550519578064,6771.186878474174,4804.4683226807265,5972.976686608174,0
Energy,Fossil Fuel Combustion,Transportation,Petroleum,ND,CO2,457.671598144828,375.8065094272713,544.194907911896,486.20738249891986,331.4856408733845,136.81578758970784,105.29704219119814,82.10727667819017,91.25695101108136,170.43406974458523,173.97829245896463,312.3331075627807,221.04524084711343,233.25940784167514,452.32913173613616,269.3358100318773,305.7562931520463,295.62757883356824,256.23013210982754,286.45184944482,320.42543762330246,348.7307706985787,302.54503669113257,366.62796710982434,331.55747084350185,418.8380643930228,348.09498544529737,319.1645282362189,342.0075124035187,324.6492328888447,327.68523503431464,335.9381783599392,0
Energy,Fossil Fuel Combustion,Transportation,Petroleum,NE,CO2,598.9906561607294,478.31655813844367,480.39326916597173,465.470142412612,508.49275870787545,412.78243217234126,423.6178094402999,451.12597017551957,454.32561821256775,652.2124861476362,515.7253227512095,467.27040074758685,636.7232801804568,505.23966241821967,387.7547542597683,394.0473136647625,445.6535660924571,408.2195866549279,375.0369592689067,296.2114940877241,455.43777774647964,428.43616378027576,430.9166795677502,463.20140676263554,443.0588067813753,522.5474986769558,434.9417447464091,470.2801594982572,500.77882100162526,487.42552406147473,366.56578322444597,449.8538797322566,0
Energy,Fossil Fuel Combustion,Transportation,Petroleum,NH,CO2,257.6829605202612,189.669723359508,154.76694730562457,158.43945891911417,141.52998263019583,139.25914930214174,153.3058635498763,173.80198977277618,256.27257714818467,342.47096507385237,406.90199501106724,367.2473390989469,350.8929411777097,392.9858825357892,377.6014594141169,192.2733083090197,73.39678490006285,69.28668271245967,69.10113564940019,145.29012121132692,382.8200828587394,379.1920109980471,328.9476075575071,308.9983579721611,324.04348147694367,275.7234670937518,280.73712589843547,274.3156700498499,263.10060094464507,280.32215737691183,228.93505943382988,260.27143447399607,0
Energy,Fossil Fuel Combustion,Transportation,Petroleum,NJ,CO2,18710.801327524176,17599.746555941016,18598.191938987242,19399.638579456034,19486.81884638269,20158.854420188123,17644.119864799715,15906.751230399002,15232.551424351705,14921.895453391156,15102.207668451865,13943.954634274744,11890.024016102057,10649.91876284357,10298.10623583037,13080.176575150334,13854.241787789624,15004.5493837033,14488.895851390014,14134.59827595089,7623.381208115679,7742.665863548703,7575.172768104875,8000.526429383911,7596.101760889187,7910.45750251171,8225.896554345276,8685.97411739476,8819.768507232804,8930.431152353183,4066.1457908947896,5819.550794739318,0
Energy,Fossil Fuel Combustion,Transportation,Petroleum,NM,CO2,1147.477613784259,968.7571880345632,1118.3507059464348,1311.4769858297325,1047.0515254430663,903.2223512808962,672.0546620252409,728.8558068474141,912.5911418465865,1127.9088279511238,1248.002121797791,1267.6117212801694,1040.4529024507426,1011.5252697922172,944.6137153309068,948.1702741050213,977.6306603152583,809.663019620021,749.1424899497405,560.6685658154653,681.5296095042348,636.6531007329161,627.6093871583951,614.2250729030151,598.2567642968767,616.9718031575966,593.8768164934555,631.9689128101812,586.2682158838372,601.0558371222095,415.5690649088559,472.3325057160964,0
Energy,Fossil Fuel Combustion,Transportation,Petroleum,NV,CO2,2426.735911114149,2603.589056472151,2453.160121635868,2599.999220705484,2747.9484982396734,2972.0605167158906,3220.3892843356607,3104.533397031448,2762.4613456598495,3431.426961128051,3762.530493187268,3456.0814473692526,3350.2244222903255,3144.974312211479,3253.8310749528114,3353.3808121717166,3515.37093074292,3783.7213111744645,3172.268164075594,2012.4495058971456,5297.856012993495,5257.391956223011,5219.8786425471835,5274.796317732803,5397.994991265542,5538.950053301323,5899.787554104477,6118.39780078305,5926.94133974912,5746.61482405855,3543.5896325791873,4731.32407405499,0
Energy,Fossil Fuel Combustion,Transportation,Petroleum,NY,CO2,2226.4885130804646,2160.5295969322383,2183.3176714078068,2096.905897280953,2350.5855097359918,3152.154477175587,4780.249663267658,5027.742327713562,6118.500037658323,3795.392691543608,3956.1550365192998,6059.189041913611,6378.976035083114,7134.4514312260735,7966.990276757698,8259.046075320897,8391.741870125416,8242.050596104622,8927.967206907837,6921.898659259118,16686.42799788597,16775.312103055574,16889.46258259035,17932.93324065573,18386.635577424884,19321.21215510475,20455.20808943923,21212.321999519176,20584.548423813223,20827.320673806662,9740.398758512207,12641.763716570087,0
Energy,Fossil Fuel Combustion,Transportation,Petroleum,OH,CO2,4313.90217846284,4234.678243456355,4321.791683017445,4329.033620765352,4740.890712855511,4572.6401039522625,4953.815942472813,5221.401569369047,5725.5584282114105,6800.344343774989,7700.105399212181,7667.813533313597,7222.085566829121,7303.370996640447,7692.4084144055305,7683.402804243322,7629.322977377126,7489.103181337653,7426.526094120797,5272.454464319493,2413.585012669611,2325.4408002341943,1983.3872001840168,1978.028046410701,2162.068796096774,2342.4394939560193,2555.8978693633603,2292.1577378634283,2667.7034076953837,2389.8498720514385,2321.0431140780224,2980.407119514396,0
Energy,Fossil Fuel Combustion,Transportation,Petroleum,OK,CO2,3133.7511965322474,4218.760822214965,5190.866630163714,3605.1888657956133,4142.774304151202,2170.5401140116123,1948.2161388416157,2174.724119150073,2211.794162594858,2715.659785410011,2813.2431650410335,2909.545714567824,2658.42837101975,2577.5927564945514,2847.541820194281,2465.779242037598,2341.414485483547,2192.776869267801,2314.0796770399006,2662.21750274998,2633.840886347039,2628.653114054789,2727.2358795928253,2693.909380370514,3094.7441703673703,2965.7199105072136,2956.698436984186,3156.6606333658756,3225.3470108281144,2931.6188771732345,2498.0950480526153,3236.158859754767,0
Energy,Fossil Fuel Combustion,Transportation,Petroleum,OR,CO2,1349.4220830803451,1518.9909211874108,1626.9552088884102,1747.8529876614477,1886.0430181058728,2072.223148159265,2160.730244517724,2359.833809840989,2419.9530427703457,2653.9059445642993,2588.1245974300514,2153.772205793738,2137.4254735718573,2307.3818223017424,2106.060845229419,2230.8307224973164,2379.3678993155518,2324.304676450962,2255.0886471277354,2689.1026651370903,1846.380636529176,1832.799952902907,1857.3651114852792,1979.5787555443849,1952.5428840858083,2021.9079801284931,2097.647846365325,2243.596511975822,2484.1878358321305,2516.9823569712084,1586.7696535448567,1862.5596249303285,0
Energy,Fossil Fuel Combustion,Transportation,Petroleum,PA,CO2,4899.38393562269,4622.951825222251,4451.264151224943,4789.249091245211,4773.479942296341,5004.897962957706,4899.674776086867,6123.955211586051,6907.921455707509,6586.6127043343,7842.15581134433,7788.501516763643,7022.986535068148,7214.785099077427,6767.991063134576,6950.700848657808,6801.896939246914,6407.626584189284,5967.545427177094,5164.467677094632,5079.937941346198,5004.711749305648,4959.237641647564,5111.104724038194,5065.175608321686,5056.1906643020075,5134.186740410143,5299.718393160386,5441.314602188814,5671.119848446648,3306.191079233091,3856.1570595654325,0
Energy,Fossil Fuel Combustion,Transportation,Petroleum,RI,CO2,315.5519747870266,266.7218058981405,226.9046131469045,215.0449124727989,216.11971760431732,204.4096636133887,224.78726876040562,342.8051397710713,380.637706718876,436.8473656025868,529.2553879168314,538.149178014453,530.688423959435,436.28717199785376,427.7675972931863,341.45935730058426,246.80638564131092,141.1952919344528,126.49666593553445,287.858308943376,258.07153088124386,279.97807125441625,251.82184368116478,242.56216950225726,218.1979318968408,233.38774960653222,218.3855282927458,205.03803244536698,183.37731952095731,168.10354939798634,127.15839189746076,112.3612428019269,0
Energy,Fossil Fuel Combustion,Transportation,Petroleum,SC,CO2,1162.2834660010717,1350.1051176684628,1023.0286050269992,808.1069367271217,597.0736102996442,434.7583712021832,551.8402653026022,567.5747612449028,614.0844754775565,655.2232033348827,788.7707454474815,784.6117519826689,660.9199900697424,625.0527346592709,708.2576098142524,687.4975419946378,768.4276762757505,799.3751560462821,745.0332587345806,469.3792153007198,1288.2877935582762,1132.6334300522385,1019.2342317504214,945.0600129396969,1098.3338433364631,1135.0099953799443,1225.862669460206,1328.7612874944084,1424.0233486141037,1491.9363272282574,1230.6531901381713,1372.9072497127434,0
Energy,Fossil Fuel Combustion,Transportation,Petroleum,SD,CO2,426.2598090202799,147.4304064980904,493.1011088099525,462.3368138897367,506.3237880374348,568.1698436315002,417.0571068244341,290.7554148001379,340.77264187808333,320.6137604980559,424.4288324428817,401.42762491833116,381.72510947989264,320.3029123101867,323.41415265331784,413.33056586173086,392.4991399717519,366.2331534330031,275.4176231691025,295.1800140651424,321.28538824008194,272.25049363124214,329.9812519359345,300.4497487068949,408.96391491663957,385.90310675347206,348.6499129771343,344.1138643463158,279.04532166679087,300.8442482860839,279.3844673783341,298.18865381577274,0
Energy,Fossil Fuel Combustion,Transportation,Petroleum,TN,CO2,1708.41895567323,1397.928506142403,1828.5570341328437,2669.4124567113536,3149.658799439678,3285.3086312941887,3846.9111110398735,3896.813524614619,4072.936690799646,4873.612623112206,5299.475441100086,5177.818879660371,5540.068529743598,5514.059443960567,5614.948372934823,5735.474769899989,5854.274199481797,5692.3130223564285,5223.004985397192,4611.020336431803,5138.315609567529,4946.833024339733,4649.8355903848,4808.899852329403,4855.8871771664035,5097.822695221364,5394.674609157822,5633.401677165253,5641.180880139955,6020.986623275197,5651.424434866876,6873.174523264216,0
Energy,Fossil Fuel Combustion,Transportation,Petroleum,TX,CO2,38649.92728996238,36561.67096543463,36281.39602788788,35034.29470413947,33616.68676056715,33456.645333534536,40993.72284889883,43363.346368158316,44591.456616625575,43065.36879676991,42177.53635037539,46327.89047980296,47459.9623017767,41624.226630460056,36502.69693113432,33048.97493128045,33492.28716890898,31021.536236972734,29834.059279654455,25443.093657776168,18807.228266320057,19038.672823591787,18765.2993165575,19498.204718557798,19678.12870879766,21565.61725459885,21876.23519730665,21714.64451753193,21976.072353190444,23376.73347673292,14480.920457026516,18258.731158455263,0
Energy,Fossil Fuel Combustion,Transportation,Petroleum,UT,CO2,2123.6018952759064,2371.0807214925903,2247.3639424395633,2215.166148144806,2115.2900430424993,2268.6390596710653,2589.008492146423,2582.302363188048,2623.477060625466,3059.200352626425,3165.489452436169,2829.034332005666,2639.764724714556,2779.8238478583435,2935.1113771791406,3040.2618678000517,3109.5028944313667,2915.2417529334775,2678.4878687731957,2367.7089815066433,2072.4434726277855,1989.1706153489438,1900.1478580444166,1842.9625061882696,1985.4738947005674,2178.2237276188166,2455.3560429161757,2617.2214670432936,3543.049293943579,3085.641428830743,2164.2569783139184,3031.955840427014,0
Energy,Fossil Fuel Combustion,Transportation,Petroleum,VA,CO2,6328.928652043547,4777.258655722916,4718.545481567839,4812.870941638236,4856.3395350685605,4292.941713960135,3806.2675902940696,3890.70712523929,4213.500421686453,3855.936784180064,4114.055605356661,4130.186334047775,4119.567870098054,4738.072025254094,6906.2141091689655,7761.260305887561,7746.863529480486,7835.472519578992,6807.073995116018,6466.864361045418,8176.878849876138,7941.454503250684,7785.9134059341295,8101.682608285419,9012.604901716899,9436.546514913813,10690.045034610948,10945.966508111895,10972.286531371461,11188.810604550412,6428.990671920161,7101.524368401825,0
Energy,Fossil Fuel Combustion,Transportation,Petroleum,VT,CO2,74.24933049941885,66.93102560925692,48.716390419721485,52.32383031985445,58.78152465431808,54.58522204111766,44.52416843666679,47.09995660752189,53.27577517243656,62.14164307663683,62.6892488680594,52.964478804297336,30.10396705641532,31.583746915340022,130.19357620185565,176.71763557494575,157.56750696974768,133.48153519739793,112.30106656687292,212.7034307497986,69.02108760389143,78.17669542774368,78.6312029223252,73.28113219082543,83.0358005745836,81.35973540038715,88.91802059900652,64.86356873814039,68.71102277947926,72.55268932996285,65.11611278680083,87.76466233601423,0
Energy,Fossil Fuel Combustion,Transportation,Petroleum,WA,CO2,8986.968918931045,8575.92401643982,9689.420579214595,8943.66793892495,8658.426096814626,9270.07352542853,9165.012215150204,9224.631126189754,8985.195211288863,9100.362040003682,10152.391763365122,8960.534732812264,7430.099547386535,7191.77870052814,7898.664806895312,7596.018511890709,7640.536161555394,8403.095143820396,8261.690113625167,7517.0055751312275,5425.239498184778,5456.0274177886895,5326.118417933419,5774.216298204071,5979.231831444692,6686.056261753534,7194.130423991793,7590.509570059142,7615.403013310839,8053.421152346022,5085.028487931895,6586.501895968375,0
Energy,Fossil Fuel Combustion,Transportation,Petroleum,WI,CO2,592.3763543632284,562.0267267740238,713.2896286424378,790.2330339554446,815.866082283091,848.6372943168107,654.1539789493588,826.0833976201242,793.4029162589441,1424.366174807854,1314.0778918037668,1089.578468772737,968.3388187222621,576.7656357613565,1111.3946659867825,1199.618949674924,1154.5245278613124,941.6413199720263,1108.5549145141656,1048.0758447793185,1200.6411975262888,1152.0618411852415,929.6578266935294,934.0810926115564,933.4515841899292,959.0606003089538,995.7562749014868,1042.443141773612,1103.4953263050627,1186.3202850513273,748.3683873455462,866.4659668454084,0
Energy,Fossil Fuel Combustion,Transportation,Petroleum,WV,CO2,118.2180324501069,102.92415136737806,117.11344976687637,111.46929994285767,99.32266194775264,80.09295775295992,78.61775150627369,80.82116093463293,82.17303462604474,85.9956180528997,87.77033801194827,88.73769964947073,112.1122923837084,117.60153527376741,114.06488936523628,108.11930484532832,105.19511957147857,106.7937843779903,102.3548068484514,91.00768376963354,105.91534736244469,112.662645494732,109.95724589454414,94.73771318254158,90.18875471774575,99.68667878829335,101.76395232672022,104.06559334967764,92.6940709908307,96.90204391227095,74.87191615251729,81.495790865946,0
Energy,Fossil Fuel Combustion,Transportation,Petroleum,WY,CO2,61.51206018263815,52.22234379657571,65.29651144637721,60.86868046715352,65.33113335553512,68.47402772773613,67.29675801762653,55.50212714447346,53.504156118679155,78.51620909431857,123.31913058311841,141.87811026701857,92.2580728945173,74.24245852883655,105.61808168380023,90.08504269453906,126.48203411612329,162.05391521722007,167.90548155143694,182.78349329504871,155.41936459642326,155.20519032512692,148.3481864476943,149.11095246513048,127.00582163347757,138.0705178762306,122.36397600859713,138.208463197817,132.75853533070824,150.30399369896503,132.8559152727195,187.01443234201855,0
Energy,Fossil Fuel Combustion,Transportation,Petroleum,NA,CO2,1.744161865785068,1.7383754682885542,1.7475582544424642,1.7838508284328098,1.7348944483991378,1.7231348891879692,1.6663279614776567,1.7183456519138904,1.6685080237924714,1.7271589804391103,1.7556568105370727,1.6205045609540905,1.5390736486167098,1.45221831300639,1.4799510705827734,1.4110860986991547,1.2866694661756688,1.2852746805881174,1.1371454077830947,1.1213198909831181,1.0719678919909832,1.0400164395371725,0.9347482269993383,0.9269936298341456,1.0424412305617141,1.0321589066470556,1.0930380417632604,0.9025807393869081,1.75183596565833,1.0866213998983936,0.8738593372144636,0.9311504378552269,NA
Energy,Fossil Fuel Combustion,NA,Petroleum,AK,CO2,NA,NA,NA,NA,NA,NA,NA,NA,NA,NA,NA,NA,NA,NA,NA,NA,NA,NA,NA,NA,NA,NA,NA,NA,NA,NA,NA,NA,NA,NA,NA,NA,0
Energy,Fossil Fuel Combustion,NA,Petroleum,AL,CO2,NA,NA,NA,NA,NA,NA,NA,NA,NA,NA,NA,NA,NA,NA,NA,NA,NA,NA,NA,NA,NA,NA,NA,NA,NA,NA,NA,NA,NA,NA,NA,NA,0
Energy,Fossil Fuel Combustion,NA,Petroleum,AR,CO2,NA,NA,NA,NA,NA,NA,NA,NA,NA,NA,NA,NA,NA,NA,NA,NA,NA,NA,NA,NA,NA,NA,NA,NA,NA,NA,NA,NA,NA,NA,NA,NA,0
Energy,Fossil Fuel Combustion,NA,Petroleum,AZ,CO2,NA,NA,NA,NA,NA,NA,NA,NA,NA,NA,NA,NA,NA,NA,NA,NA,NA,NA,NA,NA,NA,NA,NA,NA,NA,NA,NA,NA,NA,NA,NA,NA,0
Energy,Fossil Fuel Combustion,NA,Petroleum,CA,CO2,NA,NA,NA,NA,NA,NA,NA,NA,NA,NA,NA,NA,NA,NA,NA,NA,NA,NA,NA,NA,NA,NA,NA,NA,NA,NA,NA,NA,NA,NA,NA,NA,0
Energy,Fossil Fuel Combustion,NA,Petroleum,CO,CO2,NA,NA,NA,NA,NA,NA,NA,NA,NA,NA,NA,NA,NA,NA,NA,NA,NA,NA,NA,NA,NA,NA,NA,NA,NA,NA,NA,NA,NA,NA,NA,NA,0
Energy,Fossil Fuel Combustion,NA,Petroleum,CT,CO2,NA,NA,NA,NA,NA,NA,NA,NA,NA,NA,NA,NA,NA,NA,NA,NA,NA,NA,NA,NA,NA,NA,NA,NA,NA,NA,NA,NA,NA,NA,NA,NA,0
Energy,Fossil Fuel Combustion,NA,Petroleum,DC,CO2,NA,NA,NA,NA,NA,NA,NA,NA,NA,NA,NA,NA,NA,NA,NA,NA,NA,NA,NA,NA,NA,NA,NA,NA,NA,NA,NA,NA,NA,NA,NA,NA,0
Energy,Fossil Fuel Combustion,NA,Petroleum,FL,CO2,NA,NA,NA,NA,NA,NA,NA,NA,NA,NA,NA,NA,NA,NA,NA,NA,NA,NA,NA,NA,NA,NA,NA,NA,NA,NA,NA,NA,NA,NA,NA,NA,0
Energy,Fossil Fuel Combustion,NA,Petroleum,GA,CO2,NA,NA,NA,NA,NA,NA,NA,NA,NA,NA,NA,NA,NA,NA,NA,NA,NA,NA,NA,NA,NA,NA,NA,NA,NA,NA,NA,NA,NA,NA,NA,NA,0
Energy,Fossil Fuel Combustion,NA,Petroleum,HI,CO2,NA,NA,NA,NA,NA,NA,NA,NA,NA,NA,NA,NA,NA,NA,NA,NA,NA,NA,NA,NA,NA,NA,NA,NA,NA,NA,NA,NA,NA,NA,NA,NA,0
Energy,Fossil Fuel Combustion,NA,Petroleum,IA,CO2,NA,NA,NA,NA,NA,NA,NA,NA,NA,NA,NA,NA,NA,NA,NA,NA,NA,NA,NA,NA,NA,NA,NA,NA,NA,NA,NA,NA,NA,NA,NA,NA,0
Energy,Fossil Fuel Combustion,NA,Petroleum,ID,CO2,NA,NA,NA,NA,NA,NA,NA,NA,NA,NA,NA,NA,NA,NA,NA,NA,NA,NA,NA,NA,NA,NA,NA,NA,NA,NA,NA,NA,NA,NA,NA,NA,0
Energy,Fossil Fuel Combustion,NA,Petroleum,IL,CO2,NA,NA,NA,NA,NA,NA,NA,NA,NA,NA,NA,NA,NA,NA,NA,NA,NA,NA,NA,NA,NA,NA,NA,NA,NA,NA,NA,NA,NA,NA,NA,NA,0
Energy,Fossil Fuel Combustion,NA,Petroleum,IN,CO2,NA,NA,NA,NA,NA,NA,NA,NA,NA,NA,NA,NA,NA,NA,NA,NA,NA,NA,NA,NA,NA,NA,NA,NA,NA,NA,NA,NA,NA,NA,NA,NA,0
Energy,Fossil Fuel Combustion,NA,Petroleum,KS,CO2,NA,NA,NA,NA,NA,NA,NA,NA,NA,NA,NA,NA,NA,NA,NA,NA,NA,NA,NA,NA,NA,NA,NA,NA,NA,NA,NA,NA,NA,NA,NA,NA,0
Energy,Fossil Fuel Combustion,NA,Petroleum,KY,CO2,NA,NA,NA,NA,NA,NA,NA,NA,NA,NA,NA,NA,NA,NA,NA,NA,NA,NA,NA,NA,NA,NA,NA,NA,NA,NA,NA,NA,NA,NA,NA,NA,0
Energy,Fossil Fuel Combustion,NA,Petroleum,LA,CO2,NA,NA,NA,NA,NA,NA,NA,NA,NA,NA,NA,NA,NA,NA,NA,NA,NA,NA,NA,NA,NA,NA,NA,NA,NA,NA,NA,NA,NA,NA,NA,NA,0
Energy,Fossil Fuel Combustion,NA,Petroleum,MA,CO2,NA,NA,NA,NA,NA,NA,NA,NA,NA,NA,NA,NA,NA,NA,NA,NA,NA,NA,NA,NA,NA,NA,NA,NA,NA,NA,NA,NA,NA,NA,NA,NA,0
Energy,Fossil Fuel Combustion,NA,Petroleum,MD,CO2,NA,NA,NA,NA,NA,NA,NA,NA,NA,NA,NA,NA,NA,NA,NA,NA,NA,NA,NA,NA,NA,NA,NA,NA,NA,NA,NA,NA,NA,NA,NA,NA,0
Energy,Fossil Fuel Combustion,NA,Petroleum,ME,CO2,NA,NA,NA,NA,NA,NA,NA,NA,NA,NA,NA,NA,NA,NA,NA,NA,NA,NA,NA,NA,NA,NA,NA,NA,NA,NA,NA,NA,NA,NA,NA,NA,0
Energy,Fossil Fuel Combustion,NA,Petroleum,MI,CO2,NA,NA,NA,NA,NA,NA,NA,NA,NA,NA,NA,NA,NA,NA,NA,NA,NA,NA,NA,NA,NA,NA,NA,NA,NA,NA,NA,NA,NA,NA,NA,NA,0
Energy,Fossil Fuel Combustion,NA,Petroleum,MN,CO2,NA,NA,NA,NA,NA,NA,NA,NA,NA,NA,NA,NA,NA,NA,NA,NA,NA,NA,NA,NA,NA,NA,NA,NA,NA,NA,NA,NA,NA,NA,NA,NA,0
Energy,Fossil Fuel Combustion,NA,Petroleum,MO,CO2,NA,NA,NA,NA,NA,NA,NA,NA,NA,NA,NA,NA,NA,NA,NA,NA,NA,NA,NA,NA,NA,NA,NA,NA,NA,NA,NA,NA,NA,NA,NA,NA,0
Energy,Fossil Fuel Combustion,NA,Petroleum,MS,CO2,NA,NA,NA,NA,NA,NA,NA,NA,NA,NA,NA,NA,NA,NA,NA,NA,NA,NA,NA,NA,NA,NA,NA,NA,NA,NA,NA,NA,NA,NA,NA,NA,0
Energy,Fossil Fuel Combustion,NA,Petroleum,MT,CO2,NA,NA,NA,NA,NA,NA,NA,NA,NA,NA,NA,NA,NA,NA,NA,NA,NA,NA,NA,NA,NA,NA,NA,NA,NA,NA,NA,NA,NA,NA,NA,NA,0
Energy,Fossil Fuel Combustion,NA,Petroleum,NC,CO2,NA,NA,NA,NA,NA,NA,NA,NA,NA,NA,NA,NA,NA,NA,NA,NA,NA,NA,NA,NA,NA,NA,NA,NA,NA,NA,NA,NA,NA,NA,NA,NA,0
Energy,Fossil Fuel Combustion,NA,Petroleum,ND,CO2,NA,NA,NA,NA,NA,NA,NA,NA,NA,NA,NA,NA,NA,NA,NA,NA,NA,NA,NA,NA,NA,NA,NA,NA,NA,NA,NA,NA,NA,NA,NA,NA,0
Energy,Fossil Fuel Combustion,NA,Petroleum,NE,CO2,NA,NA,NA,NA,NA,NA,NA,NA,NA,NA,NA,NA,NA,NA,NA,NA,NA,NA,NA,NA,NA,NA,NA,NA,NA,NA,NA,NA,NA,NA,NA,NA,0
Energy,Fossil Fuel Combustion,NA,Petroleum,NH,CO2,NA,NA,NA,NA,NA,NA,NA,NA,NA,NA,NA,NA,NA,NA,NA,NA,NA,NA,NA,NA,NA,NA,NA,NA,NA,NA,NA,NA,NA,NA,NA,NA,0
Energy,Fossil Fuel Combustion,NA,Petroleum,NJ,CO2,NA,NA,NA,NA,NA,NA,NA,NA,NA,NA,NA,NA,NA,NA,NA,NA,NA,NA,NA,NA,NA,NA,NA,NA,NA,NA,NA,NA,NA,NA,NA,NA,0
Energy,Fossil Fuel Combustion,NA,Petroleum,NM,CO2,NA,NA,NA,NA,NA,NA,NA,NA,NA,NA,NA,NA,NA,NA,NA,NA,NA,NA,NA,NA,NA,NA,NA,NA,NA,NA,NA,NA,NA,NA,NA,NA,0
Energy,Fossil Fuel Combustion,NA,Petroleum,NV,CO2,NA,NA,NA,NA,NA,NA,NA,NA,NA,NA,NA,NA,NA,NA,NA,NA,NA,NA,NA,NA,NA,NA,NA,NA,NA,NA,NA,NA,NA,NA,NA,NA,0
Energy,Fossil Fuel Combustion,NA,Petroleum,NY,CO2,NA,NA,NA,NA,NA,NA,NA,NA,NA,NA,NA,NA,NA,NA,NA,NA,NA,NA,NA,NA,NA,NA,NA,NA,NA,NA,NA,NA,NA,NA,NA,NA,0
Energy,Fossil Fuel Combustion,NA,Petroleum,OH,CO2,NA,NA,NA,NA,NA,NA,NA,NA,NA,NA,NA,NA,NA,NA,NA,NA,NA,NA,NA,NA,NA,NA,NA,NA,NA,NA,NA,NA,NA,NA,NA,NA,0
Energy,Fossil Fuel Combustion,NA,Petroleum,OK,CO2,NA,NA,NA,NA,NA,NA,NA,NA,NA,NA,NA,NA,NA,NA,NA,NA,NA,NA,NA,NA,NA,NA,NA,NA,NA,NA,NA,NA,NA,NA,NA,NA,0
Energy,Fossil Fuel Combustion,NA,Petroleum,OR,CO2,NA,NA,NA,NA,NA,NA,NA,NA,NA,NA,NA,NA,NA,NA,NA,NA,NA,NA,NA,NA,NA,NA,NA,NA,NA,NA,NA,NA,NA,NA,NA,NA,0
Energy,Fossil Fuel Combustion,NA,Petroleum,PA,CO2,NA,NA,NA,NA,NA,NA,NA,NA,NA,NA,NA,NA,NA,NA,NA,NA,NA,NA,NA,NA,NA,NA,NA,NA,NA,NA,NA,NA,NA,NA,NA,NA,0
Energy,Fossil Fuel Combustion,NA,Petroleum,RI,CO2,NA,NA,NA,NA,NA,NA,NA,NA,NA,NA,NA,NA,NA,NA,NA,NA,NA,NA,NA,NA,NA,NA,NA,NA,NA,NA,NA,NA,NA,NA,NA,NA,0
Energy,Fossil Fuel Combustion,NA,Petroleum,SC,CO2,NA,NA,NA,NA,NA,NA,NA,NA,NA,NA,NA,NA,NA,NA,NA,NA,NA,NA,NA,NA,NA,NA,NA,NA,NA,NA,NA,NA,NA,NA,NA,NA,0
Energy,Fossil Fuel Combustion,NA,Petroleum,SD,CO2,NA,NA,NA,NA,NA,NA,NA,NA,NA,NA,NA,NA,NA,NA,NA,NA,NA,NA,NA,NA,NA,NA,NA,NA,NA,NA,NA,NA,NA,NA,NA,NA,0
Energy,Fossil Fuel Combustion,NA,Petroleum,TN,CO2,NA,NA,NA,NA,NA,NA,NA,NA,NA,NA,NA,NA,NA,NA,NA,NA,NA,NA,NA,NA,NA,NA,NA,NA,NA,NA,NA,NA,NA,NA,NA,NA,0
Energy,Fossil Fuel Combustion,NA,Petroleum,TX,CO2,NA,NA,NA,NA,NA,NA,NA,NA,NA,NA,NA,NA,NA,NA,NA,NA,NA,NA,NA,NA,NA,NA,NA,NA,NA,NA,NA,NA,NA,NA,NA,NA,0
Energy,Fossil Fuel Combustion,NA,Petroleum,UT,CO2,NA,NA,NA,NA,NA,NA,NA,NA,NA,NA,NA,NA,NA,NA,NA,NA,NA,NA,NA,NA,NA,NA,NA,NA,NA,NA,NA,NA,NA,NA,NA,NA,0
Energy,Fossil Fuel Combustion,NA,Petroleum,VA,CO2,NA,NA,NA,NA,NA,NA,NA,NA,NA,NA,NA,NA,NA,NA,NA,NA,NA,NA,NA,NA,NA,NA,NA,NA,NA,NA,NA,NA,NA,NA,NA,NA,0
Energy,Fossil Fuel Combustion,NA,Petroleum,VT,CO2,NA,NA,NA,NA,NA,NA,NA,NA,NA,NA,NA,NA,NA,NA,NA,NA,NA,NA,NA,NA,NA,NA,NA,NA,NA,NA,NA,NA,NA,NA,NA,NA,0
Energy,Fossil Fuel Combustion,NA,Petroleum,WA,CO2,NA,NA,NA,NA,NA,NA,NA,NA,NA,NA,NA,NA,NA,NA,NA,NA,NA,NA,NA,NA,NA,NA,NA,NA,NA,NA,NA,NA,NA,NA,NA,NA,0
Energy,Fossil Fuel Combustion,NA,Petroleum,WI,CO2,NA,NA,NA,NA,NA,NA,NA,NA,NA,NA,NA,NA,NA,NA,NA,NA,NA,NA,NA,NA,NA,NA,NA,NA,NA,NA,NA,NA,NA,NA,NA,NA,0
Energy,Fossil Fuel Combustion,NA,Petroleum,WV,CO2,NA,NA,NA,NA,NA,NA,NA,NA,NA,NA,NA,NA,NA,NA,NA,NA,NA,NA,NA,NA,NA,NA,NA,NA,NA,NA,NA,NA,NA,NA,NA,NA,0
Energy,Fossil Fuel Combustion,NA,Petroleum,WY,CO2,NA,NA,NA,NA,NA,NA,NA,NA,NA,NA,NA,NA,NA,NA,NA,NA,NA,NA,NA,NA,NA,NA,NA,NA,NA,NA,NA,NA,NA,NA,NA,NA,0
Energy,Fossil Fuel Combustion,NA,Petroleum,NA,CO2,NA,NA,NA,NA,NA,NA,NA,NA,NA,NA,NA,NA,NA,NA,NA,NA,NA,NA,NA,NA,NA,NA,NA,NA,NA,NA,NA,NA,NA,NA,NA,NA,0
